mod_id	item_id	source
aces_spell_utils	aces_spell_utils:affinity_ring_hydro	aces_spell_utils-1.2.6.1-1.21.1.jar
aces_spell_utils	aces_spell_utils:affinity_ring_ritual	aces_spell_utils-1.2.6.1-1.21.1.jar
aces_spell_utils	aces_spell_utils:affinity_ring_technomancy	aces_spell_utils-1.2.6.1-1.21.1.jar
aces_spell_utils	aces_spell_utils:example_ap_magic_sword	aces_spell_utils-1.2.6.1-1.21.1.jar
aces_spell_utils	aces_spell_utils:example_ap_sword	aces_spell_utils-1.2.6.1-1.21.1.jar
aces_spell_utils	aces_spell_utils:example_curio	aces_spell_utils-1.2.6.1-1.21.1.jar
aces_spell_utils	aces_spell_utils:example_gun	aces_spell_utils-1.2.6.1-1.21.1.jar
aces_spell_utils	aces_spell_utils:example_imbue_curio	aces_spell_utils-1.2.6.1-1.21.1.jar
aces_spell_utils	aces_spell_utils:example_imbue_staff	aces_spell_utils-1.2.6.1-1.21.1.jar
aces_spell_utils	aces_spell_utils:example_loot_bag	aces_spell_utils-1.2.6.1-1.21.1.jar
aces_spell_utils	aces_spell_utils:example_passive_ability_spellbook	aces_spell_utils-1.2.6.1-1.21.1.jar
aces_spell_utils	aces_spell_utils:example_sheath	aces_spell_utils-1.2.6.1-1.21.1.jar
aces_spell_utils	aces_spell_utils:example_sheath_fixed	aces_spell_utils-1.2.6.1-1.21.1.jar
aces_spell_utils	aces_spell_utils:example_sheath_gui	aces_spell_utils-1.2.6.1-1.21.1.jar
aces_spell_utils	aces_spell_utils:example_sheath_handheld	aces_spell_utils-1.2.6.1-1.21.1.jar
aces_spell_utils	aces_spell_utils:example_staff	aces_spell_utils-1.2.6.1-1.21.1.jar
aces_spell_utils	aces_spell_utils:example_unique_passive_ability_spellbook	aces_spell_utils-1.2.6.1-1.21.1.jar
aces_spell_utils	aces_spell_utils:scroll_hydro	aces_spell_utils-1.2.6.1-1.21.1.jar
aces_spell_utils	aces_spell_utils:scroll_ritual	aces_spell_utils-1.2.6.1-1.21.1.jar
aces_spell_utils	aces_spell_utils:scroll_technomancy	aces_spell_utils-1.2.6.1-1.21.1.jar
alexsmobs	alexsmobs:acacia_blossom	alexsmobs-1.22.17.jar
alexsmobs	alexsmobs:ambergris	alexsmobs-1.22.17.jar
alexsmobs	alexsmobs:ancient_dart	alexsmobs-1.22.17.jar
alexsmobs	alexsmobs:animal_dictionary	alexsmobs-1.22.17.jar
alexsmobs	alexsmobs:banana	alexsmobs-1.22.17.jar
alexsmobs	alexsmobs:banana_peel	alexsmobs-1.22.17.jar
alexsmobs	alexsmobs:banana_slug_slime	alexsmobs-1.22.17.jar
alexsmobs	alexsmobs:banana_slug_slime_block	alexsmobs-1.22.17.jar
alexsmobs	alexsmobs:banner_pattern_australia_0	alexsmobs-1.22.17.jar
alexsmobs	alexsmobs:banner_pattern_australia_1	alexsmobs-1.22.17.jar
alexsmobs	alexsmobs:banner_pattern_bear	alexsmobs-1.22.17.jar
alexsmobs	alexsmobs:banner_pattern_brazil	alexsmobs-1.22.17.jar
alexsmobs	alexsmobs:banner_pattern_new_mexico	alexsmobs-1.22.17.jar
alexsmobs	alexsmobs:bear_dust	alexsmobs-1.22.17.jar
alexsmobs	alexsmobs:bear_fur	alexsmobs-1.22.17.jar
alexsmobs	alexsmobs:bison_carpet	alexsmobs-1.22.17.jar
alexsmobs	alexsmobs:bison_fur	alexsmobs-1.22.17.jar
alexsmobs	alexsmobs:bison_fur_block	alexsmobs-1.22.17.jar
alexsmobs	alexsmobs:blobfish	alexsmobs-1.22.17.jar
alexsmobs	alexsmobs:blobfish_bucket	alexsmobs-1.22.17.jar
alexsmobs	alexsmobs:blood_gun_empty	alexsmobs-1.22.17.jar
alexsmobs	alexsmobs:blood_sac	alexsmobs-1.22.17.jar
alexsmobs	alexsmobs:blood_sprayer	alexsmobs-1.22.17.jar
alexsmobs	alexsmobs:blood_sprayer_empty	alexsmobs-1.22.17.jar
alexsmobs	alexsmobs:boiled_emu_egg	alexsmobs-1.22.17.jar
alexsmobs	alexsmobs:bone_serpent_tooth	alexsmobs-1.22.17.jar
alexsmobs	alexsmobs:cachalot_whale_tooth	alexsmobs-1.22.17.jar
alexsmobs	alexsmobs:caiman_egg	alexsmobs-1.22.17.jar
alexsmobs	alexsmobs:capsid	alexsmobs-1.22.17.jar
alexsmobs	alexsmobs:centipede_leg	alexsmobs-1.22.17.jar
alexsmobs	alexsmobs:centipede_leggings	alexsmobs-1.22.17.jar
alexsmobs	alexsmobs:chorus_on_a_stick	alexsmobs-1.22.17.jar
alexsmobs	alexsmobs:cockroach_ootheca	alexsmobs-1.22.17.jar
alexsmobs	alexsmobs:cockroach_wing	alexsmobs-1.22.17.jar
alexsmobs	alexsmobs:cockroach_wing_fragment	alexsmobs-1.22.17.jar
alexsmobs	alexsmobs:comb_jelly_bucket	alexsmobs-1.22.17.jar
alexsmobs	alexsmobs:cooked_catfish	alexsmobs-1.22.17.jar
alexsmobs	alexsmobs:cooked_kangaroo_meat	alexsmobs-1.22.17.jar
alexsmobs	alexsmobs:cooked_lobster_tail	alexsmobs-1.22.17.jar
alexsmobs	alexsmobs:cooked_moose_ribs	alexsmobs-1.22.17.jar
alexsmobs	alexsmobs:cosmic_cod	alexsmobs-1.22.17.jar
alexsmobs	alexsmobs:cosmic_cod_bucket	alexsmobs-1.22.17.jar
alexsmobs	alexsmobs:crocodile_chestplate	alexsmobs-1.22.17.jar
alexsmobs	alexsmobs:crocodile_egg	alexsmobs-1.22.17.jar
alexsmobs	alexsmobs:crocodile_scute	alexsmobs-1.22.17.jar
alexsmobs	alexsmobs:crystalized_banana_slug_mucus	alexsmobs-1.22.17.jar
alexsmobs	alexsmobs:devils_hole_pupfish_bucket	alexsmobs-1.22.17.jar
alexsmobs	alexsmobs:dimensional_carver	alexsmobs-1.22.17.jar
alexsmobs	alexsmobs:dimensional_carver_shard_0	alexsmobs-1.22.17.jar
alexsmobs	alexsmobs:dimensional_carver_shard_1	alexsmobs-1.22.17.jar
alexsmobs	alexsmobs:dimensional_carver_shard_10	alexsmobs-1.22.17.jar
alexsmobs	alexsmobs:dimensional_carver_shard_2	alexsmobs-1.22.17.jar
alexsmobs	alexsmobs:dimensional_carver_shard_3	alexsmobs-1.22.17.jar
alexsmobs	alexsmobs:dimensional_carver_shard_4	alexsmobs-1.22.17.jar
alexsmobs	alexsmobs:dimensional_carver_shard_5	alexsmobs-1.22.17.jar
alexsmobs	alexsmobs:dimensional_carver_shard_6	alexsmobs-1.22.17.jar
alexsmobs	alexsmobs:dimensional_carver_shard_7	alexsmobs-1.22.17.jar
alexsmobs	alexsmobs:dimensional_carver_shard_8	alexsmobs-1.22.17.jar
alexsmobs	alexsmobs:dimensional_carver_shard_9	alexsmobs-1.22.17.jar
alexsmobs	alexsmobs:dropbear_claw	alexsmobs-1.22.17.jar
alexsmobs	alexsmobs:echolocator	alexsmobs-1.22.17.jar
alexsmobs	alexsmobs:elastic_tendon	alexsmobs-1.22.17.jar
alexsmobs	alexsmobs:emu_egg	alexsmobs-1.22.17.jar
alexsmobs	alexsmobs:emu_feather	alexsmobs-1.22.17.jar
alexsmobs	alexsmobs:emu_leggings	alexsmobs-1.22.17.jar
alexsmobs	alexsmobs:end_pirate_anchor	alexsmobs-1.22.17.jar
alexsmobs	alexsmobs:end_pirate_anchor_winch	alexsmobs-1.22.17.jar
alexsmobs	alexsmobs:end_pirate_door	alexsmobs-1.22.17.jar
alexsmobs	alexsmobs:end_pirate_flag	alexsmobs-1.22.17.jar
alexsmobs	alexsmobs:end_pirate_ship_wheel	alexsmobs-1.22.17.jar
alexsmobs	alexsmobs:end_pirate_trapdoor	alexsmobs-1.22.17.jar
alexsmobs	alexsmobs:ender_residue	alexsmobs-1.22.17.jar
alexsmobs	alexsmobs:enderiophage_rocket	alexsmobs-1.22.17.jar
alexsmobs	alexsmobs:endolocator	alexsmobs-1.22.17.jar
alexsmobs	alexsmobs:falconry_glove	alexsmobs-1.22.17.jar
alexsmobs	alexsmobs:falconry_glove_hand	alexsmobs-1.22.17.jar
alexsmobs	alexsmobs:falconry_glove_inventory	alexsmobs-1.22.17.jar
alexsmobs	alexsmobs:falconry_hood	alexsmobs-1.22.17.jar
alexsmobs	alexsmobs:farseer_arm	alexsmobs-1.22.17.jar
alexsmobs	alexsmobs:fedora	alexsmobs-1.22.17.jar
alexsmobs	alexsmobs:fish_bones	alexsmobs-1.22.17.jar
alexsmobs	alexsmobs:fish_oil	alexsmobs-1.22.17.jar
alexsmobs	alexsmobs:flying_fish	alexsmobs-1.22.17.jar
alexsmobs	alexsmobs:flying_fish_boots	alexsmobs-1.22.17.jar
alexsmobs	alexsmobs:flying_fish_bucket	alexsmobs-1.22.17.jar
alexsmobs	alexsmobs:frilled_shark_bucket	alexsmobs-1.22.17.jar
alexsmobs	alexsmobs:frontier_cap	alexsmobs-1.22.17.jar
alexsmobs	alexsmobs:froststalker_helmet	alexsmobs-1.22.17.jar
alexsmobs	alexsmobs:froststalker_horn	alexsmobs-1.22.17.jar
alexsmobs	alexsmobs:gazelle_horn	alexsmobs-1.22.17.jar
alexsmobs	alexsmobs:ghostly_pickaxe	alexsmobs-1.22.17.jar
alexsmobs	alexsmobs:gongylidia	alexsmobs-1.22.17.jar
alexsmobs	alexsmobs:guster_eye	alexsmobs-1.22.17.jar
alexsmobs	alexsmobs:gustmaker	alexsmobs-1.22.17.jar
alexsmobs	alexsmobs:halo	alexsmobs-1.22.17.jar
alexsmobs	alexsmobs:hemolymph_blaster	alexsmobs-1.22.17.jar
alexsmobs	alexsmobs:hemolymph_blaster_empty	alexsmobs-1.22.17.jar
alexsmobs	alexsmobs:hemolymph_sac	alexsmobs-1.22.17.jar
alexsmobs	alexsmobs:hummingbird_feeder	alexsmobs-1.22.17.jar
alexsmobs	alexsmobs:kangaroo_burger	alexsmobs-1.22.17.jar
alexsmobs	alexsmobs:kangaroo_hide	alexsmobs-1.22.17.jar
alexsmobs	alexsmobs:kangaroo_meat	alexsmobs-1.22.17.jar
alexsmobs	alexsmobs:komodo_spit	alexsmobs-1.22.17.jar
alexsmobs	alexsmobs:komodo_spit_bottle	alexsmobs-1.22.17.jar
alexsmobs	alexsmobs:large_catfish_bucket	alexsmobs-1.22.17.jar
alexsmobs	alexsmobs:lava_bottle	alexsmobs-1.22.17.jar
alexsmobs	alexsmobs:leafcutter_ant_chamber	alexsmobs-1.22.17.jar
alexsmobs	alexsmobs:leafcutter_ant_pupa	alexsmobs-1.22.17.jar
alexsmobs	alexsmobs:leafcutter_anthill	alexsmobs-1.22.17.jar
alexsmobs	alexsmobs:lobster_bucket	alexsmobs-1.22.17.jar
alexsmobs	alexsmobs:lobster_tail	alexsmobs-1.22.17.jar
alexsmobs	alexsmobs:lost_tentacle	alexsmobs-1.22.17.jar
alexsmobs	alexsmobs:maggot	alexsmobs-1.22.17.jar
alexsmobs	alexsmobs:maraca	alexsmobs-1.22.17.jar
alexsmobs	alexsmobs:medium_catfish_bucket	alexsmobs-1.22.17.jar
alexsmobs	alexsmobs:mimic_octopus_bucket	alexsmobs-1.22.17.jar
alexsmobs	alexsmobs:mimicream	alexsmobs-1.22.17.jar
alexsmobs	alexsmobs:moose_antler	alexsmobs-1.22.17.jar
alexsmobs	alexsmobs:moose_headgear	alexsmobs-1.22.17.jar
alexsmobs	alexsmobs:moose_ribs	alexsmobs-1.22.17.jar
alexsmobs	alexsmobs:mosquito_larva	alexsmobs-1.22.17.jar
alexsmobs	alexsmobs:mosquito_proboscis	alexsmobs-1.22.17.jar
alexsmobs	alexsmobs:mosquito_repellent_stew	alexsmobs-1.22.17.jar
alexsmobs	alexsmobs:mudskipper_bucket	alexsmobs-1.22.17.jar
alexsmobs	alexsmobs:mungal_spores	alexsmobs-1.22.17.jar
alexsmobs	alexsmobs:music_disc_daze	alexsmobs-1.22.17.jar
alexsmobs	alexsmobs:music_disc_thime	alexsmobs-1.22.17.jar
alexsmobs	alexsmobs:mysterious_worm	alexsmobs-1.22.17.jar
alexsmobs	alexsmobs:novelty_hat	alexsmobs-1.22.17.jar
alexsmobs	alexsmobs:phantom_sail	alexsmobs-1.22.17.jar
alexsmobs	alexsmobs:pigshoes	alexsmobs-1.22.17.jar
alexsmobs	alexsmobs:platypus_bucket	alexsmobs-1.22.17.jar
alexsmobs	alexsmobs:platypus_egg	alexsmobs-1.22.17.jar
alexsmobs	alexsmobs:pocket_sand	alexsmobs-1.22.17.jar
alexsmobs	alexsmobs:poison_bottle	alexsmobs-1.22.17.jar
alexsmobs	alexsmobs:potted_flutter	alexsmobs-1.22.17.jar
alexsmobs	alexsmobs:pupfish_locator	alexsmobs-1.22.17.jar
alexsmobs	alexsmobs:pupfish_locator_in_chunk	alexsmobs-1.22.17.jar
alexsmobs	alexsmobs:purpur_planks	alexsmobs-1.22.17.jar
alexsmobs	alexsmobs:purpur_planks_slab	alexsmobs-1.22.17.jar
alexsmobs	alexsmobs:purpur_planks_stairs	alexsmobs-1.22.17.jar
alexsmobs	alexsmobs:purpur_planks_wall	alexsmobs-1.22.17.jar
alexsmobs	alexsmobs:raccoon_tail	alexsmobs-1.22.17.jar
alexsmobs	alexsmobs:rainbow_glass	alexsmobs-1.22.17.jar
alexsmobs	alexsmobs:rainbow_jelly	alexsmobs-1.22.17.jar
alexsmobs	alexsmobs:rattlesnake_rattle	alexsmobs-1.22.17.jar
alexsmobs	alexsmobs:raw_catfish	alexsmobs-1.22.17.jar
alexsmobs	alexsmobs:red_sand_circle	alexsmobs-1.22.17.jar
alexsmobs	alexsmobs:roadrunner_boots	alexsmobs-1.22.17.jar
alexsmobs	alexsmobs:roadrunner_feather	alexsmobs-1.22.17.jar
alexsmobs	alexsmobs:rocky_chestplate	alexsmobs-1.22.17.jar
alexsmobs	alexsmobs:rocky_shell	alexsmobs-1.22.17.jar
alexsmobs	alexsmobs:sand_circle	alexsmobs-1.22.17.jar
alexsmobs	alexsmobs:sculk_boomer	alexsmobs-1.22.17.jar
alexsmobs	alexsmobs:serrated_shark_tooth	alexsmobs-1.22.17.jar
alexsmobs	alexsmobs:shark_tooth	alexsmobs-1.22.17.jar
alexsmobs	alexsmobs:shark_tooth_arrow	alexsmobs-1.22.17.jar
alexsmobs	alexsmobs:shattered_dimensional_carver	alexsmobs-1.22.17.jar
alexsmobs	alexsmobs:shed_snake_skin	alexsmobs-1.22.17.jar
alexsmobs	alexsmobs:shield_of_the_deep	alexsmobs-1.22.17.jar
alexsmobs	alexsmobs:shield_of_the_deep_blocking	alexsmobs-1.22.17.jar
alexsmobs	alexsmobs:shrimp_fried_rice	alexsmobs-1.22.17.jar
alexsmobs	alexsmobs:skelewag_sword	alexsmobs-1.22.17.jar
alexsmobs	alexsmobs:skelewag_sword_blocking	alexsmobs-1.22.17.jar
alexsmobs	alexsmobs:skelewag_sword_hand	alexsmobs-1.22.17.jar
alexsmobs	alexsmobs:skelewag_sword_inventory	alexsmobs-1.22.17.jar
alexsmobs	alexsmobs:skreecher_soul	alexsmobs-1.22.17.jar
alexsmobs	alexsmobs:skunk_spray	alexsmobs-1.22.17.jar
alexsmobs	alexsmobs:small_catfish_bucket	alexsmobs-1.22.17.jar
alexsmobs	alexsmobs:sombrero	alexsmobs-1.22.17.jar
alexsmobs	alexsmobs:sombrero_upside_down	alexsmobs-1.22.17.jar
alexsmobs	alexsmobs:sopa_de_macaco	alexsmobs-1.22.17.jar
alexsmobs	alexsmobs:soul_heart	alexsmobs-1.22.17.jar
alexsmobs	alexsmobs:spectre_sail	alexsmobs-1.22.17.jar
alexsmobs	alexsmobs:spiked_scute	alexsmobs-1.22.17.jar
alexsmobs	alexsmobs:spiked_turtle_shell	alexsmobs-1.22.17.jar
alexsmobs	alexsmobs:squid_grapple	alexsmobs-1.22.17.jar
alexsmobs	alexsmobs:stink_bottle	alexsmobs-1.22.17.jar
alexsmobs	alexsmobs:stink_ray	alexsmobs-1.22.17.jar
alexsmobs	alexsmobs:stink_ray_empty_hand	alexsmobs-1.22.17.jar
alexsmobs	alexsmobs:stink_ray_empty_inventory	alexsmobs-1.22.17.jar
alexsmobs	alexsmobs:stink_ray_hand	alexsmobs-1.22.17.jar
alexsmobs	alexsmobs:stink_ray_hand_base	alexsmobs-1.22.17.jar
alexsmobs	alexsmobs:stink_ray_inventory	alexsmobs-1.22.17.jar
alexsmobs	alexsmobs:straddle_helmet	alexsmobs-1.22.17.jar
alexsmobs	alexsmobs:straddle_saddle	alexsmobs-1.22.17.jar
alexsmobs	alexsmobs:straddleboard	alexsmobs-1.22.17.jar
alexsmobs	alexsmobs:straddlite	alexsmobs-1.22.17.jar
alexsmobs	alexsmobs:straddlite_block	alexsmobs-1.22.17.jar
alexsmobs	alexsmobs:stradpole_bucket	alexsmobs-1.22.17.jar
alexsmobs	alexsmobs:tab_icon	alexsmobs-1.22.17.jar
alexsmobs	alexsmobs:tarantula_hawk_elytra	alexsmobs-1.22.17.jar
alexsmobs	alexsmobs:tarantula_hawk_elytra_broken	alexsmobs-1.22.17.jar
alexsmobs	alexsmobs:tarantula_hawk_wing	alexsmobs-1.22.17.jar
alexsmobs	alexsmobs:tarantula_hawk_wing_fragment	alexsmobs-1.22.17.jar
alexsmobs	alexsmobs:tendon_whip	alexsmobs-1.22.17.jar
alexsmobs	alexsmobs:tendon_whip_active	alexsmobs-1.22.17.jar
alexsmobs	alexsmobs:terrapin_bucket	alexsmobs-1.22.17.jar
alexsmobs	alexsmobs:terrapin_egg	alexsmobs-1.22.17.jar
alexsmobs	alexsmobs:transmutation_table	alexsmobs-1.22.17.jar
alexsmobs	alexsmobs:triops_bucket	alexsmobs-1.22.17.jar
alexsmobs	alexsmobs:triops_eggs	alexsmobs-1.22.17.jar
alexsmobs	alexsmobs:unsettling_kimono	alexsmobs-1.22.17.jar
alexsmobs	alexsmobs:vine_lasso	alexsmobs-1.22.17.jar
alexsmobs	alexsmobs:vine_lasso_hand	alexsmobs-1.22.17.jar
alexsmobs	alexsmobs:vine_lasso_inventory	alexsmobs-1.22.17.jar
alexsmobs	alexsmobs:void_worm_beak	alexsmobs-1.22.17.jar
alexsmobs	alexsmobs:void_worm_effigy	alexsmobs-1.22.17.jar
alexsmobs	alexsmobs:void_worm_eye	alexsmobs-1.22.17.jar
alexsmobs	alexsmobs:void_worm_mandible	alexsmobs-1.22.17.jar
alexsmobs	alexsmobs:warped_mixture	alexsmobs-1.22.17.jar
alexsmobs	alexsmobs:warped_muscle	alexsmobs-1.22.17.jar
ancientreforging	ancientreforging:ancient_material	ancientreforging-1.8.4.jar
ancientreforging	ancientreforging:ancient_reforging_table	ancientreforging-1.8.4.jar
apotheosis	apotheosis:augmenting_table	Apotheosis-1.21.1-8.5.4.jar
apotheosis	apotheosis:book	Apotheosis-1.21.1-8.5.4.jar
apotheosis	apotheosis:common_material	Apotheosis-1.21.1-8.5.4.jar
apotheosis	apotheosis:diamond_upgrade_smithing_template	Apotheosis-1.21.1-8.5.4.jar
apotheosis	apotheosis:ender_gem_case	Apotheosis-1.21.1-8.5.4.jar
apotheosis	apotheosis:ender_lead	Apotheosis-1.21.1-8.5.4.jar
apotheosis	apotheosis:epic_material	Apotheosis-1.21.1-8.5.4.jar
apotheosis	apotheosis:gem	Apotheosis-1.21.1-8.5.4.jar
apotheosis	apotheosis:gem_case	Apotheosis-1.21.1-8.5.4.jar
apotheosis	apotheosis:gem_cutting_table	Apotheosis-1.21.1-8.5.4.jar
apotheosis	apotheosis:gem_dust	Apotheosis-1.21.1-8.5.4.jar
apotheosis	apotheosis:gem_fused_slate	Apotheosis-1.21.1-8.5.4.jar
apotheosis	apotheosis:gems/blood	irons_spellbooks.jar
apotheosis	apotheosis:gems/blood	irons_spellbooks-1.21.1-3.16.1.jar
apotheosis	apotheosis:gems/cast_time	irons_spellbooks.jar
apotheosis	apotheosis:gems/cast_time	irons_spellbooks-1.21.1-3.16.1.jar
apotheosis	apotheosis:gems/cooldown	irons_spellbooks.jar
apotheosis	apotheosis:gems/cooldown	irons_spellbooks-1.21.1-3.16.1.jar
apotheosis	apotheosis:gems/core/ballast	Apotheosis-1.21.1-8.5.4.jar
apotheosis	apotheosis:gems/core/bloody_pearl	irons_apothic-2.2.0.jar
apotheosis	apotheosis:gems/core/brawlers	Apotheosis-1.21.1-8.5.4.jar
apotheosis	apotheosis:gems/core/breach	Apotheosis-1.21.1-8.5.4.jar
apotheosis	apotheosis:gems/core/celsius_tear	irons_apothic-2.2.0.jar
apotheosis	apotheosis:gems/core/charged_lodestone	irons_apothic-2.2.0.jar
apotheosis	apotheosis:gems/core/combatant	Apotheosis-1.21.1-8.5.4.jar
apotheosis	apotheosis:gems/core/dragonfire_spessartite	irons_apothic-2.2.0.jar
apotheosis	apotheosis:gems/core/effervescent_brimstone	irons_apothic-2.2.0.jar
apotheosis	apotheosis:gems/core/golems_onyx	irons_apothic-2.2.0.jar
apotheosis	apotheosis:gems/core/guardian	Apotheosis-1.21.1-8.5.4.jar
apotheosis	apotheosis:gems/core/lightning	Apotheosis-1.21.1-8.5.4.jar
apotheosis	apotheosis:gems/core/luminous_opal	irons_apothic-2.2.0.jar
apotheosis	apotheosis:gems/core/lunar	Apotheosis-1.21.1-8.5.4.jar
apotheosis	apotheosis:gems/core/mossy_agate	irons_apothic-2.2.0.jar
apotheosis	apotheosis:gems/core/samurai	Apotheosis-1.21.1-8.5.4.jar
apotheosis	apotheosis:gems/core/slipstream	Apotheosis-1.21.1-8.5.4.jar
apotheosis	apotheosis:gems/core/solar	Apotheosis-1.21.1-8.5.4.jar
apotheosis	apotheosis:gems/core/splendor	Apotheosis-1.21.1-8.5.4.jar
apotheosis	apotheosis:gems/core/tyrannical	Apotheosis-1.21.1-8.5.4.jar
apotheosis	apotheosis:gems/core/void_umbalite	irons_apothic-2.2.0.jar
apotheosis	apotheosis:gems/core/warlord	Apotheosis-1.21.1-8.5.4.jar
apotheosis	apotheosis:gems/core/whispering_tentaculite	irons_apothic-2.2.0.jar
apotheosis	apotheosis:gems/ender	irons_spellbooks.jar
apotheosis	apotheosis:gems/ender	irons_spellbooks-1.21.1-3.16.1.jar
apotheosis	apotheosis:gems/evocation	irons_spellbooks.jar
apotheosis	apotheosis:gems/evocation	irons_spellbooks-1.21.1-3.16.1.jar
apotheosis	apotheosis:gems/external/aeolian_celestite	irons_apothic-2.2.0.jar
apotheosis	apotheosis:gems/external/amethyst_lotus	irons_apothic-2.2.0.jar
apotheosis	apotheosis:gems/external/arcanists_edge	irons_apothic-2.2.0.jar
apotheosis	apotheosis:gems/external/deepsea_heartstone	irons_apothic-2.2.0.jar
apotheosis	apotheosis:gems/external/goetic_stibnite	irons_apothic-2.2.0.jar
apotheosis	apotheosis:gems/external/harmonic_geode	irons_apothic-2.2.0.jar
apotheosis	apotheosis:gems/external/lithographic_moissanite	irons_apothic-2.2.0.jar
apotheosis	apotheosis:gems/external/mycotoxin_crystal	irons_apothic-2.2.0.jar
apotheosis	apotheosis:gems/external/resonant_quartz	irons_apothic-2.2.0.jar
apotheosis	apotheosis:gems/external/sepulchral_howlite	irons_apothic-2.2.0.jar
apotheosis	apotheosis:gems/external/sirens_aquamarine	irons_apothic-2.2.0.jar
apotheosis	apotheosis:gems/external/sky_meteoritill	irons_apothic-2.2.0.jar
apotheosis	apotheosis:gems/external/umbral_obsidian	irons_apothic-2.2.0.jar
apotheosis	apotheosis:gems/fire	irons_spellbooks.jar
apotheosis	apotheosis:gems/fire	irons_spellbooks-1.21.1-3.16.1.jar
apotheosis	apotheosis:gems/holy	irons_spellbooks.jar
apotheosis	apotheosis:gems/holy	irons_spellbooks-1.21.1-3.16.1.jar
apotheosis	apotheosis:gems/ice	irons_spellbooks.jar
apotheosis	apotheosis:gems/ice	irons_spellbooks-1.21.1-3.16.1.jar
apotheosis	apotheosis:gems/intelligent	irons_spellbooks.jar
apotheosis	apotheosis:gems/intelligent	irons_spellbooks-1.21.1-3.16.1.jar
apotheosis	apotheosis:gems/lightning	irons_spellbooks.jar
apotheosis	apotheosis:gems/lightning	irons_spellbooks-1.21.1-3.16.1.jar
apotheosis	apotheosis:gems/nature	irons_spellbooks.jar
apotheosis	apotheosis:gems/nature	irons_spellbooks-1.21.1-3.16.1.jar
apotheosis	apotheosis:gems/overworld/earth	Apotheosis-1.21.1-8.5.4.jar
apotheosis	apotheosis:gems/overworld/royalty	Apotheosis-1.21.1-8.5.4.jar
apotheosis	apotheosis:gems/overworld/verdant_ruin	Apotheosis-1.21.1-8.5.4.jar
apotheosis	apotheosis:gems/spell_resist	irons_spellbooks.jar
apotheosis	apotheosis:gems/spell_resist	irons_spellbooks-1.21.1-3.16.1.jar
apotheosis	apotheosis:gems/summoning	irons_spellbooks.jar
apotheosis	apotheosis:gems/summoning	irons_spellbooks-1.21.1-3.16.1.jar
apotheosis	apotheosis:gems/the_end/endersurge	Apotheosis-1.21.1-8.5.4.jar
apotheosis	apotheosis:gems/the_end/mageslayer	Apotheosis-1.21.1-8.5.4.jar
apotheosis	apotheosis:gems/the_nether/blood_lord	Apotheosis-1.21.1-8.5.4.jar
apotheosis	apotheosis:gems/the_nether/inferno	Apotheosis-1.21.1-8.5.4.jar
apotheosis	apotheosis:gems/the_nether/molten_breach	Apotheosis-1.21.1-8.5.4.jar
apotheosis	apotheosis:gems/twilight/forest	Apotheosis-1.21.1-8.5.4.jar
apotheosis	apotheosis:gems/twilight/queen	Apotheosis-1.21.1-8.5.4.jar
apotheosis	apotheosis:gold_upgrade_smithing_template	Apotheosis-1.21.1-8.5.4.jar
apotheosis	apotheosis:hammer	Apotheosis-1.21.1-8.5.4.jar
apotheosis	apotheosis:iron_upgrade_smithing_template	Apotheosis-1.21.1-8.5.4.jar
apotheosis	apotheosis:lucky_foot	Apotheosis-1.21.1-8.5.4.jar
apotheosis	apotheosis:music_disc_flash	Apotheosis-1.21.1-8.5.4.jar
apotheosis	apotheosis:music_disc_glimmer	Apotheosis-1.21.1-8.5.4.jar
apotheosis	apotheosis:music_disc_shimmer	Apotheosis-1.21.1-8.5.4.jar
apotheosis	apotheosis:mythic_material	Apotheosis-1.21.1-8.5.4.jar
apotheosis	apotheosis:potion_charm	Apotheosis-1.21.1-8.5.4.jar
apotheosis	apotheosis:potion_charm_glow	Apotheosis-1.21.1-8.5.4.jar
apotheosis	apotheosis:rare_material	Apotheosis-1.21.1-8.5.4.jar
apotheosis	apotheosis:reforging_table	Apotheosis-1.21.1-8.5.4.jar
apotheosis	apotheosis:salvaging_table	Apotheosis-1.21.1-8.5.4.jar
apotheosis	apotheosis:sigil_of_enhancement	Apotheosis-1.21.1-8.5.4.jar
apotheosis	apotheosis:sigil_of_malice	Apotheosis-1.21.1-8.5.4.jar
apotheosis	apotheosis:sigil_of_rebirth	Apotheosis-1.21.1-8.5.4.jar
apotheosis	apotheosis:sigil_of_socketing	Apotheosis-1.21.1-8.5.4.jar
apotheosis	apotheosis:sigil_of_supremacy	Apotheosis-1.21.1-8.5.4.jar
apotheosis	apotheosis:sigil_of_unnaming	Apotheosis-1.21.1-8.5.4.jar
apotheosis	apotheosis:sigil_of_withdrawal	Apotheosis-1.21.1-8.5.4.jar
apotheosis	apotheosis:simple_reforging_table	Apotheosis-1.21.1-8.5.4.jar
apotheosis	apotheosis:star_cube	Apotheosis-1.21.1-8.5.4.jar
apotheosis	apotheosis:uncommon_material	Apotheosis-1.21.1-8.5.4.jar
apothic_enchanting	apothic_enchanting:beeshelf	ApothicEnchanting-1.21.1-1.5.3.jar
apothic_enchanting	apothic_enchanting:blazing_hellshelf	ApothicEnchanting-1.21.1-1.5.3.jar
apothic_enchanting	apothic_enchanting:boots_tome	ApothicEnchanting-1.21.1-1.5.3.jar
apothic_enchanting	apothic_enchanting:bow_tome	ApothicEnchanting-1.21.1-1.5.3.jar
apothic_enchanting	apothic_enchanting:chestplate_tome	ApothicEnchanting-1.21.1-1.5.3.jar
apothic_enchanting	apothic_enchanting:crystal_seashelf	ApothicEnchanting-1.21.1-1.5.3.jar
apothic_enchanting	apothic_enchanting:deepshelf	ApothicEnchanting-1.21.1-1.5.3.jar
apothic_enchanting	apothic_enchanting:dormant_deepshelf	ApothicEnchanting-1.21.1-1.5.3.jar
apothic_enchanting	apothic_enchanting:draconic_endshelf	ApothicEnchanting-1.21.1-1.5.3.jar
apothic_enchanting	apothic_enchanting:echoing_deepshelf	ApothicEnchanting-1.21.1-1.5.3.jar
apothic_enchanting	apothic_enchanting:echoing_sculkshelf	ApothicEnchanting-1.21.1-1.5.3.jar
apothic_enchanting	apothic_enchanting:ender_lead	ApothicEnchanting-1.21.1-1.5.3.jar
apothic_enchanting	apothic_enchanting:ender_library	ApothicEnchanting-1.21.1-1.5.3.jar
apothic_enchanting	apothic_enchanting:endshelf	ApothicEnchanting-1.21.1-1.5.3.jar
apothic_enchanting	apothic_enchanting:extraction_tome	ApothicEnchanting-1.21.1-1.5.3.jar
apothic_enchanting	apothic_enchanting:filtering_shelf	ApothicEnchanting-1.21.1-1.5.3.jar
apothic_enchanting	apothic_enchanting:fishing_tome	ApothicEnchanting-1.21.1-1.5.3.jar
apothic_enchanting	apothic_enchanting:flimsy_ender_lead	ApothicEnchanting-1.21.1-1.5.3.jar
apothic_enchanting	apothic_enchanting:geode_shelf	ApothicEnchanting-1.21.1-1.5.3.jar
apothic_enchanting	apothic_enchanting:glowing_hellshelf	ApothicEnchanting-1.21.1-1.5.3.jar
apothic_enchanting	apothic_enchanting:heart_seashelf	ApothicEnchanting-1.21.1-1.5.3.jar
apothic_enchanting	apothic_enchanting:hellshelf	ApothicEnchanting-1.21.1-1.5.3.jar
apothic_enchanting	apothic_enchanting:helmet_tome	ApothicEnchanting-1.21.1-1.5.3.jar
apothic_enchanting	apothic_enchanting:improved_scrap_tome	ApothicEnchanting-1.21.1-1.5.3.jar
apothic_enchanting	apothic_enchanting:inert_trident	ApothicEnchanting-1.21.1-1.5.3.jar
apothic_enchanting	apothic_enchanting:infused_breath	ApothicEnchanting-1.21.1-1.5.3.jar
apothic_enchanting	apothic_enchanting:infused_deepshelf	ApothicEnchanting-1.21.1-1.5.3.jar
apothic_enchanting	apothic_enchanting:infused_endshelf	ApothicEnchanting-1.21.1-1.5.3.jar
apothic_enchanting	apothic_enchanting:infused_hellshelf	ApothicEnchanting-1.21.1-1.5.3.jar
apothic_enchanting	apothic_enchanting:infused_seashelf	ApothicEnchanting-1.21.1-1.5.3.jar
apothic_enchanting	apothic_enchanting:leggings_tome	ApothicEnchanting-1.21.1-1.5.3.jar
apothic_enchanting	apothic_enchanting:library	ApothicEnchanting-1.21.1-1.5.3.jar
apothic_enchanting	apothic_enchanting:melonshelf	ApothicEnchanting-1.21.1-1.5.3.jar
apothic_enchanting	apothic_enchanting:music_disc_arcana	ApothicEnchanting-1.21.1-1.5.3.jar
apothic_enchanting	apothic_enchanting:music_disc_eterna	ApothicEnchanting-1.21.1-1.5.3.jar
apothic_enchanting	apothic_enchanting:music_disc_quanta	ApothicEnchanting-1.21.1-1.5.3.jar
apothic_enchanting	apothic_enchanting:occult_ender_lead	ApothicEnchanting-1.21.1-1.5.3.jar
apothic_enchanting	apothic_enchanting:other_tome	ApothicEnchanting-1.21.1-1.5.3.jar
apothic_enchanting	apothic_enchanting:pearl_endshelf	ApothicEnchanting-1.21.1-1.5.3.jar
apothic_enchanting	apothic_enchanting:pickaxe_tome	ApothicEnchanting-1.21.1-1.5.3.jar
apothic_enchanting	apothic_enchanting:prismatic_web	ApothicEnchanting-1.21.1-1.5.3.jar
apothic_enchanting	apothic_enchanting:scrap_tome	ApothicEnchanting-1.21.1-1.5.3.jar
apothic_enchanting	apothic_enchanting:seashelf	ApothicEnchanting-1.21.1-1.5.3.jar
apothic_enchanting	apothic_enchanting:sightshelf	ApothicEnchanting-1.21.1-1.5.3.jar
apothic_enchanting	apothic_enchanting:sightshelf_t2	ApothicEnchanting-1.21.1-1.5.3.jar
apothic_enchanting	apothic_enchanting:soul_touched_deepshelf	ApothicEnchanting-1.21.1-1.5.3.jar
apothic_enchanting	apothic_enchanting:soul_touched_sculkshelf	ApothicEnchanting-1.21.1-1.5.3.jar
apothic_enchanting	apothic_enchanting:stoneshelf	ApothicEnchanting-1.21.1-1.5.3.jar
apothic_enchanting	apothic_enchanting:treasure_shelf	ApothicEnchanting-1.21.1-1.5.3.jar
apothic_enchanting	apothic_enchanting:warden_tendril	ApothicEnchanting-1.21.1-1.5.3.jar
apothic_enchanting	apothic_enchanting:weapon_tome	ApothicEnchanting-1.21.1-1.5.3.jar
biomesoplenty	biomesoplenty:algal_end_stone	BiomesOPlenty-neoforge-1.21.1-21.1.0.14.jar
biomesoplenty	biomesoplenty:anomaly	BiomesOPlenty-neoforge-1.21.1-21.1.0.14.jar
biomesoplenty	biomesoplenty:barley	BiomesOPlenty-neoforge-1.21.1-21.1.0.14.jar
biomesoplenty	biomesoplenty:barnacles	BiomesOPlenty-neoforge-1.21.1-21.1.0.14.jar
biomesoplenty	biomesoplenty:black_sand	BiomesOPlenty-neoforge-1.21.1-21.1.0.14.jar
biomesoplenty	biomesoplenty:black_sandstone	BiomesOPlenty-neoforge-1.21.1-21.1.0.14.jar
biomesoplenty	biomesoplenty:black_sandstone_slab	BiomesOPlenty-neoforge-1.21.1-21.1.0.14.jar
biomesoplenty	biomesoplenty:black_sandstone_stairs	BiomesOPlenty-neoforge-1.21.1-21.1.0.14.jar
biomesoplenty	biomesoplenty:black_sandstone_wall	BiomesOPlenty-neoforge-1.21.1-21.1.0.14.jar
biomesoplenty	biomesoplenty:blackstone_bulb	BiomesOPlenty-neoforge-1.21.1-21.1.0.14.jar
biomesoplenty	biomesoplenty:blackstone_spines	BiomesOPlenty-neoforge-1.21.1-21.1.0.14.jar
biomesoplenty	biomesoplenty:blood	BiomesOPlenty-neoforge-1.21.1-21.1.0.14.jar
biomesoplenty	biomesoplenty:blood_bucket	BiomesOPlenty-neoforge-1.21.1-21.1.0.14.jar
biomesoplenty	biomesoplenty:blue_hydrangea	BiomesOPlenty-neoforge-1.21.1-21.1.0.14.jar
biomesoplenty	biomesoplenty:bop_icon	BiomesOPlenty-neoforge-1.21.1-21.1.0.14.jar
biomesoplenty	biomesoplenty:bramble	BiomesOPlenty-neoforge-1.21.1-21.1.0.14.jar
biomesoplenty	biomesoplenty:bramble_leaves	BiomesOPlenty-neoforge-1.21.1-21.1.0.14.jar
biomesoplenty	biomesoplenty:brimstone	BiomesOPlenty-neoforge-1.21.1-21.1.0.14.jar
biomesoplenty	biomesoplenty:brimstone_brick_slab	BiomesOPlenty-neoforge-1.21.1-21.1.0.14.jar
biomesoplenty	biomesoplenty:brimstone_brick_stairs	BiomesOPlenty-neoforge-1.21.1-21.1.0.14.jar
biomesoplenty	biomesoplenty:brimstone_brick_wall	BiomesOPlenty-neoforge-1.21.1-21.1.0.14.jar
biomesoplenty	biomesoplenty:brimstone_bricks	BiomesOPlenty-neoforge-1.21.1-21.1.0.14.jar
biomesoplenty	biomesoplenty:brimstone_bud	BiomesOPlenty-neoforge-1.21.1-21.1.0.14.jar
biomesoplenty	biomesoplenty:brimstone_cluster	BiomesOPlenty-neoforge-1.21.1-21.1.0.14.jar
biomesoplenty	biomesoplenty:brimstone_fumarole	BiomesOPlenty-neoforge-1.21.1-21.1.0.14.jar
biomesoplenty	biomesoplenty:burning_blossom	BiomesOPlenty-neoforge-1.21.1-21.1.0.14.jar
biomesoplenty	biomesoplenty:bush	BiomesOPlenty-neoforge-1.21.1-21.1.0.14.jar
biomesoplenty	biomesoplenty:cattail	BiomesOPlenty-neoforge-1.21.1-21.1.0.14.jar
biomesoplenty	biomesoplenty:chiseled_black_sandstone	BiomesOPlenty-neoforge-1.21.1-21.1.0.14.jar
biomesoplenty	biomesoplenty:chiseled_brimstone_bricks	BiomesOPlenty-neoforge-1.21.1-21.1.0.14.jar
biomesoplenty	biomesoplenty:chiseled_orange_sandstone	BiomesOPlenty-neoforge-1.21.1-21.1.0.14.jar
biomesoplenty	biomesoplenty:chiseled_white_sandstone	BiomesOPlenty-neoforge-1.21.1-21.1.0.14.jar
biomesoplenty	biomesoplenty:clover	BiomesOPlenty-neoforge-1.21.1-21.1.0.14.jar
biomesoplenty	biomesoplenty:cut_black_sandstone	BiomesOPlenty-neoforge-1.21.1-21.1.0.14.jar
biomesoplenty	biomesoplenty:cut_black_sandstone_slab	BiomesOPlenty-neoforge-1.21.1-21.1.0.14.jar
biomesoplenty	biomesoplenty:cut_orange_sandstone	BiomesOPlenty-neoforge-1.21.1-21.1.0.14.jar
biomesoplenty	biomesoplenty:cut_orange_sandstone_slab	BiomesOPlenty-neoforge-1.21.1-21.1.0.14.jar
biomesoplenty	biomesoplenty:cut_white_sandstone	BiomesOPlenty-neoforge-1.21.1-21.1.0.14.jar
biomesoplenty	biomesoplenty:cut_white_sandstone_slab	BiomesOPlenty-neoforge-1.21.1-21.1.0.14.jar
biomesoplenty	biomesoplenty:cypress_leaves	BiomesOPlenty-neoforge-1.21.1-21.1.0.14.jar
biomesoplenty	biomesoplenty:cypress_sapling	BiomesOPlenty-neoforge-1.21.1-21.1.0.14.jar
biomesoplenty	biomesoplenty:dead_boat	BiomesOPlenty-neoforge-1.21.1-21.1.0.14.jar
biomesoplenty	biomesoplenty:dead_branch	BiomesOPlenty-neoforge-1.21.1-21.1.0.14.jar
biomesoplenty	biomesoplenty:dead_button	BiomesOPlenty-neoforge-1.21.1-21.1.0.14.jar
biomesoplenty	biomesoplenty:dead_chest_boat	BiomesOPlenty-neoforge-1.21.1-21.1.0.14.jar
biomesoplenty	biomesoplenty:dead_door	BiomesOPlenty-neoforge-1.21.1-21.1.0.14.jar
biomesoplenty	biomesoplenty:dead_fence	BiomesOPlenty-neoforge-1.21.1-21.1.0.14.jar
biomesoplenty	biomesoplenty:dead_fence_gate	BiomesOPlenty-neoforge-1.21.1-21.1.0.14.jar
biomesoplenty	biomesoplenty:dead_grass	BiomesOPlenty-neoforge-1.21.1-21.1.0.14.jar
biomesoplenty	biomesoplenty:dead_hanging_sign	BiomesOPlenty-neoforge-1.21.1-21.1.0.14.jar
biomesoplenty	biomesoplenty:dead_leaves	BiomesOPlenty-neoforge-1.21.1-21.1.0.14.jar
biomesoplenty	biomesoplenty:dead_log	BiomesOPlenty-neoforge-1.21.1-21.1.0.14.jar
biomesoplenty	biomesoplenty:dead_planks	BiomesOPlenty-neoforge-1.21.1-21.1.0.14.jar
biomesoplenty	biomesoplenty:dead_pressure_plate	BiomesOPlenty-neoforge-1.21.1-21.1.0.14.jar
biomesoplenty	biomesoplenty:dead_sapling	BiomesOPlenty-neoforge-1.21.1-21.1.0.14.jar
biomesoplenty	biomesoplenty:dead_sign	BiomesOPlenty-neoforge-1.21.1-21.1.0.14.jar
biomesoplenty	biomesoplenty:dead_slab	BiomesOPlenty-neoforge-1.21.1-21.1.0.14.jar
biomesoplenty	biomesoplenty:dead_stairs	BiomesOPlenty-neoforge-1.21.1-21.1.0.14.jar
biomesoplenty	biomesoplenty:dead_trapdoor	BiomesOPlenty-neoforge-1.21.1-21.1.0.14.jar
biomesoplenty	biomesoplenty:dead_wood	BiomesOPlenty-neoforge-1.21.1-21.1.0.14.jar
biomesoplenty	biomesoplenty:desert_grass	BiomesOPlenty-neoforge-1.21.1-21.1.0.14.jar
biomesoplenty	biomesoplenty:dried_salt	BiomesOPlenty-neoforge-1.21.1-21.1.0.14.jar
biomesoplenty	biomesoplenty:dune_grass	BiomesOPlenty-neoforge-1.21.1-21.1.0.14.jar
biomesoplenty	biomesoplenty:empyreal_boat	BiomesOPlenty-neoforge-1.21.1-21.1.0.14.jar
biomesoplenty	biomesoplenty:empyreal_button	BiomesOPlenty-neoforge-1.21.1-21.1.0.14.jar
biomesoplenty	biomesoplenty:empyreal_chest_boat	BiomesOPlenty-neoforge-1.21.1-21.1.0.14.jar
biomesoplenty	biomesoplenty:empyreal_door	BiomesOPlenty-neoforge-1.21.1-21.1.0.14.jar
biomesoplenty	biomesoplenty:empyreal_fence	BiomesOPlenty-neoforge-1.21.1-21.1.0.14.jar
biomesoplenty	biomesoplenty:empyreal_fence_gate	BiomesOPlenty-neoforge-1.21.1-21.1.0.14.jar
biomesoplenty	biomesoplenty:empyreal_hanging_sign	BiomesOPlenty-neoforge-1.21.1-21.1.0.14.jar
biomesoplenty	biomesoplenty:empyreal_leaves	BiomesOPlenty-neoforge-1.21.1-21.1.0.14.jar
biomesoplenty	biomesoplenty:empyreal_log	BiomesOPlenty-neoforge-1.21.1-21.1.0.14.jar
biomesoplenty	biomesoplenty:empyreal_planks	BiomesOPlenty-neoforge-1.21.1-21.1.0.14.jar
biomesoplenty	biomesoplenty:empyreal_pressure_plate	BiomesOPlenty-neoforge-1.21.1-21.1.0.14.jar
biomesoplenty	biomesoplenty:empyreal_sapling	BiomesOPlenty-neoforge-1.21.1-21.1.0.14.jar
biomesoplenty	biomesoplenty:empyreal_sign	BiomesOPlenty-neoforge-1.21.1-21.1.0.14.jar
biomesoplenty	biomesoplenty:empyreal_slab	BiomesOPlenty-neoforge-1.21.1-21.1.0.14.jar
biomesoplenty	biomesoplenty:empyreal_stairs	BiomesOPlenty-neoforge-1.21.1-21.1.0.14.jar
biomesoplenty	biomesoplenty:empyreal_trapdoor	BiomesOPlenty-neoforge-1.21.1-21.1.0.14.jar
biomesoplenty	biomesoplenty:empyreal_wood	BiomesOPlenty-neoforge-1.21.1-21.1.0.14.jar
biomesoplenty	biomesoplenty:endbloom	BiomesOPlenty-neoforge-1.21.1-21.1.0.14.jar
biomesoplenty	biomesoplenty:enderphyte	BiomesOPlenty-neoforge-1.21.1-21.1.0.14.jar
biomesoplenty	biomesoplenty:eyebulb	BiomesOPlenty-neoforge-1.21.1-21.1.0.14.jar
biomesoplenty	biomesoplenty:fir_boat	BiomesOPlenty-neoforge-1.21.1-21.1.0.14.jar
biomesoplenty	biomesoplenty:fir_button	BiomesOPlenty-neoforge-1.21.1-21.1.0.14.jar
biomesoplenty	biomesoplenty:fir_chest_boat	BiomesOPlenty-neoforge-1.21.1-21.1.0.14.jar
biomesoplenty	biomesoplenty:fir_door	BiomesOPlenty-neoforge-1.21.1-21.1.0.14.jar
biomesoplenty	biomesoplenty:fir_fence	BiomesOPlenty-neoforge-1.21.1-21.1.0.14.jar
biomesoplenty	biomesoplenty:fir_fence_gate	BiomesOPlenty-neoforge-1.21.1-21.1.0.14.jar
biomesoplenty	biomesoplenty:fir_hanging_sign	BiomesOPlenty-neoforge-1.21.1-21.1.0.14.jar
biomesoplenty	biomesoplenty:fir_leaves	BiomesOPlenty-neoforge-1.21.1-21.1.0.14.jar
biomesoplenty	biomesoplenty:fir_log	BiomesOPlenty-neoforge-1.21.1-21.1.0.14.jar
biomesoplenty	biomesoplenty:fir_planks	BiomesOPlenty-neoforge-1.21.1-21.1.0.14.jar
biomesoplenty	biomesoplenty:fir_pressure_plate	BiomesOPlenty-neoforge-1.21.1-21.1.0.14.jar
biomesoplenty	biomesoplenty:fir_sapling	BiomesOPlenty-neoforge-1.21.1-21.1.0.14.jar
biomesoplenty	biomesoplenty:fir_sign	BiomesOPlenty-neoforge-1.21.1-21.1.0.14.jar
biomesoplenty	biomesoplenty:fir_slab	BiomesOPlenty-neoforge-1.21.1-21.1.0.14.jar
biomesoplenty	biomesoplenty:fir_stairs	BiomesOPlenty-neoforge-1.21.1-21.1.0.14.jar
biomesoplenty	biomesoplenty:fir_trapdoor	BiomesOPlenty-neoforge-1.21.1-21.1.0.14.jar
biomesoplenty	biomesoplenty:fir_wood	BiomesOPlenty-neoforge-1.21.1-21.1.0.14.jar
biomesoplenty	biomesoplenty:flesh	BiomesOPlenty-neoforge-1.21.1-21.1.0.14.jar
biomesoplenty	biomesoplenty:flesh_tendons	BiomesOPlenty-neoforge-1.21.1-21.1.0.14.jar
biomesoplenty	biomesoplenty:flesh_tendons_strand	BiomesOPlenty-neoforge-1.21.1-21.1.0.14.jar
biomesoplenty	biomesoplenty:flowering_oak_leaves	BiomesOPlenty-neoforge-1.21.1-21.1.0.14.jar
biomesoplenty	biomesoplenty:flowering_oak_sapling	BiomesOPlenty-neoforge-1.21.1-21.1.0.14.jar
biomesoplenty	biomesoplenty:glowflower	BiomesOPlenty-neoforge-1.21.1-21.1.0.14.jar
biomesoplenty	biomesoplenty:glowing_moss_block	BiomesOPlenty-neoforge-1.21.1-21.1.0.14.jar
biomesoplenty	biomesoplenty:glowing_moss_carpet	BiomesOPlenty-neoforge-1.21.1-21.1.0.14.jar
biomesoplenty	biomesoplenty:glowshroom	BiomesOPlenty-neoforge-1.21.1-21.1.0.14.jar
biomesoplenty	biomesoplenty:glowshroom_block	BiomesOPlenty-neoforge-1.21.1-21.1.0.14.jar
biomesoplenty	biomesoplenty:glowworm_silk	BiomesOPlenty-neoforge-1.21.1-21.1.0.14.jar
biomesoplenty	biomesoplenty:glowworm_silk_strand	BiomesOPlenty-neoforge-1.21.1-21.1.0.14.jar
biomesoplenty	biomesoplenty:goldenrod	BiomesOPlenty-neoforge-1.21.1-21.1.0.14.jar
biomesoplenty	biomesoplenty:hair	BiomesOPlenty-neoforge-1.21.1-21.1.0.14.jar
biomesoplenty	biomesoplenty:hanging_cobweb	BiomesOPlenty-neoforge-1.21.1-21.1.0.14.jar
biomesoplenty	biomesoplenty:hanging_cobweb_strand	BiomesOPlenty-neoforge-1.21.1-21.1.0.14.jar
biomesoplenty	biomesoplenty:hellbark_boat	BiomesOPlenty-neoforge-1.21.1-21.1.0.14.jar
biomesoplenty	biomesoplenty:hellbark_button	BiomesOPlenty-neoforge-1.21.1-21.1.0.14.jar
biomesoplenty	biomesoplenty:hellbark_chest_boat	BiomesOPlenty-neoforge-1.21.1-21.1.0.14.jar
biomesoplenty	biomesoplenty:hellbark_door	BiomesOPlenty-neoforge-1.21.1-21.1.0.14.jar
biomesoplenty	biomesoplenty:hellbark_fence	BiomesOPlenty-neoforge-1.21.1-21.1.0.14.jar
biomesoplenty	biomesoplenty:hellbark_fence_gate	BiomesOPlenty-neoforge-1.21.1-21.1.0.14.jar
biomesoplenty	biomesoplenty:hellbark_hanging_sign	BiomesOPlenty-neoforge-1.21.1-21.1.0.14.jar
biomesoplenty	biomesoplenty:hellbark_leaves	BiomesOPlenty-neoforge-1.21.1-21.1.0.14.jar
biomesoplenty	biomesoplenty:hellbark_log	BiomesOPlenty-neoforge-1.21.1-21.1.0.14.jar
biomesoplenty	biomesoplenty:hellbark_planks	BiomesOPlenty-neoforge-1.21.1-21.1.0.14.jar
biomesoplenty	biomesoplenty:hellbark_pressure_plate	BiomesOPlenty-neoforge-1.21.1-21.1.0.14.jar
biomesoplenty	biomesoplenty:hellbark_sapling	BiomesOPlenty-neoforge-1.21.1-21.1.0.14.jar
biomesoplenty	biomesoplenty:hellbark_sign	BiomesOPlenty-neoforge-1.21.1-21.1.0.14.jar
biomesoplenty	biomesoplenty:hellbark_slab	BiomesOPlenty-neoforge-1.21.1-21.1.0.14.jar
biomesoplenty	biomesoplenty:hellbark_stairs	BiomesOPlenty-neoforge-1.21.1-21.1.0.14.jar
biomesoplenty	biomesoplenty:hellbark_trapdoor	BiomesOPlenty-neoforge-1.21.1-21.1.0.14.jar
biomesoplenty	biomesoplenty:hellbark_wood	BiomesOPlenty-neoforge-1.21.1-21.1.0.14.jar
biomesoplenty	biomesoplenty:high_grass	BiomesOPlenty-neoforge-1.21.1-21.1.0.14.jar
biomesoplenty	biomesoplenty:high_grass_plant	BiomesOPlenty-neoforge-1.21.1-21.1.0.14.jar
biomesoplenty	biomesoplenty:huge_clover_petal	BiomesOPlenty-neoforge-1.21.1-21.1.0.14.jar
biomesoplenty	biomesoplenty:huge_lily_pad	BiomesOPlenty-neoforge-1.21.1-21.1.0.14.jar
biomesoplenty	biomesoplenty:icy_iris	BiomesOPlenty-neoforge-1.21.1-21.1.0.14.jar
biomesoplenty	biomesoplenty:jacaranda_boat	BiomesOPlenty-neoforge-1.21.1-21.1.0.14.jar
biomesoplenty	biomesoplenty:jacaranda_button	BiomesOPlenty-neoforge-1.21.1-21.1.0.14.jar
biomesoplenty	biomesoplenty:jacaranda_chest_boat	BiomesOPlenty-neoforge-1.21.1-21.1.0.14.jar
biomesoplenty	biomesoplenty:jacaranda_door	BiomesOPlenty-neoforge-1.21.1-21.1.0.14.jar
biomesoplenty	biomesoplenty:jacaranda_fence	BiomesOPlenty-neoforge-1.21.1-21.1.0.14.jar
biomesoplenty	biomesoplenty:jacaranda_fence_gate	BiomesOPlenty-neoforge-1.21.1-21.1.0.14.jar
biomesoplenty	biomesoplenty:jacaranda_hanging_sign	BiomesOPlenty-neoforge-1.21.1-21.1.0.14.jar
biomesoplenty	biomesoplenty:jacaranda_leaves	BiomesOPlenty-neoforge-1.21.1-21.1.0.14.jar
biomesoplenty	biomesoplenty:jacaranda_log	BiomesOPlenty-neoforge-1.21.1-21.1.0.14.jar
biomesoplenty	biomesoplenty:jacaranda_planks	BiomesOPlenty-neoforge-1.21.1-21.1.0.14.jar
biomesoplenty	biomesoplenty:jacaranda_pressure_plate	BiomesOPlenty-neoforge-1.21.1-21.1.0.14.jar
biomesoplenty	biomesoplenty:jacaranda_sapling	BiomesOPlenty-neoforge-1.21.1-21.1.0.14.jar
biomesoplenty	biomesoplenty:jacaranda_sign	BiomesOPlenty-neoforge-1.21.1-21.1.0.14.jar
biomesoplenty	biomesoplenty:jacaranda_slab	BiomesOPlenty-neoforge-1.21.1-21.1.0.14.jar
biomesoplenty	biomesoplenty:jacaranda_stairs	BiomesOPlenty-neoforge-1.21.1-21.1.0.14.jar
biomesoplenty	biomesoplenty:jacaranda_trapdoor	BiomesOPlenty-neoforge-1.21.1-21.1.0.14.jar
biomesoplenty	biomesoplenty:jacaranda_wood	BiomesOPlenty-neoforge-1.21.1-21.1.0.14.jar
biomesoplenty	biomesoplenty:large_rose_quartz_bud	BiomesOPlenty-neoforge-1.21.1-21.1.0.14.jar
biomesoplenty	biomesoplenty:lavender	BiomesOPlenty-neoforge-1.21.1-21.1.0.14.jar
biomesoplenty	biomesoplenty:liquid_null	BiomesOPlenty-neoforge-1.21.1-21.1.0.14.jar
biomesoplenty	biomesoplenty:liquid_null_bucket	BiomesOPlenty-neoforge-1.21.1-21.1.0.14.jar
biomesoplenty	biomesoplenty:lumaloop	BiomesOPlenty-neoforge-1.21.1-21.1.0.14.jar
biomesoplenty	biomesoplenty:lumaloop_plant	BiomesOPlenty-neoforge-1.21.1-21.1.0.14.jar
biomesoplenty	biomesoplenty:magic_boat	BiomesOPlenty-neoforge-1.21.1-21.1.0.14.jar
biomesoplenty	biomesoplenty:magic_button	BiomesOPlenty-neoforge-1.21.1-21.1.0.14.jar
biomesoplenty	biomesoplenty:magic_chest_boat	BiomesOPlenty-neoforge-1.21.1-21.1.0.14.jar
biomesoplenty	biomesoplenty:magic_door	BiomesOPlenty-neoforge-1.21.1-21.1.0.14.jar
biomesoplenty	biomesoplenty:magic_fence	BiomesOPlenty-neoforge-1.21.1-21.1.0.14.jar
biomesoplenty	biomesoplenty:magic_fence_gate	BiomesOPlenty-neoforge-1.21.1-21.1.0.14.jar
biomesoplenty	biomesoplenty:magic_hanging_sign	BiomesOPlenty-neoforge-1.21.1-21.1.0.14.jar
biomesoplenty	biomesoplenty:magic_leaves	BiomesOPlenty-neoforge-1.21.1-21.1.0.14.jar
biomesoplenty	biomesoplenty:magic_log	BiomesOPlenty-neoforge-1.21.1-21.1.0.14.jar
biomesoplenty	biomesoplenty:magic_planks	BiomesOPlenty-neoforge-1.21.1-21.1.0.14.jar
biomesoplenty	biomesoplenty:magic_pressure_plate	BiomesOPlenty-neoforge-1.21.1-21.1.0.14.jar
biomesoplenty	biomesoplenty:magic_sapling	BiomesOPlenty-neoforge-1.21.1-21.1.0.14.jar
biomesoplenty	biomesoplenty:magic_sign	BiomesOPlenty-neoforge-1.21.1-21.1.0.14.jar
biomesoplenty	biomesoplenty:magic_slab	BiomesOPlenty-neoforge-1.21.1-21.1.0.14.jar
biomesoplenty	biomesoplenty:magic_stairs	BiomesOPlenty-neoforge-1.21.1-21.1.0.14.jar
biomesoplenty	biomesoplenty:magic_trapdoor	BiomesOPlenty-neoforge-1.21.1-21.1.0.14.jar
biomesoplenty	biomesoplenty:magic_wood	BiomesOPlenty-neoforge-1.21.1-21.1.0.14.jar
biomesoplenty	biomesoplenty:mahogany_boat	BiomesOPlenty-neoforge-1.21.1-21.1.0.14.jar
biomesoplenty	biomesoplenty:mahogany_button	BiomesOPlenty-neoforge-1.21.1-21.1.0.14.jar
biomesoplenty	biomesoplenty:mahogany_chest_boat	BiomesOPlenty-neoforge-1.21.1-21.1.0.14.jar
biomesoplenty	biomesoplenty:mahogany_door	BiomesOPlenty-neoforge-1.21.1-21.1.0.14.jar
biomesoplenty	biomesoplenty:mahogany_fence	BiomesOPlenty-neoforge-1.21.1-21.1.0.14.jar
biomesoplenty	biomesoplenty:mahogany_fence_gate	BiomesOPlenty-neoforge-1.21.1-21.1.0.14.jar
biomesoplenty	biomesoplenty:mahogany_hanging_sign	BiomesOPlenty-neoforge-1.21.1-21.1.0.14.jar
biomesoplenty	biomesoplenty:mahogany_leaves	BiomesOPlenty-neoforge-1.21.1-21.1.0.14.jar
biomesoplenty	biomesoplenty:mahogany_log	BiomesOPlenty-neoforge-1.21.1-21.1.0.14.jar
biomesoplenty	biomesoplenty:mahogany_planks	BiomesOPlenty-neoforge-1.21.1-21.1.0.14.jar
biomesoplenty	biomesoplenty:mahogany_pressure_plate	BiomesOPlenty-neoforge-1.21.1-21.1.0.14.jar
biomesoplenty	biomesoplenty:mahogany_sapling	BiomesOPlenty-neoforge-1.21.1-21.1.0.14.jar
biomesoplenty	biomesoplenty:mahogany_sign	BiomesOPlenty-neoforge-1.21.1-21.1.0.14.jar
biomesoplenty	biomesoplenty:mahogany_slab	BiomesOPlenty-neoforge-1.21.1-21.1.0.14.jar
biomesoplenty	biomesoplenty:mahogany_stairs	BiomesOPlenty-neoforge-1.21.1-21.1.0.14.jar
biomesoplenty	biomesoplenty:mahogany_trapdoor	BiomesOPlenty-neoforge-1.21.1-21.1.0.14.jar
biomesoplenty	biomesoplenty:mahogany_wood	BiomesOPlenty-neoforge-1.21.1-21.1.0.14.jar
biomesoplenty	biomesoplenty:maple_boat	BiomesOPlenty-neoforge-1.21.1-21.1.0.14.jar
biomesoplenty	biomesoplenty:maple_button	BiomesOPlenty-neoforge-1.21.1-21.1.0.14.jar
biomesoplenty	biomesoplenty:maple_chest_boat	BiomesOPlenty-neoforge-1.21.1-21.1.0.14.jar
biomesoplenty	biomesoplenty:maple_door	BiomesOPlenty-neoforge-1.21.1-21.1.0.14.jar
biomesoplenty	biomesoplenty:maple_fence	BiomesOPlenty-neoforge-1.21.1-21.1.0.14.jar
biomesoplenty	biomesoplenty:maple_fence_gate	BiomesOPlenty-neoforge-1.21.1-21.1.0.14.jar
biomesoplenty	biomesoplenty:maple_hanging_sign	BiomesOPlenty-neoforge-1.21.1-21.1.0.14.jar
biomesoplenty	biomesoplenty:maple_log	BiomesOPlenty-neoforge-1.21.1-21.1.0.14.jar
biomesoplenty	biomesoplenty:maple_planks	BiomesOPlenty-neoforge-1.21.1-21.1.0.14.jar
biomesoplenty	biomesoplenty:maple_pressure_plate	BiomesOPlenty-neoforge-1.21.1-21.1.0.14.jar
biomesoplenty	biomesoplenty:maple_sign	BiomesOPlenty-neoforge-1.21.1-21.1.0.14.jar
biomesoplenty	biomesoplenty:maple_slab	BiomesOPlenty-neoforge-1.21.1-21.1.0.14.jar
biomesoplenty	biomesoplenty:maple_stairs	BiomesOPlenty-neoforge-1.21.1-21.1.0.14.jar
biomesoplenty	biomesoplenty:maple_trapdoor	BiomesOPlenty-neoforge-1.21.1-21.1.0.14.jar
biomesoplenty	biomesoplenty:maple_wood	BiomesOPlenty-neoforge-1.21.1-21.1.0.14.jar
biomesoplenty	biomesoplenty:medium_rose_quartz_bud	BiomesOPlenty-neoforge-1.21.1-21.1.0.14.jar
biomesoplenty	biomesoplenty:mossy_black_sand	BiomesOPlenty-neoforge-1.21.1-21.1.0.14.jar
biomesoplenty	biomesoplenty:music_disc_wanderer	BiomesOPlenty-neoforge-1.21.1-21.1.0.14.jar
biomesoplenty	biomesoplenty:null_block	BiomesOPlenty-neoforge-1.21.1-21.1.0.14.jar
biomesoplenty	biomesoplenty:null_end_stone	BiomesOPlenty-neoforge-1.21.1-21.1.0.14.jar
biomesoplenty	biomesoplenty:null_leaves	BiomesOPlenty-neoforge-1.21.1-21.1.0.14.jar
biomesoplenty	biomesoplenty:null_plant	BiomesOPlenty-neoforge-1.21.1-21.1.0.14.jar
biomesoplenty	biomesoplenty:orange_cosmos	BiomesOPlenty-neoforge-1.21.1-21.1.0.14.jar
biomesoplenty	biomesoplenty:orange_maple_leaf_pile	BiomesOPlenty-neoforge-1.21.1-21.1.0.14.jar
biomesoplenty	biomesoplenty:orange_maple_leaves	BiomesOPlenty-neoforge-1.21.1-21.1.0.14.jar
biomesoplenty	biomesoplenty:orange_maple_sapling	BiomesOPlenty-neoforge-1.21.1-21.1.0.14.jar
biomesoplenty	biomesoplenty:orange_sand	BiomesOPlenty-neoforge-1.21.1-21.1.0.14.jar
biomesoplenty	biomesoplenty:orange_sandstone	BiomesOPlenty-neoforge-1.21.1-21.1.0.14.jar
biomesoplenty	biomesoplenty:orange_sandstone_slab	BiomesOPlenty-neoforge-1.21.1-21.1.0.14.jar
biomesoplenty	biomesoplenty:orange_sandstone_stairs	BiomesOPlenty-neoforge-1.21.1-21.1.0.14.jar
biomesoplenty	biomesoplenty:orange_sandstone_wall	BiomesOPlenty-neoforge-1.21.1-21.1.0.14.jar
biomesoplenty	biomesoplenty:origin_grass_block	BiomesOPlenty-neoforge-1.21.1-21.1.0.14.jar
biomesoplenty	biomesoplenty:origin_leaves	BiomesOPlenty-neoforge-1.21.1-21.1.0.14.jar
biomesoplenty	biomesoplenty:origin_sapling	BiomesOPlenty-neoforge-1.21.1-21.1.0.14.jar
biomesoplenty	biomesoplenty:palm_boat	BiomesOPlenty-neoforge-1.21.1-21.1.0.14.jar
biomesoplenty	biomesoplenty:palm_button	BiomesOPlenty-neoforge-1.21.1-21.1.0.14.jar
biomesoplenty	biomesoplenty:palm_chest_boat	BiomesOPlenty-neoforge-1.21.1-21.1.0.14.jar
biomesoplenty	biomesoplenty:palm_door	BiomesOPlenty-neoforge-1.21.1-21.1.0.14.jar
biomesoplenty	biomesoplenty:palm_fence	BiomesOPlenty-neoforge-1.21.1-21.1.0.14.jar
biomesoplenty	biomesoplenty:palm_fence_gate	BiomesOPlenty-neoforge-1.21.1-21.1.0.14.jar
biomesoplenty	biomesoplenty:palm_hanging_sign	BiomesOPlenty-neoforge-1.21.1-21.1.0.14.jar
biomesoplenty	biomesoplenty:palm_leaves	BiomesOPlenty-neoforge-1.21.1-21.1.0.14.jar
biomesoplenty	biomesoplenty:palm_log	BiomesOPlenty-neoforge-1.21.1-21.1.0.14.jar
biomesoplenty	biomesoplenty:palm_planks	BiomesOPlenty-neoforge-1.21.1-21.1.0.14.jar
biomesoplenty	biomesoplenty:palm_pressure_plate	BiomesOPlenty-neoforge-1.21.1-21.1.0.14.jar
biomesoplenty	biomesoplenty:palm_sapling	BiomesOPlenty-neoforge-1.21.1-21.1.0.14.jar
biomesoplenty	biomesoplenty:palm_sign	BiomesOPlenty-neoforge-1.21.1-21.1.0.14.jar
biomesoplenty	biomesoplenty:palm_slab	BiomesOPlenty-neoforge-1.21.1-21.1.0.14.jar
biomesoplenty	biomesoplenty:palm_stairs	BiomesOPlenty-neoforge-1.21.1-21.1.0.14.jar
biomesoplenty	biomesoplenty:palm_trapdoor	BiomesOPlenty-neoforge-1.21.1-21.1.0.14.jar
biomesoplenty	biomesoplenty:palm_wood	BiomesOPlenty-neoforge-1.21.1-21.1.0.14.jar
biomesoplenty	biomesoplenty:pine_boat	BiomesOPlenty-neoforge-1.21.1-21.1.0.14.jar
biomesoplenty	biomesoplenty:pine_button	BiomesOPlenty-neoforge-1.21.1-21.1.0.14.jar
biomesoplenty	biomesoplenty:pine_chest_boat	BiomesOPlenty-neoforge-1.21.1-21.1.0.14.jar
biomesoplenty	biomesoplenty:pine_door	BiomesOPlenty-neoforge-1.21.1-21.1.0.14.jar
biomesoplenty	biomesoplenty:pine_fence	BiomesOPlenty-neoforge-1.21.1-21.1.0.14.jar
biomesoplenty	biomesoplenty:pine_fence_gate	BiomesOPlenty-neoforge-1.21.1-21.1.0.14.jar
biomesoplenty	biomesoplenty:pine_hanging_sign	BiomesOPlenty-neoforge-1.21.1-21.1.0.14.jar
biomesoplenty	biomesoplenty:pine_leaves	BiomesOPlenty-neoforge-1.21.1-21.1.0.14.jar
biomesoplenty	biomesoplenty:pine_log	BiomesOPlenty-neoforge-1.21.1-21.1.0.14.jar
biomesoplenty	biomesoplenty:pine_planks	BiomesOPlenty-neoforge-1.21.1-21.1.0.14.jar
biomesoplenty	biomesoplenty:pine_pressure_plate	BiomesOPlenty-neoforge-1.21.1-21.1.0.14.jar
biomesoplenty	biomesoplenty:pine_sapling	BiomesOPlenty-neoforge-1.21.1-21.1.0.14.jar
biomesoplenty	biomesoplenty:pine_sign	BiomesOPlenty-neoforge-1.21.1-21.1.0.14.jar
biomesoplenty	biomesoplenty:pine_slab	BiomesOPlenty-neoforge-1.21.1-21.1.0.14.jar
biomesoplenty	biomesoplenty:pine_stairs	BiomesOPlenty-neoforge-1.21.1-21.1.0.14.jar
biomesoplenty	biomesoplenty:pine_trapdoor	BiomesOPlenty-neoforge-1.21.1-21.1.0.14.jar
biomesoplenty	biomesoplenty:pine_wood	BiomesOPlenty-neoforge-1.21.1-21.1.0.14.jar
biomesoplenty	biomesoplenty:pink_daffodil	BiomesOPlenty-neoforge-1.21.1-21.1.0.14.jar
biomesoplenty	biomesoplenty:pink_hibiscus	BiomesOPlenty-neoforge-1.21.1-21.1.0.14.jar
biomesoplenty	biomesoplenty:porous_flesh	BiomesOPlenty-neoforge-1.21.1-21.1.0.14.jar
biomesoplenty	biomesoplenty:potted_burning_blossom	BiomesOPlenty-neoforge-1.21.1-21.1.0.14.jar
biomesoplenty	biomesoplenty:potted_cypress_sapling	BiomesOPlenty-neoforge-1.21.1-21.1.0.14.jar
biomesoplenty	biomesoplenty:potted_dead_sapling	BiomesOPlenty-neoforge-1.21.1-21.1.0.14.jar
biomesoplenty	biomesoplenty:potted_empyreal_sapling	BiomesOPlenty-neoforge-1.21.1-21.1.0.14.jar
biomesoplenty	biomesoplenty:potted_endbloom	BiomesOPlenty-neoforge-1.21.1-21.1.0.14.jar
biomesoplenty	biomesoplenty:potted_fir_sapling	BiomesOPlenty-neoforge-1.21.1-21.1.0.14.jar
biomesoplenty	biomesoplenty:potted_flowering_oak_sapling	BiomesOPlenty-neoforge-1.21.1-21.1.0.14.jar
biomesoplenty	biomesoplenty:potted_glowflower	BiomesOPlenty-neoforge-1.21.1-21.1.0.14.jar
biomesoplenty	biomesoplenty:potted_glowshroom	BiomesOPlenty-neoforge-1.21.1-21.1.0.14.jar
biomesoplenty	biomesoplenty:potted_hellbark_sapling	BiomesOPlenty-neoforge-1.21.1-21.1.0.14.jar
biomesoplenty	biomesoplenty:potted_jacaranda_sapling	BiomesOPlenty-neoforge-1.21.1-21.1.0.14.jar
biomesoplenty	biomesoplenty:potted_lavender	BiomesOPlenty-neoforge-1.21.1-21.1.0.14.jar
biomesoplenty	biomesoplenty:potted_magic_sapling	BiomesOPlenty-neoforge-1.21.1-21.1.0.14.jar
biomesoplenty	biomesoplenty:potted_mahogany_sapling	BiomesOPlenty-neoforge-1.21.1-21.1.0.14.jar
biomesoplenty	biomesoplenty:potted_orange_cosmos	BiomesOPlenty-neoforge-1.21.1-21.1.0.14.jar
biomesoplenty	biomesoplenty:potted_orange_maple_sapling	BiomesOPlenty-neoforge-1.21.1-21.1.0.14.jar
biomesoplenty	biomesoplenty:potted_origin_sapling	BiomesOPlenty-neoforge-1.21.1-21.1.0.14.jar
biomesoplenty	biomesoplenty:potted_palm_sapling	BiomesOPlenty-neoforge-1.21.1-21.1.0.14.jar
biomesoplenty	biomesoplenty:potted_pine_sapling	BiomesOPlenty-neoforge-1.21.1-21.1.0.14.jar
biomesoplenty	biomesoplenty:potted_pink_daffodil	BiomesOPlenty-neoforge-1.21.1-21.1.0.14.jar
biomesoplenty	biomesoplenty:potted_pink_hibiscus	BiomesOPlenty-neoforge-1.21.1-21.1.0.14.jar
biomesoplenty	biomesoplenty:potted_rainbow_birch_sapling	BiomesOPlenty-neoforge-1.21.1-21.1.0.14.jar
biomesoplenty	biomesoplenty:potted_red_maple_sapling	BiomesOPlenty-neoforge-1.21.1-21.1.0.14.jar
biomesoplenty	biomesoplenty:potted_redwood_sapling	BiomesOPlenty-neoforge-1.21.1-21.1.0.14.jar
biomesoplenty	biomesoplenty:potted_rose	BiomesOPlenty-neoforge-1.21.1-21.1.0.14.jar
biomesoplenty	biomesoplenty:potted_snowblossom_sapling	BiomesOPlenty-neoforge-1.21.1-21.1.0.14.jar
biomesoplenty	biomesoplenty:potted_sprout	BiomesOPlenty-neoforge-1.21.1-21.1.0.14.jar
biomesoplenty	biomesoplenty:potted_tiny_cactus	BiomesOPlenty-neoforge-1.21.1-21.1.0.14.jar
biomesoplenty	biomesoplenty:potted_toadstool	BiomesOPlenty-neoforge-1.21.1-21.1.0.14.jar
biomesoplenty	biomesoplenty:potted_umbran_sapling	BiomesOPlenty-neoforge-1.21.1-21.1.0.14.jar
biomesoplenty	biomesoplenty:potted_violet	BiomesOPlenty-neoforge-1.21.1-21.1.0.14.jar
biomesoplenty	biomesoplenty:potted_white_lavender	BiomesOPlenty-neoforge-1.21.1-21.1.0.14.jar
biomesoplenty	biomesoplenty:potted_wildflower	BiomesOPlenty-neoforge-1.21.1-21.1.0.14.jar
biomesoplenty	biomesoplenty:potted_willow_sapling	BiomesOPlenty-neoforge-1.21.1-21.1.0.14.jar
biomesoplenty	biomesoplenty:potted_wilted_lily	BiomesOPlenty-neoforge-1.21.1-21.1.0.14.jar
biomesoplenty	biomesoplenty:potted_yellow_maple_sapling	BiomesOPlenty-neoforge-1.21.1-21.1.0.14.jar
biomesoplenty	biomesoplenty:pus_bubble	BiomesOPlenty-neoforge-1.21.1-21.1.0.14.jar
biomesoplenty	biomesoplenty:rainbow_birch_leaves	BiomesOPlenty-neoforge-1.21.1-21.1.0.14.jar
biomesoplenty	biomesoplenty:rainbow_birch_sapling	BiomesOPlenty-neoforge-1.21.1-21.1.0.14.jar
biomesoplenty	biomesoplenty:red_maple_leaf_pile	BiomesOPlenty-neoforge-1.21.1-21.1.0.14.jar
biomesoplenty	biomesoplenty:red_maple_leaves	BiomesOPlenty-neoforge-1.21.1-21.1.0.14.jar
biomesoplenty	biomesoplenty:red_maple_sapling	BiomesOPlenty-neoforge-1.21.1-21.1.0.14.jar
biomesoplenty	biomesoplenty:redwood_boat	BiomesOPlenty-neoforge-1.21.1-21.1.0.14.jar
biomesoplenty	biomesoplenty:redwood_button	BiomesOPlenty-neoforge-1.21.1-21.1.0.14.jar
biomesoplenty	biomesoplenty:redwood_chest_boat	BiomesOPlenty-neoforge-1.21.1-21.1.0.14.jar
biomesoplenty	biomesoplenty:redwood_door	BiomesOPlenty-neoforge-1.21.1-21.1.0.14.jar
biomesoplenty	biomesoplenty:redwood_fence	BiomesOPlenty-neoforge-1.21.1-21.1.0.14.jar
biomesoplenty	biomesoplenty:redwood_fence_gate	BiomesOPlenty-neoforge-1.21.1-21.1.0.14.jar
biomesoplenty	biomesoplenty:redwood_hanging_sign	BiomesOPlenty-neoforge-1.21.1-21.1.0.14.jar
biomesoplenty	biomesoplenty:redwood_leaves	BiomesOPlenty-neoforge-1.21.1-21.1.0.14.jar
biomesoplenty	biomesoplenty:redwood_log	BiomesOPlenty-neoforge-1.21.1-21.1.0.14.jar
biomesoplenty	biomesoplenty:redwood_planks	BiomesOPlenty-neoforge-1.21.1-21.1.0.14.jar
biomesoplenty	biomesoplenty:redwood_pressure_plate	BiomesOPlenty-neoforge-1.21.1-21.1.0.14.jar
biomesoplenty	biomesoplenty:redwood_sapling	BiomesOPlenty-neoforge-1.21.1-21.1.0.14.jar
biomesoplenty	biomesoplenty:redwood_sign	BiomesOPlenty-neoforge-1.21.1-21.1.0.14.jar
biomesoplenty	biomesoplenty:redwood_slab	BiomesOPlenty-neoforge-1.21.1-21.1.0.14.jar
biomesoplenty	biomesoplenty:redwood_stairs	BiomesOPlenty-neoforge-1.21.1-21.1.0.14.jar
biomesoplenty	biomesoplenty:redwood_trapdoor	BiomesOPlenty-neoforge-1.21.1-21.1.0.14.jar
biomesoplenty	biomesoplenty:redwood_wood	BiomesOPlenty-neoforge-1.21.1-21.1.0.14.jar
biomesoplenty	biomesoplenty:reed	BiomesOPlenty-neoforge-1.21.1-21.1.0.14.jar
biomesoplenty	biomesoplenty:rose	BiomesOPlenty-neoforge-1.21.1-21.1.0.14.jar
biomesoplenty	biomesoplenty:rose_quartz_block	BiomesOPlenty-neoforge-1.21.1-21.1.0.14.jar
biomesoplenty	biomesoplenty:rose_quartz_bud	BiomesOPlenty-neoforge-1.21.1-21.1.0.14.jar
biomesoplenty	biomesoplenty:rose_quartz_chunk	BiomesOPlenty-neoforge-1.21.1-21.1.0.14.jar
biomesoplenty	biomesoplenty:rose_quartz_cluster	BiomesOPlenty-neoforge-1.21.1-21.1.0.14.jar
biomesoplenty	biomesoplenty:sea_oats	BiomesOPlenty-neoforge-1.21.1-21.1.0.14.jar
biomesoplenty	biomesoplenty:small_rose_quartz_bud	BiomesOPlenty-neoforge-1.21.1-21.1.0.14.jar
biomesoplenty	biomesoplenty:smooth_black_sandstone	BiomesOPlenty-neoforge-1.21.1-21.1.0.14.jar
biomesoplenty	biomesoplenty:smooth_black_sandstone_slab	BiomesOPlenty-neoforge-1.21.1-21.1.0.14.jar
biomesoplenty	biomesoplenty:smooth_black_sandstone_stairs	BiomesOPlenty-neoforge-1.21.1-21.1.0.14.jar
biomesoplenty	biomesoplenty:smooth_orange_sandstone	BiomesOPlenty-neoforge-1.21.1-21.1.0.14.jar
biomesoplenty	biomesoplenty:smooth_orange_sandstone_slab	BiomesOPlenty-neoforge-1.21.1-21.1.0.14.jar
biomesoplenty	biomesoplenty:smooth_orange_sandstone_stairs	BiomesOPlenty-neoforge-1.21.1-21.1.0.14.jar
biomesoplenty	biomesoplenty:smooth_white_sandstone	BiomesOPlenty-neoforge-1.21.1-21.1.0.14.jar
biomesoplenty	biomesoplenty:smooth_white_sandstone_slab	BiomesOPlenty-neoforge-1.21.1-21.1.0.14.jar
biomesoplenty	biomesoplenty:smooth_white_sandstone_stairs	BiomesOPlenty-neoforge-1.21.1-21.1.0.14.jar
biomesoplenty	biomesoplenty:snowblossom_leaves	BiomesOPlenty-neoforge-1.21.1-21.1.0.14.jar
biomesoplenty	biomesoplenty:snowblossom_sapling	BiomesOPlenty-neoforge-1.21.1-21.1.0.14.jar
biomesoplenty	biomesoplenty:spanish_moss	BiomesOPlenty-neoforge-1.21.1-21.1.0.14.jar
biomesoplenty	biomesoplenty:spanish_moss_plant	BiomesOPlenty-neoforge-1.21.1-21.1.0.14.jar
biomesoplenty	biomesoplenty:spider_egg	BiomesOPlenty-neoforge-1.21.1-21.1.0.14.jar
biomesoplenty	biomesoplenty:sprout	BiomesOPlenty-neoforge-1.21.1-21.1.0.14.jar
biomesoplenty	biomesoplenty:stringy_cobweb	BiomesOPlenty-neoforge-1.21.1-21.1.0.14.jar
biomesoplenty	biomesoplenty:stripped_dead_log	BiomesOPlenty-neoforge-1.21.1-21.1.0.14.jar
biomesoplenty	biomesoplenty:stripped_dead_wood	BiomesOPlenty-neoforge-1.21.1-21.1.0.14.jar
biomesoplenty	biomesoplenty:stripped_empyreal_log	BiomesOPlenty-neoforge-1.21.1-21.1.0.14.jar
biomesoplenty	biomesoplenty:stripped_empyreal_wood	BiomesOPlenty-neoforge-1.21.1-21.1.0.14.jar
biomesoplenty	biomesoplenty:stripped_fir_log	BiomesOPlenty-neoforge-1.21.1-21.1.0.14.jar
biomesoplenty	biomesoplenty:stripped_fir_wood	BiomesOPlenty-neoforge-1.21.1-21.1.0.14.jar
biomesoplenty	biomesoplenty:stripped_hellbark_log	BiomesOPlenty-neoforge-1.21.1-21.1.0.14.jar
biomesoplenty	biomesoplenty:stripped_hellbark_wood	BiomesOPlenty-neoforge-1.21.1-21.1.0.14.jar
biomesoplenty	biomesoplenty:stripped_jacaranda_log	BiomesOPlenty-neoforge-1.21.1-21.1.0.14.jar
biomesoplenty	biomesoplenty:stripped_jacaranda_wood	BiomesOPlenty-neoforge-1.21.1-21.1.0.14.jar
biomesoplenty	biomesoplenty:stripped_magic_log	BiomesOPlenty-neoforge-1.21.1-21.1.0.14.jar
biomesoplenty	biomesoplenty:stripped_magic_wood	BiomesOPlenty-neoforge-1.21.1-21.1.0.14.jar
biomesoplenty	biomesoplenty:stripped_mahogany_log	BiomesOPlenty-neoforge-1.21.1-21.1.0.14.jar
biomesoplenty	biomesoplenty:stripped_mahogany_wood	BiomesOPlenty-neoforge-1.21.1-21.1.0.14.jar
biomesoplenty	biomesoplenty:stripped_maple_log	BiomesOPlenty-neoforge-1.21.1-21.1.0.14.jar
biomesoplenty	biomesoplenty:stripped_maple_wood	BiomesOPlenty-neoforge-1.21.1-21.1.0.14.jar
biomesoplenty	biomesoplenty:stripped_palm_log	BiomesOPlenty-neoforge-1.21.1-21.1.0.14.jar
biomesoplenty	biomesoplenty:stripped_palm_wood	BiomesOPlenty-neoforge-1.21.1-21.1.0.14.jar
biomesoplenty	biomesoplenty:stripped_pine_log	BiomesOPlenty-neoforge-1.21.1-21.1.0.14.jar
biomesoplenty	biomesoplenty:stripped_pine_wood	BiomesOPlenty-neoforge-1.21.1-21.1.0.14.jar
biomesoplenty	biomesoplenty:stripped_redwood_log	BiomesOPlenty-neoforge-1.21.1-21.1.0.14.jar
biomesoplenty	biomesoplenty:stripped_redwood_wood	BiomesOPlenty-neoforge-1.21.1-21.1.0.14.jar
biomesoplenty	biomesoplenty:stripped_umbran_log	BiomesOPlenty-neoforge-1.21.1-21.1.0.14.jar
biomesoplenty	biomesoplenty:stripped_umbran_wood	BiomesOPlenty-neoforge-1.21.1-21.1.0.14.jar
biomesoplenty	biomesoplenty:stripped_willow_log	BiomesOPlenty-neoforge-1.21.1-21.1.0.14.jar
biomesoplenty	biomesoplenty:stripped_willow_wood	BiomesOPlenty-neoforge-1.21.1-21.1.0.14.jar
biomesoplenty	biomesoplenty:tall_lavender	BiomesOPlenty-neoforge-1.21.1-21.1.0.14.jar
biomesoplenty	biomesoplenty:tall_white_lavender	BiomesOPlenty-neoforge-1.21.1-21.1.0.14.jar
biomesoplenty	biomesoplenty:thermal_calcite	BiomesOPlenty-neoforge-1.21.1-21.1.0.14.jar
biomesoplenty	biomesoplenty:thermal_calcite_vent	BiomesOPlenty-neoforge-1.21.1-21.1.0.14.jar
biomesoplenty	biomesoplenty:tiny_cactus	BiomesOPlenty-neoforge-1.21.1-21.1.0.14.jar
biomesoplenty	biomesoplenty:toadstool	BiomesOPlenty-neoforge-1.21.1-21.1.0.14.jar
biomesoplenty	biomesoplenty:toadstool_block	BiomesOPlenty-neoforge-1.21.1-21.1.0.14.jar
biomesoplenty	biomesoplenty:tundra_shrub	BiomesOPlenty-neoforge-1.21.1-21.1.0.14.jar
biomesoplenty	biomesoplenty:umbran_boat	BiomesOPlenty-neoforge-1.21.1-21.1.0.14.jar
biomesoplenty	biomesoplenty:umbran_button	BiomesOPlenty-neoforge-1.21.1-21.1.0.14.jar
biomesoplenty	biomesoplenty:umbran_chest_boat	BiomesOPlenty-neoforge-1.21.1-21.1.0.14.jar
biomesoplenty	biomesoplenty:umbran_door	BiomesOPlenty-neoforge-1.21.1-21.1.0.14.jar
biomesoplenty	biomesoplenty:umbran_fence	BiomesOPlenty-neoforge-1.21.1-21.1.0.14.jar
biomesoplenty	biomesoplenty:umbran_fence_gate	BiomesOPlenty-neoforge-1.21.1-21.1.0.14.jar
biomesoplenty	biomesoplenty:umbran_hanging_sign	BiomesOPlenty-neoforge-1.21.1-21.1.0.14.jar
biomesoplenty	biomesoplenty:umbran_leaves	BiomesOPlenty-neoforge-1.21.1-21.1.0.14.jar
biomesoplenty	biomesoplenty:umbran_log	BiomesOPlenty-neoforge-1.21.1-21.1.0.14.jar
biomesoplenty	biomesoplenty:umbran_planks	BiomesOPlenty-neoforge-1.21.1-21.1.0.14.jar
biomesoplenty	biomesoplenty:umbran_pressure_plate	BiomesOPlenty-neoforge-1.21.1-21.1.0.14.jar
biomesoplenty	biomesoplenty:umbran_sapling	BiomesOPlenty-neoforge-1.21.1-21.1.0.14.jar
biomesoplenty	biomesoplenty:umbran_sign	BiomesOPlenty-neoforge-1.21.1-21.1.0.14.jar
biomesoplenty	biomesoplenty:umbran_slab	BiomesOPlenty-neoforge-1.21.1-21.1.0.14.jar
biomesoplenty	biomesoplenty:umbran_stairs	BiomesOPlenty-neoforge-1.21.1-21.1.0.14.jar
biomesoplenty	biomesoplenty:umbran_trapdoor	BiomesOPlenty-neoforge-1.21.1-21.1.0.14.jar
biomesoplenty	biomesoplenty:umbran_wood	BiomesOPlenty-neoforge-1.21.1-21.1.0.14.jar
biomesoplenty	biomesoplenty:unmapped_end_stone	BiomesOPlenty-neoforge-1.21.1-21.1.0.14.jar
biomesoplenty	biomesoplenty:violet	BiomesOPlenty-neoforge-1.21.1-21.1.0.14.jar
biomesoplenty	biomesoplenty:watergrass	BiomesOPlenty-neoforge-1.21.1-21.1.0.14.jar
biomesoplenty	biomesoplenty:waterlily	BiomesOPlenty-neoforge-1.21.1-21.1.0.14.jar
biomesoplenty	biomesoplenty:webbing	BiomesOPlenty-neoforge-1.21.1-21.1.0.14.jar
biomesoplenty	biomesoplenty:white_lavender	BiomesOPlenty-neoforge-1.21.1-21.1.0.14.jar
biomesoplenty	biomesoplenty:white_petals	BiomesOPlenty-neoforge-1.21.1-21.1.0.14.jar
biomesoplenty	biomesoplenty:white_sand	BiomesOPlenty-neoforge-1.21.1-21.1.0.14.jar
biomesoplenty	biomesoplenty:white_sandstone	BiomesOPlenty-neoforge-1.21.1-21.1.0.14.jar
biomesoplenty	biomesoplenty:white_sandstone_slab	BiomesOPlenty-neoforge-1.21.1-21.1.0.14.jar
biomesoplenty	biomesoplenty:white_sandstone_stairs	BiomesOPlenty-neoforge-1.21.1-21.1.0.14.jar
biomesoplenty	biomesoplenty:white_sandstone_wall	BiomesOPlenty-neoforge-1.21.1-21.1.0.14.jar
biomesoplenty	biomesoplenty:wildflower	BiomesOPlenty-neoforge-1.21.1-21.1.0.14.jar
biomesoplenty	biomesoplenty:willow_boat	BiomesOPlenty-neoforge-1.21.1-21.1.0.14.jar
biomesoplenty	biomesoplenty:willow_button	BiomesOPlenty-neoforge-1.21.1-21.1.0.14.jar
biomesoplenty	biomesoplenty:willow_chest_boat	BiomesOPlenty-neoforge-1.21.1-21.1.0.14.jar
biomesoplenty	biomesoplenty:willow_door	BiomesOPlenty-neoforge-1.21.1-21.1.0.14.jar
biomesoplenty	biomesoplenty:willow_fence	BiomesOPlenty-neoforge-1.21.1-21.1.0.14.jar
biomesoplenty	biomesoplenty:willow_fence_gate	BiomesOPlenty-neoforge-1.21.1-21.1.0.14.jar
biomesoplenty	biomesoplenty:willow_hanging_sign	BiomesOPlenty-neoforge-1.21.1-21.1.0.14.jar
biomesoplenty	biomesoplenty:willow_leaves	BiomesOPlenty-neoforge-1.21.1-21.1.0.14.jar
biomesoplenty	biomesoplenty:willow_log	BiomesOPlenty-neoforge-1.21.1-21.1.0.14.jar
biomesoplenty	biomesoplenty:willow_planks	BiomesOPlenty-neoforge-1.21.1-21.1.0.14.jar
biomesoplenty	biomesoplenty:willow_pressure_plate	BiomesOPlenty-neoforge-1.21.1-21.1.0.14.jar
biomesoplenty	biomesoplenty:willow_sapling	BiomesOPlenty-neoforge-1.21.1-21.1.0.14.jar
biomesoplenty	biomesoplenty:willow_sign	BiomesOPlenty-neoforge-1.21.1-21.1.0.14.jar
biomesoplenty	biomesoplenty:willow_slab	BiomesOPlenty-neoforge-1.21.1-21.1.0.14.jar
biomesoplenty	biomesoplenty:willow_stairs	BiomesOPlenty-neoforge-1.21.1-21.1.0.14.jar
biomesoplenty	biomesoplenty:willow_trapdoor	BiomesOPlenty-neoforge-1.21.1-21.1.0.14.jar
biomesoplenty	biomesoplenty:willow_vine	BiomesOPlenty-neoforge-1.21.1-21.1.0.14.jar
biomesoplenty	biomesoplenty:willow_wood	BiomesOPlenty-neoforge-1.21.1-21.1.0.14.jar
biomesoplenty	biomesoplenty:wilted_lily	BiomesOPlenty-neoforge-1.21.1-21.1.0.14.jar
biomesoplenty	biomesoplenty:wispjelly	BiomesOPlenty-neoforge-1.21.1-21.1.0.14.jar
biomesoplenty	biomesoplenty:yellow_maple_leaf_pile	BiomesOPlenty-neoforge-1.21.1-21.1.0.14.jar
biomesoplenty	biomesoplenty:yellow_maple_leaves	BiomesOPlenty-neoforge-1.21.1-21.1.0.14.jar
biomesoplenty	biomesoplenty:yellow_maple_sapling	BiomesOPlenty-neoforge-1.21.1-21.1.0.14.jar
block_factorys_bosses	block_factorys_bosses:achievement_icons	block_factorys_bosses-2.1.2-neo-1.21.1.jar
block_factorys_bosses	block_factorys_bosses:achievement_icons_0	block_factorys_bosses-2.1.2-neo-1.21.1.jar
block_factorys_bosses	block_factorys_bosses:achievement_icons_1	block_factorys_bosses-2.1.2-neo-1.21.1.jar
block_factorys_bosses	block_factorys_bosses:achievement_icons_10	block_factorys_bosses-2.1.2-neo-1.21.1.jar
block_factorys_bosses	block_factorys_bosses:achievement_icons_11	block_factorys_bosses-2.1.2-neo-1.21.1.jar
block_factorys_bosses	block_factorys_bosses:achievement_icons_12	block_factorys_bosses-2.1.2-neo-1.21.1.jar
block_factorys_bosses	block_factorys_bosses:achievement_icons_2	block_factorys_bosses-2.1.2-neo-1.21.1.jar
block_factorys_bosses	block_factorys_bosses:achievement_icons_3	block_factorys_bosses-2.1.2-neo-1.21.1.jar
block_factorys_bosses	block_factorys_bosses:achievement_icons_4	block_factorys_bosses-2.1.2-neo-1.21.1.jar
block_factorys_bosses	block_factorys_bosses:achievement_icons_5	block_factorys_bosses-2.1.2-neo-1.21.1.jar
block_factorys_bosses	block_factorys_bosses:achievement_icons_6	block_factorys_bosses-2.1.2-neo-1.21.1.jar
block_factorys_bosses	block_factorys_bosses:achievement_icons_7	block_factorys_bosses-2.1.2-neo-1.21.1.jar
block_factorys_bosses	block_factorys_bosses:achievement_icons_8	block_factorys_bosses-2.1.2-neo-1.21.1.jar
block_factorys_bosses	block_factorys_bosses:achievement_icons_9	block_factorys_bosses-2.1.2-neo-1.21.1.jar
block_factorys_bosses	block_factorys_bosses:anchor	block_factorys_bosses-2.1.2-neo-1.21.1.jar
block_factorys_bosses	block_factorys_bosses:ancient_trial_key	block_factorys_bosses-2.1.2-neo-1.21.1.jar
block_factorys_bosses	block_factorys_bosses:big_cage_item	block_factorys_bosses-2.1.2-neo-1.21.1.jar
block_factorys_bosses	block_factorys_bosses:big_cage_skelly_item	block_factorys_bosses-2.1.2-neo-1.21.1.jar
block_factorys_bosses	block_factorys_bosses:big_chain	block_factorys_bosses-2.1.2-neo-1.21.1.jar
block_factorys_bosses	block_factorys_bosses:big_oak_planks	block_factorys_bosses-2.1.2-neo-1.21.1.jar
block_factorys_bosses	block_factorys_bosses:big_oak_planks_broken	block_factorys_bosses-2.1.2-neo-1.21.1.jar
block_factorys_bosses	block_factorys_bosses:big_oak_planks_cracked	block_factorys_bosses-2.1.2-neo-1.21.1.jar
block_factorys_bosses	block_factorys_bosses:big_oak_planks_straight	block_factorys_bosses-2.1.2-neo-1.21.1.jar
block_factorys_bosses	block_factorys_bosses:big_oak_planks_variation	block_factorys_bosses-2.1.2-neo-1.21.1.jar
block_factorys_bosses	block_factorys_bosses:big_oak_planks_wet	block_factorys_bosses-2.1.2-neo-1.21.1.jar
block_factorys_bosses	block_factorys_bosses:big_oak_planks_wet_broken	block_factorys_bosses-2.1.2-neo-1.21.1.jar
block_factorys_bosses	block_factorys_bosses:big_oak_planks_wet_cracked	block_factorys_bosses-2.1.2-neo-1.21.1.jar
block_factorys_bosses	block_factorys_bosses:big_oak_planks_wet_straight	block_factorys_bosses-2.1.2-neo-1.21.1.jar
block_factorys_bosses	block_factorys_bosses:big_oak_planks_wet_variation	block_factorys_bosses-2.1.2-neo-1.21.1.jar
block_factorys_bosses	block_factorys_bosses:bone_remains	block_factorys_bosses-2.1.2-neo-1.21.1.jar
block_factorys_bosses	block_factorys_bosses:bone_remains_legs	block_factorys_bosses-2.1.2-neo-1.21.1.jar
block_factorys_bosses	block_factorys_bosses:bone_remains_rib_cage	block_factorys_bosses-2.1.2-neo-1.21.1.jar
block_factorys_bosses	block_factorys_bosses:boss_spawner	block_factorys_bosses-2.1.2-neo-1.21.1.jar
block_factorys_bosses	block_factorys_bosses:cage_item	block_factorys_bosses-2.1.2-neo-1.21.1.jar
block_factorys_bosses	block_factorys_bosses:cage_skelly_item	block_factorys_bosses-2.1.2-neo-1.21.1.jar
block_factorys_bosses	block_factorys_bosses:candles	block_factorys_bosses-2.1.2-neo-1.21.1.jar
block_factorys_bosses	block_factorys_bosses:cannonball	block_factorys_bosses-2.1.2-neo-1.21.1.jar
block_factorys_bosses	block_factorys_bosses:coin_pile	block_factorys_bosses-2.1.2-neo-1.21.1.jar
block_factorys_bosses	block_factorys_bosses:corpse	block_factorys_bosses-2.1.2-neo-1.21.1.jar
block_factorys_bosses	block_factorys_bosses:crate	block_factorys_bosses-2.1.2-neo-1.21.1.jar
block_factorys_bosses	block_factorys_bosses:dagger	block_factorys_bosses-2.1.2-neo-1.21.1.jar
block_factorys_bosses	block_factorys_bosses:dead_yeti	block_factorys_bosses-2.1.2-neo-1.21.1.jar
block_factorys_bosses	block_factorys_bosses:dragon_banner	block_factorys_bosses-2.1.2-neo-1.21.1.jar
block_factorys_bosses	block_factorys_bosses:dragon_bone	block_factorys_bosses-2.1.2-neo-1.21.1.jar
block_factorys_bosses	block_factorys_bosses:dragon_bones_boots	block_factorys_bosses-2.1.2-neo-1.21.1.jar
block_factorys_bosses	block_factorys_bosses:dragon_bones_chestplate	block_factorys_bosses-2.1.2-neo-1.21.1.jar
block_factorys_bosses	block_factorys_bosses:dragon_bones_leggings	block_factorys_bosses-2.1.2-neo-1.21.1.jar
block_factorys_bosses	block_factorys_bosses:dragon_flag	block_factorys_bosses-2.1.2-neo-1.21.1.jar
block_factorys_bosses	block_factorys_bosses:dragon_guard_shield	block_factorys_bosses-2.1.2-neo-1.21.1.jar
block_factorys_bosses	block_factorys_bosses:dragon_guard_shield_0	block_factorys_bosses-2.1.2-neo-1.21.1.jar
block_factorys_bosses	block_factorys_bosses:dragon_shank	block_factorys_bosses-2.1.2-neo-1.21.1.jar
block_factorys_bosses	block_factorys_bosses:dragon_skull	block_factorys_bosses-2.1.2-neo-1.21.1.jar
block_factorys_bosses	block_factorys_bosses:enhanced_shield	block_factorys_bosses-2.1.2-neo-1.21.1.jar
block_factorys_bosses	block_factorys_bosses:enhanced_shield_0	block_factorys_bosses-2.1.2-neo-1.21.1.jar
block_factorys_bosses	block_factorys_bosses:guardrail	block_factorys_bosses-2.1.2-neo-1.21.1.jar
block_factorys_bosses	block_factorys_bosses:guardrail_diagonal	block_factorys_bosses-2.1.2-neo-1.21.1.jar
block_factorys_bosses	block_factorys_bosses:ice_block_particules	block_factorys_bosses-2.1.2-neo-1.21.1.jar
block_factorys_bosses	block_factorys_bosses:ice_gauntlet	block_factorys_bosses-2.1.2-neo-1.21.1.jar
block_factorys_bosses	block_factorys_bosses:ice_gauntlet_0	block_factorys_bosses-2.1.2-neo-1.21.1.jar
block_factorys_bosses	block_factorys_bosses:knight_boots	block_factorys_bosses-2.1.2-neo-1.21.1.jar
block_factorys_bosses	block_factorys_bosses:knight_chestplate	block_factorys_bosses-2.1.2-neo-1.21.1.jar
block_factorys_bosses	block_factorys_bosses:knight_helmet	block_factorys_bosses-2.1.2-neo-1.21.1.jar
block_factorys_bosses	block_factorys_bosses:knight_leggings	block_factorys_bosses-2.1.2-neo-1.21.1.jar
block_factorys_bosses	block_factorys_bosses:knight_sword	block_factorys_bosses-2.1.2-neo-1.21.1.jar
block_factorys_bosses	block_factorys_bosses:kraken_cannon_item	block_factorys_bosses-2.1.2-neo-1.21.1.jar
block_factorys_bosses	block_factorys_bosses:kraken_spawner	block_factorys_bosses-2.1.2-neo-1.21.1.jar
block_factorys_bosses	block_factorys_bosses:kraken_tooth	block_factorys_bosses-2.1.2-neo-1.21.1.jar
block_factorys_bosses	block_factorys_bosses:kraken_trident	block_factorys_bosses-2.1.2-neo-1.21.1.jar
block_factorys_bosses	block_factorys_bosses:kraken_trident_item	block_factorys_bosses-2.1.2-neo-1.21.1.jar
block_factorys_bosses	block_factorys_bosses:kraken_trident_model	block_factorys_bosses-2.1.2-neo-1.21.1.jar
block_factorys_bosses	block_factorys_bosses:large_sword	block_factorys_bosses-2.1.2-neo-1.21.1.jar
block_factorys_bosses	block_factorys_bosses:loot_table_stick	block_factorys_bosses-2.1.2-neo-1.21.1.jar
block_factorys_bosses	block_factorys_bosses:loot_table_stick_dragon	block_factorys_bosses-2.1.2-neo-1.21.1.jar
block_factorys_bosses	block_factorys_bosses:loot_table_stick_rare	block_factorys_bosses-2.1.2-neo-1.21.1.jar
block_factorys_bosses	block_factorys_bosses:net	block_factorys_bosses-2.1.2-neo-1.21.1.jar
block_factorys_bosses	block_factorys_bosses:pirate_saber	block_factorys_bosses-2.1.2-neo-1.21.1.jar
block_factorys_bosses	block_factorys_bosses:pirate_saber_item	block_factorys_bosses-2.1.2-neo-1.21.1.jar
block_factorys_bosses	block_factorys_bosses:pirate_saber_model	block_factorys_bosses-2.1.2-neo-1.21.1.jar
block_factorys_bosses	block_factorys_bosses:placeholder	block_factorys_bosses-2.1.2-neo-1.21.1.jar
block_factorys_bosses	block_factorys_bosses:plank	block_factorys_bosses-2.1.2-neo-1.21.1.jar
block_factorys_bosses	block_factorys_bosses:prison_door	block_factorys_bosses-2.1.2-neo-1.21.1.jar
block_factorys_bosses	block_factorys_bosses:rope_roll	block_factorys_bosses-2.1.2-neo-1.21.1.jar
block_factorys_bosses	block_factorys_bosses:rusty_prison_door	block_factorys_bosses-2.1.2-neo-1.21.1.jar
block_factorys_bosses	block_factorys_bosses:sandworm_gauntlet	block_factorys_bosses-2.1.2-neo-1.21.1.jar
block_factorys_bosses	block_factorys_bosses:sandworm_gauntlet_item	block_factorys_bosses-2.1.2-neo-1.21.1.jar
block_factorys_bosses	block_factorys_bosses:ship_lantern	block_factorys_bosses-2.1.2-neo-1.21.1.jar
block_factorys_bosses	block_factorys_bosses:ship_steering_wheel	block_factorys_bosses-2.1.2-neo-1.21.1.jar
block_factorys_bosses	block_factorys_bosses:tall_candles	block_factorys_bosses-2.1.2-neo-1.21.1.jar
block_factorys_bosses	block_factorys_bosses:tall_candles_cross	block_factorys_bosses-2.1.2-neo-1.21.1.jar
block_factorys_bosses	block_factorys_bosses:tall_vase	block_factorys_bosses-2.1.2-neo-1.21.1.jar
block_factorys_bosses	block_factorys_bosses:tp_stick	block_factorys_bosses-2.1.2-neo-1.21.1.jar
block_factorys_bosses	block_factorys_bosses:under_world_tall_candle_cross	block_factorys_bosses-2.1.2-neo-1.21.1.jar
block_factorys_bosses	block_factorys_bosses:underwold_candles	block_factorys_bosses-2.1.2-neo-1.21.1.jar
block_factorys_bosses	block_factorys_bosses:underwold_wall_torch	block_factorys_bosses-2.1.2-neo-1.21.1.jar
block_factorys_bosses	block_factorys_bosses:underworld_arena_door	block_factorys_bosses-2.1.2-neo-1.21.1.jar
block_factorys_bosses	block_factorys_bosses:underworld_arena_key	block_factorys_bosses-2.1.2-neo-1.21.1.jar
block_factorys_bosses	block_factorys_bosses:underworld_arena_key_item	block_factorys_bosses-2.1.2-neo-1.21.1.jar
block_factorys_bosses	block_factorys_bosses:underworld_tall_candles	block_factorys_bosses-2.1.2-neo-1.21.1.jar
block_factorys_bosses	block_factorys_bosses:undying_tentacle	block_factorys_bosses-2.1.2-neo-1.21.1.jar
block_factorys_bosses	block_factorys_bosses:vase	block_factorys_bosses-2.1.2-neo-1.21.1.jar
block_factorys_bosses	block_factorys_bosses:wall_torch	block_factorys_bosses-2.1.2-neo-1.21.1.jar
block_factorys_bosses	block_factorys_bosses:warrior_sword	block_factorys_bosses-2.1.2-neo-1.21.1.jar
block_factorys_bosses	block_factorys_bosses:yeti_ice	block_factorys_bosses-2.1.2-neo-1.21.1.jar
born_in_chaos_v1	born_in_chaos_v1:ai	born_in_chaos_[Neoforge]_1.21.1_1.7.6.jar
born_in_chaos_v1	born_in_chaos_v1:all_charm	born_in_chaos_[Neoforge]_1.21.1_1.7.6.jar
born_in_chaos_v1	born_in_chaos_v1:anluka_doors	born_in_chaos_[Neoforge]_1.21.1_1.7.6.jar
born_in_chaos_v1	born_in_chaos_v1:argillite_lamp	born_in_chaos_[Neoforge]_1.21.1_1.7.6.jar
born_in_chaos_v1	born_in_chaos_v1:armor_plate_from_dark_metal	born_in_chaos_[Neoforge]_1.21.1_1.7.6.jar
born_in_chaos_v1	born_in_chaos_v1:bagof_candy	born_in_chaos_[Neoforge]_1.21.1_1.7.6.jar
born_in_chaos_v1	born_in_chaos_v1:birch_branches	born_in_chaos_[Neoforge]_1.21.1_1.7.6.jar
born_in_chaos_v1	born_in_chaos_v1:black_argillite	born_in_chaos_[Neoforge]_1.21.1_1.7.6.jar
born_in_chaos_v1	born_in_chaos_v1:black_argillite_brick	born_in_chaos_[Neoforge]_1.21.1_1.7.6.jar
born_in_chaos_v1	born_in_chaos_v1:black_argillite_brick_n	born_in_chaos_[Neoforge]_1.21.1_1.7.6.jar
born_in_chaos_v1	born_in_chaos_v1:black_argillite_brick_slab	born_in_chaos_[Neoforge]_1.21.1_1.7.6.jar
born_in_chaos_v1	born_in_chaos_v1:black_argillite_brick_slab_n	born_in_chaos_[Neoforge]_1.21.1_1.7.6.jar
born_in_chaos_v1	born_in_chaos_v1:black_argillite_brick_stairs	born_in_chaos_[Neoforge]_1.21.1_1.7.6.jar
born_in_chaos_v1	born_in_chaos_v1:black_argillite_brick_stairs_n	born_in_chaos_[Neoforge]_1.21.1_1.7.6.jar
born_in_chaos_v1	born_in_chaos_v1:black_argillite_brick_wall	born_in_chaos_[Neoforge]_1.21.1_1.7.6.jar
born_in_chaos_v1	born_in_chaos_v1:black_argillite_brick_wall_n	born_in_chaos_[Neoforge]_1.21.1_1.7.6.jar
born_in_chaos_v1	born_in_chaos_v1:black_argillite_button	born_in_chaos_[Neoforge]_1.21.1_1.7.6.jar
born_in_chaos_v1	born_in_chaos_v1:black_argillite_column	born_in_chaos_[Neoforge]_1.21.1_1.7.6.jar
born_in_chaos_v1	born_in_chaos_v1:black_argillite_column_n	born_in_chaos_[Neoforge]_1.21.1_1.7.6.jar
born_in_chaos_v1	born_in_chaos_v1:black_argillite_column_slab	born_in_chaos_[Neoforge]_1.21.1_1.7.6.jar
born_in_chaos_v1	born_in_chaos_v1:black_argillite_column_slab_n	born_in_chaos_[Neoforge]_1.21.1_1.7.6.jar
born_in_chaos_v1	born_in_chaos_v1:black_argillite_n	born_in_chaos_[Neoforge]_1.21.1_1.7.6.jar
born_in_chaos_v1	born_in_chaos_v1:black_argillite_slab	born_in_chaos_[Neoforge]_1.21.1_1.7.6.jar
born_in_chaos_v1	born_in_chaos_v1:black_argillite_slab_n	born_in_chaos_[Neoforge]_1.21.1_1.7.6.jar
born_in_chaos_v1	born_in_chaos_v1:black_argillite_stairs	born_in_chaos_[Neoforge]_1.21.1_1.7.6.jar
born_in_chaos_v1	born_in_chaos_v1:black_argillite_stairs_n	born_in_chaos_[Neoforge]_1.21.1_1.7.6.jar
born_in_chaos_v1	born_in_chaos_v1:black_argillite_wall	born_in_chaos_[Neoforge]_1.21.1_1.7.6.jar
born_in_chaos_v1	born_in_chaos_v1:black_argillite_wall_n	born_in_chaos_[Neoforge]_1.21.1_1.7.6.jar
born_in_chaos_v1	born_in_chaos_v1:black_argillitepressureplate	born_in_chaos_[Neoforge]_1.21.1_1.7.6.jar
born_in_chaos_v1	born_in_chaos_v1:bloody_gadfly_eye	born_in_chaos_[Neoforge]_1.21.1_1.7.6.jar
born_in_chaos_v1	born_in_chaos_v1:bone_handle	born_in_chaos_[Neoforge]_1.21.1_1.7.6.jar
born_in_chaos_v1	born_in_chaos_v1:bone_heart	born_in_chaos_[Neoforge]_1.21.1_1.7.6.jar
born_in_chaos_v1	born_in_chaos_v1:bonescaller_staff	born_in_chaos_[Neoforge]_1.21.1_1.7.6.jar
born_in_chaos_v1	born_in_chaos_v1:bottle_of_magical_energy	born_in_chaos_[Neoforge]_1.21.1_1.7.6.jar
born_in_chaos_v1	born_in_chaos_v1:bundle_of_bones	born_in_chaos_[Neoforge]_1.21.1_1.7.6.jar
born_in_chaos_v1	born_in_chaos_v1:burythemall_icon	born_in_chaos_[Neoforge]_1.21.1_1.7.6.jar
born_in_chaos_v1	born_in_chaos_v1:c_black_argillite_brick_n	born_in_chaos_[Neoforge]_1.21.1_1.7.6.jar
born_in_chaos_v1	born_in_chaos_v1:caramel_pepper	born_in_chaos_[Neoforge]_1.21.1_1.7.6.jar
born_in_chaos_v1	born_in_chaos_v1:carrot_sword	born_in_chaos_[Neoforge]_1.21.1_1.7.6.jar
born_in_chaos_v1	born_in_chaos_v1:carved_black_argillite	born_in_chaos_[Neoforge]_1.21.1_1.7.6.jar
born_in_chaos_v1	born_in_chaos_v1:carved_black_argillite_n	born_in_chaos_[Neoforge]_1.21.1_1.7.6.jar
born_in_chaos_v1	born_in_chaos_v1:chaos_component	born_in_chaos_[Neoforge]_1.21.1_1.7.6.jar
born_in_chaos_v1	born_in_chaos_v1:chaos_icon	born_in_chaos_[Neoforge]_1.21.1_1.7.6.jar
born_in_chaos_v1	born_in_chaos_v1:charmof_endurance	born_in_chaos_[Neoforge]_1.21.1_1.7.6.jar
born_in_chaos_v1	born_in_chaos_v1:charmof_fury	born_in_chaos_[Neoforge]_1.21.1_1.7.6.jar
born_in_chaos_v1	born_in_chaos_v1:charmof_power	born_in_chaos_[Neoforge]_1.21.1_1.7.6.jar
born_in_chaos_v1	born_in_chaos_v1:charmof_resistance	born_in_chaos_[Neoforge]_1.21.1_1.7.6.jar
born_in_chaos_v1	born_in_chaos_v1:charmof_stealth	born_in_chaos_[Neoforge]_1.21.1_1.7.6.jar
born_in_chaos_v1	born_in_chaos_v1:chipped_black_argillite_brick	born_in_chaos_[Neoforge]_1.21.1_1.7.6.jar
born_in_chaos_v1	born_in_chaos_v1:chocolate_heart	born_in_chaos_[Neoforge]_1.21.1_1.7.6.jar
born_in_chaos_v1	born_in_chaos_v1:closed_hound_trap	born_in_chaos_[Neoforge]_1.21.1_1.7.6.jar
born_in_chaos_v1	born_in_chaos_v1:cobweb_cover	born_in_chaos_[Neoforge]_1.21.1_1.7.6.jar
born_in_chaos_v1	born_in_chaos_v1:coffee_candy	born_in_chaos_[Neoforge]_1.21.1_1.7.6.jar
born_in_chaos_v1	born_in_chaos_v1:corpse_maggot	born_in_chaos_[Neoforge]_1.21.1_1.7.6.jar
born_in_chaos_v1	born_in_chaos_v1:creepy_cookies_with_milk	born_in_chaos_[Neoforge]_1.21.1_1.7.6.jar
born_in_chaos_v1	born_in_chaos_v1:creepy_gift	born_in_chaos_[Neoforge]_1.21.1_1.7.6.jar
born_in_chaos_v1	born_in_chaos_v1:creepy_nutcracker	born_in_chaos_[Neoforge]_1.21.1_1.7.6.jar
born_in_chaos_v1	born_in_chaos_v1:cultivated_pumpkin	born_in_chaos_[Neoforge]_1.21.1_1.7.6.jar
born_in_chaos_v1	born_in_chaos_v1:cursed_scarlet_ornate_glass_pane	born_in_chaos_[Neoforge]_1.21.1_1.7.6.jar
born_in_chaos_v1	born_in_chaos_v1:damned_demomans_hat_helmet	born_in_chaos_[Neoforge]_1.21.1_1.7.6.jar
born_in_chaos_v1	born_in_chaos_v1:dark_atrium	born_in_chaos_[Neoforge]_1.21.1_1.7.6.jar
born_in_chaos_v1	born_in_chaos_v1:dark_charge	born_in_chaos_[Neoforge]_1.21.1_1.7.6.jar
born_in_chaos_v1	born_in_chaos_v1:dark_grid	born_in_chaos_[Neoforge]_1.21.1_1.7.6.jar
born_in_chaos_v1	born_in_chaos_v1:dark_ice	born_in_chaos_[Neoforge]_1.21.1_1.7.6.jar
born_in_chaos_v1	born_in_chaos_v1:dark_metal_armor_boots	born_in_chaos_[Neoforge]_1.21.1_1.7.6.jar
born_in_chaos_v1	born_in_chaos_v1:dark_metal_armor_chestplate	born_in_chaos_[Neoforge]_1.21.1_1.7.6.jar
born_in_chaos_v1	born_in_chaos_v1:dark_metal_armor_helmet	born_in_chaos_[Neoforge]_1.21.1_1.7.6.jar
born_in_chaos_v1	born_in_chaos_v1:dark_metal_armor_leggings	born_in_chaos_[Neoforge]_1.21.1_1.7.6.jar
born_in_chaos_v1	born_in_chaos_v1:dark_metal_block	born_in_chaos_[Neoforge]_1.21.1_1.7.6.jar
born_in_chaos_v1	born_in_chaos_v1:dark_metal_deposit	born_in_chaos_[Neoforge]_1.21.1_1.7.6.jar
born_in_chaos_v1	born_in_chaos_v1:dark_metal_ingot	born_in_chaos_[Neoforge]_1.21.1_1.7.6.jar
born_in_chaos_v1	born_in_chaos_v1:dark_metal_nugget	born_in_chaos_[Neoforge]_1.21.1_1.7.6.jar
born_in_chaos_v1	born_in_chaos_v1:dark_ritual_dagger	born_in_chaos_[Neoforge]_1.21.1_1.7.6.jar
born_in_chaos_v1	born_in_chaos_v1:dark_rod	born_in_chaos_[Neoforge]_1.21.1_1.7.6.jar
born_in_chaos_v1	born_in_chaos_v1:dark_stained_glass	born_in_chaos_[Neoforge]_1.21.1_1.7.6.jar
born_in_chaos_v1	born_in_chaos_v1:dark_stained_glass_panel	born_in_chaos_[Neoforge]_1.21.1_1.7.6.jar
born_in_chaos_v1	born_in_chaos_v1:dark_upgrade	born_in_chaos_[Neoforge]_1.21.1_1.7.6.jar
born_in_chaos_v1	born_in_chaos_v1:darkwarblade	born_in_chaos_[Neoforge]_1.21.1_1.7.6.jar
born_in_chaos_v1	born_in_chaos_v1:death_totem	born_in_chaos_[Neoforge]_1.21.1_1.7.6.jar
born_in_chaos_v1	born_in_chaos_v1:deceived_hopes_icon	born_in_chaos_[Neoforge]_1.21.1_1.7.6.jar
born_in_chaos_v1	born_in_chaos_v1:diamond_termite_shard	born_in_chaos_[Neoforge]_1.21.1_1.7.6.jar
born_in_chaos_v1	born_in_chaos_v1:double_troubleicon	born_in_chaos_[Neoforge]_1.21.1_1.7.6.jar
born_in_chaos_v1	born_in_chaos_v1:elixir_of_vampirism	born_in_chaos_[Neoforge]_1.21.1_1.7.6.jar
born_in_chaos_v1	born_in_chaos_v1:elixirof_ice_barrier	born_in_chaos_[Neoforge]_1.21.1_1.7.6.jar
born_in_chaos_v1	born_in_chaos_v1:elixirof_insect_protection	born_in_chaos_[Neoforge]_1.21.1_1.7.6.jar
born_in_chaos_v1	born_in_chaos_v1:elixirof_wither_resistance	born_in_chaos_[Neoforge]_1.21.1_1.7.6.jar
born_in_chaos_v1	born_in_chaos_v1:empty_fel_lamp	born_in_chaos_[Neoforge]_1.21.1_1.7.6.jar
born_in_chaos_v1	born_in_chaos_v1:eternal_candy	born_in_chaos_[Neoforge]_1.21.1_1.7.6.jar
born_in_chaos_v1	born_in_chaos_v1:ethereal_spirit	born_in_chaos_[Neoforge]_1.21.1_1.7.6.jar
born_in_chaos_v1	born_in_chaos_v1:evil_carved_pumpkin	born_in_chaos_[Neoforge]_1.21.1_1.7.6.jar
born_in_chaos_v1	born_in_chaos_v1:evilometer	born_in_chaos_[Neoforge]_1.21.1_1.7.6.jar
born_in_chaos_v1	born_in_chaos_v1:evilometer_0	born_in_chaos_[Neoforge]_1.21.1_1.7.6.jar
born_in_chaos_v1	born_in_chaos_v1:evilometer_1	born_in_chaos_[Neoforge]_1.21.1_1.7.6.jar
born_in_chaos_v1	born_in_chaos_v1:evilometer_2	born_in_chaos_[Neoforge]_1.21.1_1.7.6.jar
born_in_chaos_v1	born_in_chaos_v1:evilometer_3	born_in_chaos_[Neoforge]_1.21.1_1.7.6.jar
born_in_chaos_v1	born_in_chaos_v1:excessflyswattericon	born_in_chaos_[Neoforge]_1.21.1_1.7.6.jar
born_in_chaos_v1	born_in_chaos_v1:exorcism_icon	born_in_chaos_[Neoforge]_1.21.1_1.7.6.jar
born_in_chaos_v1	born_in_chaos_v1:fangofthe_hound_leader	born_in_chaos_[Neoforge]_1.21.1_1.7.6.jar
born_in_chaos_v1	born_in_chaos_v1:fel_lamp	born_in_chaos_[Neoforge]_1.21.1_1.7.6.jar
born_in_chaos_v1	born_in_chaos_v1:fel_soil	born_in_chaos_[Neoforge]_1.21.1_1.7.6.jar
born_in_chaos_v1	born_in_chaos_v1:fel_soil_destructible	born_in_chaos_[Neoforge]_1.21.1_1.7.6.jar
born_in_chaos_v1	born_in_chaos_v1:fire_dust	born_in_chaos_[Neoforge]_1.21.1_1.7.6.jar
born_in_chaos_v1	born_in_chaos_v1:fired_black_argillite	born_in_chaos_[Neoforge]_1.21.1_1.7.6.jar
born_in_chaos_v1	born_in_chaos_v1:fired_black_argillite_n	born_in_chaos_[Neoforge]_1.21.1_1.7.6.jar
born_in_chaos_v1	born_in_chaos_v1:flaming_evil_pumpkin	born_in_chaos_[Neoforge]_1.21.1_1.7.6.jar
born_in_chaos_v1	born_in_chaos_v1:fragile_scorched_boards	born_in_chaos_[Neoforge]_1.21.1_1.7.6.jar
born_in_chaos_v1	born_in_chaos_v1:fried_maggot	born_in_chaos_[Neoforge]_1.21.1_1.7.6.jar
born_in_chaos_v1	born_in_chaos_v1:frostbitten_blade	born_in_chaos_[Neoforge]_1.21.1_1.7.6.jar
born_in_chaos_v1	born_in_chaos_v1:fused_bone	born_in_chaos_[Neoforge]_1.21.1_1.7.6.jar
born_in_chaos_v1	born_in_chaos_v1:gnawed_bones	born_in_chaos_[Neoforge]_1.21.1_1.7.6.jar
born_in_chaos_v1	born_in_chaos_v1:good_demoman_icon	born_in_chaos_[Neoforge]_1.21.1_1.7.6.jar
born_in_chaos_v1	born_in_chaos_v1:gravestone_icon	born_in_chaos_[Neoforge]_1.21.1_1.7.6.jar
born_in_chaos_v1	born_in_chaos_v1:great_reaper_axe	born_in_chaos_[Neoforge]_1.21.1_1.7.6.jar
born_in_chaos_v1	born_in_chaos_v1:green_stained_glass	born_in_chaos_[Neoforge]_1.21.1_1.7.6.jar
born_in_chaos_v1	born_in_chaos_v1:green_stained_glass_panel	born_in_chaos_[Neoforge]_1.21.1_1.7.6.jar
born_in_chaos_v1	born_in_chaos_v1:gummy_vampire_teeth	born_in_chaos_[Neoforge]_1.21.1_1.7.6.jar
born_in_chaos_v1	born_in_chaos_v1:hats	born_in_chaos_[Neoforge]_1.21.1_1.7.6.jar
born_in_chaos_v1	born_in_chaos_v1:holiday_candy	born_in_chaos_[Neoforge]_1.21.1_1.7.6.jar
born_in_chaos_v1	born_in_chaos_v1:hound_trap	born_in_chaos_[Neoforge]_1.21.1_1.7.6.jar
born_in_chaos_v1	born_in_chaos_v1:icy_sweetness	born_in_chaos_[Neoforge]_1.21.1_1.7.6.jar
born_in_chaos_v1	born_in_chaos_v1:infected_deepslate_diamond_ore	born_in_chaos_[Neoforge]_1.21.1_1.7.6.jar
born_in_chaos_v1	born_in_chaos_v1:infected_diamond_ore	born_in_chaos_[Neoforge]_1.21.1_1.7.6.jar
born_in_chaos_v1	born_in_chaos_v1:infernal_evil_pumpkin	born_in_chaos_[Neoforge]_1.21.1_1.7.6.jar
born_in_chaos_v1	born_in_chaos_v1:infernal_evil_pumpkin_s	born_in_chaos_[Neoforge]_1.21.1_1.7.6.jar
born_in_chaos_v1	born_in_chaos_v1:infernal_medicine_icon	born_in_chaos_[Neoforge]_1.21.1_1.7.6.jar
born_in_chaos_v1	born_in_chaos_v1:intoxicatind_bomb	born_in_chaos_[Neoforge]_1.21.1_1.7.6.jar
born_in_chaos_v1	born_in_chaos_v1:intoxicating_dagger	born_in_chaos_[Neoforge]_1.21.1_1.7.6.jar
born_in_chaos_v1	born_in_chaos_v1:intoxicating_decoction	born_in_chaos_[Neoforge]_1.21.1_1.7.6.jar
born_in_chaos_v1	born_in_chaos_v1:killer_rabbit_ears_helmet	born_in_chaos_[Neoforge]_1.21.1_1.7.6.jar
born_in_chaos_v1	born_in_chaos_v1:krampus_horn	born_in_chaos_[Neoforge]_1.21.1_1.7.6.jar
born_in_chaos_v1	born_in_chaos_v1:krampuss_bag	born_in_chaos_[Neoforge]_1.21.1_1.7.6.jar
born_in_chaos_v1	born_in_chaos_v1:lifestealer_bone	born_in_chaos_[Neoforge]_1.21.1_1.7.6.jar
born_in_chaos_v1	born_in_chaos_v1:lifestealer_skull	born_in_chaos_[Neoforge]_1.21.1_1.7.6.jar
born_in_chaos_v1	born_in_chaos_v1:lifeturnedouttobeacomedyicon	born_in_chaos_[Neoforge]_1.21.1_1.7.6.jar
born_in_chaos_v1	born_in_chaos_v1:lord_pumpkinhead_icon	born_in_chaos_[Neoforge]_1.21.1_1.7.6.jar
born_in_chaos_v1	born_in_chaos_v1:lord_pumpkinheads_empty_lamp	born_in_chaos_[Neoforge]_1.21.1_1.7.6.jar
born_in_chaos_v1	born_in_chaos_v1:lord_pumpkinheads_hat_helmet	born_in_chaos_[Neoforge]_1.21.1_1.7.6.jar
born_in_chaos_v1	born_in_chaos_v1:lord_pumpkinheads_lamp	born_in_chaos_[Neoforge]_1.21.1_1.7.6.jar
born_in_chaos_v1	born_in_chaos_v1:magical_holiday_candy	born_in_chaos_[Neoforge]_1.21.1_1.7.6.jar
born_in_chaos_v1	born_in_chaos_v1:magicskull	born_in_chaos_[Neoforge]_1.21.1_1.7.6.jar
born_in_chaos_v1	born_in_chaos_v1:marigolds	born_in_chaos_[Neoforge]_1.21.1_1.7.6.jar
born_in_chaos_v1	born_in_chaos_v1:mesh_door	born_in_chaos_[Neoforge]_1.21.1_1.7.6.jar
born_in_chaos_v1	born_in_chaos_v1:mint_candy	born_in_chaos_[Neoforge]_1.21.1_1.7.6.jar
born_in_chaos_v1	born_in_chaos_v1:mint_ice_cream	born_in_chaos_[Neoforge]_1.21.1_1.7.6.jar
born_in_chaos_v1	born_in_chaos_v1:missionary_hat_helmet	born_in_chaos_[Neoforge]_1.21.1_1.7.6.jar
born_in_chaos_v1	born_in_chaos_v1:missionaryicon	born_in_chaos_[Neoforge]_1.21.1_1.7.6.jar
born_in_chaos_v1	born_in_chaos_v1:monster_flesh	born_in_chaos_[Neoforge]_1.21.1_1.7.6.jar
born_in_chaos_v1	born_in_chaos_v1:monster_skin	born_in_chaos_[Neoforge]_1.21.1_1.7.6.jar
born_in_chaos_v1	born_in_chaos_v1:monstrous_easter_egg	born_in_chaos_[Neoforge]_1.21.1_1.7.6.jar
born_in_chaos_v1	born_in_chaos_v1:mossy_black_argillite_brick	born_in_chaos_[Neoforge]_1.21.1_1.7.6.jar
born_in_chaos_v1	born_in_chaos_v1:mossy_black_argillite_brick_n	born_in_chaos_[Neoforge]_1.21.1_1.7.6.jar
born_in_chaos_v1	born_in_chaos_v1:nightmare_claw	born_in_chaos_[Neoforge]_1.21.1_1.7.6.jar
born_in_chaos_v1	born_in_chaos_v1:nightmare_mantleofthe_night_boots	born_in_chaos_[Neoforge]_1.21.1_1.7.6.jar
born_in_chaos_v1	born_in_chaos_v1:nightmare_mantleofthe_night_chestplate	born_in_chaos_[Neoforge]_1.21.1_1.7.6.jar
born_in_chaos_v1	born_in_chaos_v1:nightmare_mantleofthe_night_helmet	born_in_chaos_[Neoforge]_1.21.1_1.7.6.jar
born_in_chaos_v1	born_in_chaos_v1:nightmare_mantleofthe_night_leggings	born_in_chaos_[Neoforge]_1.21.1_1.7.6.jar
born_in_chaos_v1	born_in_chaos_v1:nightmare_scythe	born_in_chaos_[Neoforge]_1.21.1_1.7.6.jar
born_in_chaos_v1	born_in_chaos_v1:nightmare_stalker_skull	born_in_chaos_[Neoforge]_1.21.1_1.7.6.jar
born_in_chaos_v1	born_in_chaos_v1:nut_hammer	born_in_chaos_[Neoforge]_1.21.1_1.7.6.jar
born_in_chaos_v1	born_in_chaos_v1:orange_stained_glass	born_in_chaos_[Neoforge]_1.21.1_1.7.6.jar
born_in_chaos_v1	born_in_chaos_v1:orange_stained_glass_panel	born_in_chaos_[Neoforge]_1.21.1_1.7.6.jar
born_in_chaos_v1	born_in_chaos_v1:orbofthe_summoner	born_in_chaos_[Neoforge]_1.21.1_1.7.6.jar
born_in_chaos_v1	born_in_chaos_v1:permafrost_shard	born_in_chaos_[Neoforge]_1.21.1_1.7.6.jar
born_in_chaos_v1	born_in_chaos_v1:phantom_bomb	born_in_chaos_[Neoforge]_1.21.1_1.7.6.jar
born_in_chaos_v1	born_in_chaos_v1:phantom_powder	born_in_chaos_[Neoforge]_1.21.1_1.7.6.jar
born_in_chaos_v1	born_in_chaos_v1:pieceofdarkmetal	born_in_chaos_[Neoforge]_1.21.1_1.7.6.jar
born_in_chaos_v1	born_in_chaos_v1:pile_of_skulls	born_in_chaos_[Neoforge]_1.21.1_1.7.6.jar
born_in_chaos_v1	born_in_chaos_v1:pileof_dark_metal	born_in_chaos_[Neoforge]_1.21.1_1.7.6.jar
born_in_chaos_v1	born_in_chaos_v1:potion_of_rampage	born_in_chaos_[Neoforge]_1.21.1_1.7.6.jar
born_in_chaos_v1	born_in_chaos_v1:puddleof_stimulation	born_in_chaos_[Neoforge]_1.21.1_1.7.6.jar
born_in_chaos_v1	born_in_chaos_v1:puddleofintoxication	born_in_chaos_[Neoforge]_1.21.1_1.7.6.jar
born_in_chaos_v1	born_in_chaos_v1:pumpkin_bullet	born_in_chaos_[Neoforge]_1.21.1_1.7.6.jar
born_in_chaos_v1	born_in_chaos_v1:pumpkin_spirit_icon	born_in_chaos_[Neoforge]_1.21.1_1.7.6.jar
born_in_chaos_v1	born_in_chaos_v1:pumpkinhandgun	born_in_chaos_[Neoforge]_1.21.1_1.7.6.jar
born_in_chaos_v1	born_in_chaos_v1:pumpkinhead_icon	born_in_chaos_[Neoforge]_1.21.1_1.7.6.jar
born_in_chaos_v1	born_in_chaos_v1:pumpkinstaffa	born_in_chaos_[Neoforge]_1.21.1_1.7.6.jar
born_in_chaos_v1	born_in_chaos_v1:purple_stained_glass	born_in_chaos_[Neoforge]_1.21.1_1.7.6.jar
born_in_chaos_v1	born_in_chaos_v1:purple_stained_glass_panel	born_in_chaos_[Neoforge]_1.21.1_1.7.6.jar
born_in_chaos_v1	born_in_chaos_v1:river_mint	born_in_chaos_[Neoforge]_1.21.1_1.7.6.jar
born_in_chaos_v1	born_in_chaos_v1:rotten_easter_egg	born_in_chaos_[Neoforge]_1.21.1_1.7.6.jar
born_in_chaos_v1	born_in_chaos_v1:rotten_fish	born_in_chaos_[Neoforge]_1.21.1_1.7.6.jar
born_in_chaos_v1	born_in_chaos_v1:rotten_infernal_pumpkin	born_in_chaos_[Neoforge]_1.21.1_1.7.6.jar
born_in_chaos_v1	born_in_chaos_v1:rotten_soil	born_in_chaos_[Neoforge]_1.21.1_1.7.6.jar
born_in_chaos_v1	born_in_chaos_v1:scarlet_stained_glass	born_in_chaos_[Neoforge]_1.21.1_1.7.6.jar
born_in_chaos_v1	born_in_chaos_v1:scarlet_stained_glass_panel	born_in_chaos_[Neoforge]_1.21.1_1.7.6.jar
born_in_chaos_v1	born_in_chaos_v1:scorched_log	born_in_chaos_[Neoforge]_1.21.1_1.7.6.jar
born_in_chaos_v1	born_in_chaos_v1:scorched_planks	born_in_chaos_[Neoforge]_1.21.1_1.7.6.jar
born_in_chaos_v1	born_in_chaos_v1:scorched_planks_button	born_in_chaos_[Neoforge]_1.21.1_1.7.6.jar
born_in_chaos_v1	born_in_chaos_v1:scorched_planks_door	born_in_chaos_[Neoforge]_1.21.1_1.7.6.jar
born_in_chaos_v1	born_in_chaos_v1:scorched_planks_fence	born_in_chaos_[Neoforge]_1.21.1_1.7.6.jar
born_in_chaos_v1	born_in_chaos_v1:scorched_planks_fence_gate	born_in_chaos_[Neoforge]_1.21.1_1.7.6.jar
born_in_chaos_v1	born_in_chaos_v1:scorched_planks_pressure_plates	born_in_chaos_[Neoforge]_1.21.1_1.7.6.jar
born_in_chaos_v1	born_in_chaos_v1:scorched_planks_slab	born_in_chaos_[Neoforge]_1.21.1_1.7.6.jar
born_in_chaos_v1	born_in_chaos_v1:scorched_planks_stairs	born_in_chaos_[Neoforge]_1.21.1_1.7.6.jar
born_in_chaos_v1	born_in_chaos_v1:scorched_planks_trapdoor	born_in_chaos_[Neoforge]_1.21.1_1.7.6.jar
born_in_chaos_v1	born_in_chaos_v1:scorched_wood	born_in_chaos_[Neoforge]_1.21.1_1.7.6.jar
born_in_chaos_v1	born_in_chaos_v1:sea_terror_eye	born_in_chaos_[Neoforge]_1.21.1_1.7.6.jar
born_in_chaos_v1	born_in_chaos_v1:sea_terror_stomach	born_in_chaos_[Neoforge]_1.21.1_1.7.6.jar
born_in_chaos_v1	born_in_chaos_v1:seedof_chaos	born_in_chaos_[Neoforge]_1.21.1_1.7.6.jar
born_in_chaos_v1	born_in_chaos_v1:serpumpkinhead_m	born_in_chaos_[Neoforge]_1.21.1_1.7.6.jar
born_in_chaos_v1	born_in_chaos_v1:shakeand_mixicon	born_in_chaos_[Neoforge]_1.21.1_1.7.6.jar
born_in_chaos_v1	born_in_chaos_v1:sharpened_dark_metal_sword	born_in_chaos_[Neoforge]_1.21.1_1.7.6.jar
born_in_chaos_v1	born_in_chaos_v1:shattered_skull	born_in_chaos_[Neoforge]_1.21.1_1.7.6.jar
born_in_chaos_v1	born_in_chaos_v1:shell_mace	born_in_chaos_[Neoforge]_1.21.1_1.7.6.jar
born_in_chaos_v1	born_in_chaos_v1:skullbreaker_hammer	born_in_chaos_[Neoforge]_1.21.1_1.7.6.jar
born_in_chaos_v1	born_in_chaos_v1:smoked_fish	born_in_chaos_[Neoforge]_1.21.1_1.7.6.jar
born_in_chaos_v1	born_in_chaos_v1:smoked_flesh	born_in_chaos_[Neoforge]_1.21.1_1.7.6.jar
born_in_chaos_v1	born_in_chaos_v1:smoked_monster_flesh	born_in_chaos_[Neoforge]_1.21.1_1.7.6.jar
born_in_chaos_v1	born_in_chaos_v1:smoldering_infernal_ember	born_in_chaos_[Neoforge]_1.21.1_1.7.6.jar
born_in_chaos_v1	born_in_chaos_v1:smoldering_scorched_log	born_in_chaos_[Neoforge]_1.21.1_1.7.6.jar
born_in_chaos_v1	born_in_chaos_v1:smoldering_scorched_wood	born_in_chaos_[Neoforge]_1.21.1_1.7.6.jar
born_in_chaos_v1	born_in_chaos_v1:soul_cutlass	born_in_chaos_[Neoforge]_1.21.1_1.7.6.jar
born_in_chaos_v1	born_in_chaos_v1:soulbane	born_in_chaos_[Neoforge]_1.21.1_1.7.6.jar
born_in_chaos_v1	born_in_chaos_v1:spawn_structure_mound_hounds	born_in_chaos_[Neoforge]_1.21.1_1.7.6.jar
born_in_chaos_v1	born_in_chaos_v1:spawn_structures_clown_cart	born_in_chaos_[Neoforge]_1.21.1_1.7.6.jar
born_in_chaos_v1	born_in_chaos_v1:spawn_structures_dark_tower	born_in_chaos_[Neoforge]_1.21.1_1.7.6.jar
born_in_chaos_v1	born_in_chaos_v1:spawn_structures_farm	born_in_chaos_[Neoforge]_1.21.1_1.7.6.jar
born_in_chaos_v1	born_in_chaos_v1:spawn_structures_firewell	born_in_chaos_[Neoforge]_1.21.1_1.7.6.jar
born_in_chaos_v1	born_in_chaos_v1:spawn_structures_lookout_tower	born_in_chaos_[Neoforge]_1.21.1_1.7.6.jar
born_in_chaos_v1	born_in_chaos_v1:spider_bite_sword	born_in_chaos_[Neoforge]_1.21.1_1.7.6.jar
born_in_chaos_v1	born_in_chaos_v1:spider_mandible	born_in_chaos_[Neoforge]_1.21.1_1.7.6.jar
born_in_chaos_v1	born_in_chaos_v1:spiny_shell	born_in_chaos_[Neoforge]_1.21.1_1.7.6.jar
born_in_chaos_v1	born_in_chaos_v1:spiny_shell_armor_chestplate	born_in_chaos_[Neoforge]_1.21.1_1.7.6.jar
born_in_chaos_v1	born_in_chaos_v1:spiny_shell_armor_helmet	born_in_chaos_[Neoforge]_1.21.1_1.7.6.jar
born_in_chaos_v1	born_in_chaos_v1:spiny_shell_trap	born_in_chaos_[Neoforge]_1.21.1_1.7.6.jar
born_in_chaos_v1	born_in_chaos_v1:spirit_guideicon	born_in_chaos_[Neoforge]_1.21.1_1.7.6.jar
born_in_chaos_v1	born_in_chaos_v1:spiritual_dust	born_in_chaos_[Neoforge]_1.21.1_1.7.6.jar
born_in_chaos_v1	born_in_chaos_v1:spiritual_easter_egg	born_in_chaos_[Neoforge]_1.21.1_1.7.6.jar
born_in_chaos_v1	born_in_chaos_v1:spiritual_gingerbread	born_in_chaos_[Neoforge]_1.21.1_1.7.6.jar
born_in_chaos_v1	born_in_chaos_v1:spiritual_guide_sombrero_helmet	born_in_chaos_[Neoforge]_1.21.1_1.7.6.jar
born_in_chaos_v1	born_in_chaos_v1:spiritual_sword	born_in_chaos_[Neoforge]_1.21.1_1.7.6.jar
born_in_chaos_v1	born_in_chaos_v1:spooky_snowman_head	born_in_chaos_[Neoforge]_1.21.1_1.7.6.jar
born_in_chaos_v1	born_in_chaos_v1:spruce_cowboy_in_the_moonlighticon	born_in_chaos_[Neoforge]_1.21.1_1.7.6.jar
born_in_chaos_v1	born_in_chaos_v1:squireofthedarklordicon	born_in_chaos_[Neoforge]_1.21.1_1.7.6.jar
born_in_chaos_v1	born_in_chaos_v1:staff_of_magic_arrows	born_in_chaos_[Neoforge]_1.21.1_1.7.6.jar
born_in_chaos_v1	born_in_chaos_v1:staffof_blindness	born_in_chaos_[Neoforge]_1.21.1_1.7.6.jar
born_in_chaos_v1	born_in_chaos_v1:stained_black_argillite_brick	born_in_chaos_[Neoforge]_1.21.1_1.7.6.jar
born_in_chaos_v1	born_in_chaos_v1:stained_black_argillite_brick_n	born_in_chaos_[Neoforge]_1.21.1_1.7.6.jar
born_in_chaos_v1	born_in_chaos_v1:stimulating_bomb	born_in_chaos_[Neoforge]_1.21.1_1.7.6.jar
born_in_chaos_v1	born_in_chaos_v1:stimulating_decoction	born_in_chaos_[Neoforge]_1.21.1_1.7.6.jar
born_in_chaos_v1	born_in_chaos_v1:stop_hammer	born_in_chaos_[Neoforge]_1.21.1_1.7.6.jar
born_in_chaos_v1	born_in_chaos_v1:stormcallers_horn	born_in_chaos_[Neoforge]_1.21.1_1.7.6.jar
born_in_chaos_v1	born_in_chaos_v1:stripped_scorched_log	born_in_chaos_[Neoforge]_1.21.1_1.7.6.jar
born_in_chaos_v1	born_in_chaos_v1:stripped_scorched_wood	born_in_chaos_[Neoforge]_1.21.1_1.7.6.jar
born_in_chaos_v1	born_in_chaos_v1:supreme_measure	born_in_chaos_[Neoforge]_1.21.1_1.7.6.jar
born_in_chaos_v1	born_in_chaos_v1:sweet_axe	born_in_chaos_[Neoforge]_1.21.1_1.7.6.jar
born_in_chaos_v1	born_in_chaos_v1:sweet_sword	born_in_chaos_[Neoforge]_1.21.1_1.7.6.jar
born_in_chaos_v1	born_in_chaos_v1:tombstone_2_dling	born_in_chaos_[Neoforge]_1.21.1_1.7.6.jar
born_in_chaos_v1	born_in_chaos_v1:tombstone_2003wise	born_in_chaos_[Neoforge]_1.21.1_1.7.6.jar
born_in_chaos_v1	born_in_chaos_v1:tombstone_carrion	born_in_chaos_[Neoforge]_1.21.1_1.7.6.jar
born_in_chaos_v1	born_in_chaos_v1:tombstone_d_4rkdevilx	born_in_chaos_[Neoforge]_1.21.1_1.7.6.jar
born_in_chaos_v1	born_in_chaos_v1:tombstone_dark_titan_066	born_in_chaos_[Neoforge]_1.21.1_1.7.6.jar
born_in_chaos_v1	born_in_chaos_v1:tombstone_derivas	born_in_chaos_[Neoforge]_1.21.1_1.7.6.jar
born_in_chaos_v1	born_in_chaos_v1:tombstone_euthymia	born_in_chaos_[Neoforge]_1.21.1_1.7.6.jar
born_in_chaos_v1	born_in_chaos_v1:tombstone_feral	born_in_chaos_[Neoforge]_1.21.1_1.7.6.jar
born_in_chaos_v1	born_in_chaos_v1:tombstone_fubuki_banzai	born_in_chaos_[Neoforge]_1.21.1_1.7.6.jar
born_in_chaos_v1	born_in_chaos_v1:tombstone_memesus	born_in_chaos_[Neoforge]_1.21.1_1.7.6.jar
born_in_chaos_v1	born_in_chaos_v1:tombstone_mike_rory	born_in_chaos_[Neoforge]_1.21.1_1.7.6.jar
born_in_chaos_v1	born_in_chaos_v1:tombstone_nino_4416	born_in_chaos_[Neoforge]_1.21.1_1.7.6.jar
born_in_chaos_v1	born_in_chaos_v1:tombstone_orion	born_in_chaos_[Neoforge]_1.21.1_1.7.6.jar
born_in_chaos_v1	born_in_chaos_v1:tombstone_petasi	born_in_chaos_[Neoforge]_1.21.1_1.7.6.jar
born_in_chaos_v1	born_in_chaos_v1:tombstone_plug	born_in_chaos_[Neoforge]_1.21.1_1.7.6.jar
born_in_chaos_v1	born_in_chaos_v1:tombstone_rotborne	born_in_chaos_[Neoforge]_1.21.1_1.7.6.jar
born_in_chaos_v1	born_in_chaos_v1:tombstone_somfunambulist	born_in_chaos_[Neoforge]_1.21.1_1.7.6.jar
born_in_chaos_v1	born_in_chaos_v1:tombstone_tem_187	born_in_chaos_[Neoforge]_1.21.1_1.7.6.jar
born_in_chaos_v1	born_in_chaos_v1:tombstone_the_gentleman_frog	born_in_chaos_[Neoforge]_1.21.1_1.7.6.jar
born_in_chaos_v1	born_in_chaos_v1:transformative_flower	born_in_chaos_[Neoforge]_1.21.1_1.7.6.jar
born_in_chaos_v1	born_in_chaos_v1:transforming_easter_cake	born_in_chaos_[Neoforge]_1.21.1_1.7.6.jar
born_in_chaos_v1	born_in_chaos_v1:transmuting_elixir	born_in_chaos_[Neoforge]_1.21.1_1.7.6.jar
born_in_chaos_v1	born_in_chaos_v1:trident_hayfork	born_in_chaos_[Neoforge]_1.21.1_1.7.6.jar
born_in_chaos_v1	born_in_chaos_v1:webbed_cobblestone	born_in_chaos_[Neoforge]_1.21.1_1.7.6.jar
born_in_chaos_v1	born_in_chaos_v1:wood_splitter_axe	born_in_chaos_[Neoforge]_1.21.1_1.7.6.jar
bosses_of_mass_destruction	bosses_of_mass_destruction:ancient_anima	BOMD-NeoForge-1.21-1.3.2.jar
bosses_of_mass_destruction	bosses_of_mass_destruction:blazing_eye	BOMD-NeoForge-1.21-1.3.2.jar
bosses_of_mass_destruction	bosses_of_mass_destruction:brimstone_nectar	BOMD-NeoForge-1.21-1.3.2.jar
bosses_of_mass_destruction	bosses_of_mass_destruction:charged_ender_pearl	BOMD-NeoForge-1.21-1.3.2.jar
bosses_of_mass_destruction	bosses_of_mass_destruction:chiseled_stone_altar	BOMD-NeoForge-1.21-1.3.2.jar
bosses_of_mass_destruction	bosses_of_mass_destruction:crystal_fruit	BOMD-NeoForge-1.21-1.3.2.jar
bosses_of_mass_destruction	bosses_of_mass_destruction:earthdive_spear	BOMD-NeoForge-1.21-1.3.2.jar
bosses_of_mass_destruction	bosses_of_mass_destruction:earthdive_spear_throwing	BOMD-NeoForge-1.21-1.3.2.jar
bosses_of_mass_destruction	bosses_of_mass_destruction:gauntlet_blackstone	BOMD-NeoForge-1.21-1.3.2.jar
bosses_of_mass_destruction	bosses_of_mass_destruction:levitation_block	BOMD-NeoForge-1.21-1.3.2.jar
bosses_of_mass_destruction	bosses_of_mass_destruction:mob_ward	BOMD-NeoForge-1.21-1.3.2.jar
bosses_of_mass_destruction	bosses_of_mass_destruction:monolith_block	BOMD-NeoForge-1.21-1.3.2.jar
bosses_of_mass_destruction	bosses_of_mass_destruction:obsidian_heart	BOMD-NeoForge-1.21-1.3.2.jar
bosses_of_mass_destruction	bosses_of_mass_destruction:obsidilith_end_frame	BOMD-NeoForge-1.21-1.3.2.jar
bosses_of_mass_destruction	bosses_of_mass_destruction:obsidilith_rune	BOMD-NeoForge-1.21-1.3.2.jar
bosses_of_mass_destruction	bosses_of_mass_destruction:sealed_blackstone	BOMD-NeoForge-1.21-1.3.2.jar
bosses_of_mass_destruction	bosses_of_mass_destruction:soul_star	BOMD-NeoForge-1.21-1.3.2.jar
bosses_of_mass_destruction	bosses_of_mass_destruction:spear	BOMD-NeoForge-1.21-1.3.2.jar
bosses_of_mass_destruction	bosses_of_mass_destruction:throwing	BOMD-NeoForge-1.21-1.3.2.jar
bosses_of_mass_destruction	bosses_of_mass_destruction:vine_wall	BOMD-NeoForge-1.21-1.3.2.jar
bosses_of_mass_destruction	bosses_of_mass_destruction:void_blossom	BOMD-NeoForge-1.21-1.3.2.jar
bosses_of_mass_destruction	bosses_of_mass_destruction:void_blossom_block	BOMD-NeoForge-1.21-1.3.2.jar
bosses_of_mass_destruction	bosses_of_mass_destruction:void_lily	BOMD-NeoForge-1.21-1.3.2.jar
bosses_of_mass_destruction	bosses_of_mass_destruction:void_thorn	BOMD-NeoForge-1.21-1.3.2.jar
bountiful	bountiful:bounty	bountiful-neoforge-8.0.0-beta.2.jar
bountiful	bountiful:bountyboard	bountiful-neoforge-8.0.0-beta.2.jar
bountiful	bountiful:bounty-common	bountiful-neoforge-8.0.0-beta.2.jar
bountiful	bountiful:bounty-epic	bountiful-neoforge-8.0.0-beta.2.jar
bountiful	bountiful:bounty-rare	bountiful-neoforge-8.0.0-beta.2.jar
bountiful	bountiful:bounty-uncommon	bountiful-neoforge-8.0.0-beta.2.jar
bountiful	bountiful:decree	bountiful-neoforge-8.0.0-beta.2.jar
bountiful	bountiful:decree-known	bountiful-neoforge-8.0.0-beta.2.jar
bountiful	bountiful:decree-unknown	bountiful-neoforge-8.0.0-beta.2.jar
cataclysm	cataclysm:abyss_eye	L_Ender's Cataclysm 1.21.1-3.32.jar
cataclysm	cataclysm:abyssal_egg	L_Ender's Cataclysm 1.21.1-3.32.jar
cataclysm	cataclysm:abyssal_sacrifice	L_Ender's Cataclysm 1.21.1-3.32.jar
cataclysm	cataclysm:altar_of_abyss	L_Ender's Cataclysm 1.21.1-3.32.jar
cataclysm	cataclysm:altar_of_amethyst	L_Ender's Cataclysm 1.21.1-3.32.jar
cataclysm	cataclysm:altar_of_fire	L_Ender's Cataclysm 1.21.1-3.32.jar
cataclysm	cataclysm:altar_of_void	L_Ender's Cataclysm 1.21.1-3.32.jar
cataclysm	cataclysm:amethyst_crab_meat	L_Ender's Cataclysm 1.21.1-3.32.jar
cataclysm	cataclysm:amethyst_crab_shell	L_Ender's Cataclysm 1.21.1-3.32.jar
cataclysm	cataclysm:ancient_metal_block	L_Ender's Cataclysm 1.21.1-3.32.jar
cataclysm	cataclysm:ancient_metal_ingot	L_Ender's Cataclysm 1.21.1-3.32.jar
cataclysm	cataclysm:ancient_metal_nugget	L_Ender's Cataclysm 1.21.1-3.32.jar
cataclysm	cataclysm:ancient_spear	L_Ender's Cataclysm 1.21.1-3.32.jar
cataclysm	cataclysm:aptrgangr_head	L_Ender's Cataclysm 1.21.1-3.32.jar
cataclysm	cataclysm:astrape	CataclysmicArsenal-0.6.1.2+1.21.1[NeoForge].jar
cataclysm	cataclysm:astrape	L_Ender's Cataclysm 1.21.1-3.32.jar
cataclysm	cataclysm:astrape_throwing	L_Ender's Cataclysm 1.21.1-3.32.jar
cataclysm	cataclysm:athame	L_Ender's Cataclysm 1.21.1-3.32.jar
cataclysm	cataclysm:azure_sea_shield	L_Ender's Cataclysm 1.21.1-3.32.jar
cataclysm	cataclysm:azure_sea_shield_blocking	L_Ender's Cataclysm 1.21.1-3.32.jar
cataclysm	cataclysm:azure_seastone	L_Ender's Cataclysm 1.21.1-3.32.jar
cataclysm	cataclysm:azure_seastone_brick_slab	L_Ender's Cataclysm 1.21.1-3.32.jar
cataclysm	cataclysm:azure_seastone_brick_stairs	L_Ender's Cataclysm 1.21.1-3.32.jar
cataclysm	cataclysm:azure_seastone_brick_wall	L_Ender's Cataclysm 1.21.1-3.32.jar
cataclysm	cataclysm:azure_seastone_bricks	L_Ender's Cataclysm 1.21.1-3.32.jar
cataclysm	cataclysm:azure_seastone_fence	L_Ender's Cataclysm 1.21.1-3.32.jar
cataclysm	cataclysm:azure_seastone_mural_cindaria	L_Ender's Cataclysm 1.21.1-3.32.jar
cataclysm	cataclysm:azure_seastone_mural_clawdian	L_Ender's Cataclysm 1.21.1-3.32.jar
cataclysm	cataclysm:azure_seastone_mural_empty	L_Ender's Cataclysm 1.21.1-3.32.jar
cataclysm	cataclysm:azure_seastone_mural_harvest	L_Ender's Cataclysm 1.21.1-3.32.jar
cataclysm	cataclysm:azure_seastone_mural_hippocamtus	L_Ender's Cataclysm 1.21.1-3.32.jar
cataclysm	cataclysm:azure_seastone_mural_sea	L_Ender's Cataclysm 1.21.1-3.32.jar
cataclysm	cataclysm:azure_seastone_mural_smithing	L_Ender's Cataclysm 1.21.1-3.32.jar
cataclysm	cataclysm:azure_seastone_mural_thunder	L_Ender's Cataclysm 1.21.1-3.32.jar
cataclysm	cataclysm:azure_seastone_mural_underworld	L_Ender's Cataclysm 1.21.1-3.32.jar
cataclysm	cataclysm:azure_seastone_mural_urchinkin	L_Ender's Cataclysm 1.21.1-3.32.jar
cataclysm	cataclysm:azure_seastone_mural_wisdom	L_Ender's Cataclysm 1.21.1-3.32.jar
cataclysm	cataclysm:azure_seastone_pillar	L_Ender's Cataclysm 1.21.1-3.32.jar
cataclysm	cataclysm:azure_seastone_pillar_wall	L_Ender's Cataclysm 1.21.1-3.32.jar
cataclysm	cataclysm:azure_seastone_slab	L_Ender's Cataclysm 1.21.1-3.32.jar
cataclysm	cataclysm:azure_seastone_stairs	L_Ender's Cataclysm 1.21.1-3.32.jar
cataclysm	cataclysm:azure_seastone_tiles	L_Ender's Cataclysm 1.21.1-3.32.jar
cataclysm	cataclysm:azure_seastone_wall	L_Ender's Cataclysm 1.21.1-3.32.jar
cataclysm	cataclysm:belt_of_beginner	L_Ender's Cataclysm 1.21.1-3.32.jar
cataclysm	cataclysm:belt_of_monstrosity	L_Ender's Cataclysm 1.21.1-3.32.jar
cataclysm	cataclysm:berserker_soul_amulet	L_Ender's Cataclysm 1.21.1-3.32.jar
cataclysm	cataclysm:black_steel_axe	L_Ender's Cataclysm 1.21.1-3.32.jar
cataclysm	cataclysm:black_steel_block	L_Ender's Cataclysm 1.21.1-3.32.jar
cataclysm	cataclysm:black_steel_fence	L_Ender's Cataclysm 1.21.1-3.32.jar
cataclysm	cataclysm:black_steel_hoe	L_Ender's Cataclysm 1.21.1-3.32.jar
cataclysm	cataclysm:black_steel_ingot	L_Ender's Cataclysm 1.21.1-3.32.jar
cataclysm	cataclysm:black_steel_nugget	L_Ender's Cataclysm 1.21.1-3.32.jar
cataclysm	cataclysm:black_steel_pickaxe	L_Ender's Cataclysm 1.21.1-3.32.jar
cataclysm	cataclysm:black_steel_shovel	L_Ender's Cataclysm 1.21.1-3.32.jar
cataclysm	cataclysm:black_steel_sword	L_Ender's Cataclysm 1.21.1-3.32.jar
cataclysm	cataclysm:black_steel_targe	L_Ender's Cataclysm 1.21.1-3.32.jar
cataclysm	cataclysm:black_steel_targe_blocking	L_Ender's Cataclysm 1.21.1-3.32.jar
cataclysm	cataclysm:black_steel_wall	L_Ender's Cataclysm 1.21.1-3.32.jar
cataclysm	cataclysm:blackstone_pillar	L_Ender's Cataclysm 1.21.1-3.32.jar
cataclysm	cataclysm:blazing_bone	L_Ender's Cataclysm 1.21.1-3.32.jar
cataclysm	cataclysm:blazing_grips	L_Ender's Cataclysm 1.21.1-3.32.jar
cataclysm	cataclysm:blessed_amethyst_crab_meat	L_Ender's Cataclysm 1.21.1-3.32.jar
cataclysm	cataclysm:blood_clot	L_Ender's Cataclysm 1.21.1-3.32.jar
cataclysm	cataclysm:bloom_stone_pauldrons	L_Ender's Cataclysm 1.21.1-3.32.jar
cataclysm	cataclysm:bone_reptile_chestplate	L_Ender's Cataclysm 1.21.1-3.32.jar
cataclysm	cataclysm:bone_reptile_helmet	L_Ender's Cataclysm 1.21.1-3.32.jar
cataclysm	cataclysm:boss_respawner	L_Ender's Cataclysm 1.21.1-3.32.jar
cataclysm	cataclysm:brontes	L_Ender's Cataclysm 1.21.1-3.32.jar
cataclysm	cataclysm:brontes_throwing	L_Ender's Cataclysm 1.21.1-3.32.jar
cataclysm	cataclysm:bulwark_of_the_flame	L_Ender's Cataclysm 1.21.1-3.32.jar
cataclysm	cataclysm:bulwark_of_the_flame_blocking	L_Ender's Cataclysm 1.21.1-3.32.jar
cataclysm	cataclysm:burning_ashes	L_Ender's Cataclysm 1.21.1-3.32.jar
cataclysm	cataclysm:ceraunus	CataclysmicArsenal-0.6.1.2+1.21.1[NeoForge].jar
cataclysm	cataclysm:ceraunus	L_Ender's Cataclysm 1.21.1-3.32.jar
cataclysm	cataclysm:ceraunus_throwing	L_Ender's Cataclysm 1.21.1-3.32.jar
cataclysm	cataclysm:chain_of_soul_binding	L_Ender's Cataclysm 1.21.1-3.32.jar
cataclysm	cataclysm:chiseled_azure_seastone	L_Ender's Cataclysm 1.21.1-3.32.jar
cataclysm	cataclysm:chiseled_azure_seastone_pillar	L_Ender's Cataclysm 1.21.1-3.32.jar
cataclysm	cataclysm:chiseled_azure_seastone_pillar_wall	L_Ender's Cataclysm 1.21.1-3.32.jar
cataclysm	cataclysm:chiseled_end_stone_bricks	L_Ender's Cataclysm 1.21.1-3.32.jar
cataclysm	cataclysm:chiseled_obsidian_bricks	L_Ender's Cataclysm 1.21.1-3.32.jar
cataclysm	cataclysm:chiseled_purpur_block	L_Ender's Cataclysm 1.21.1-3.32.jar
cataclysm	cataclysm:chiseled_stone_brick_pillar	L_Ender's Cataclysm 1.21.1-3.32.jar
cataclysm	cataclysm:chitin_claw	L_Ender's Cataclysm 1.21.1-3.32.jar
cataclysm	cataclysm:chorus_fence	L_Ender's Cataclysm 1.21.1-3.32.jar
cataclysm	cataclysm:chorus_planks	L_Ender's Cataclysm 1.21.1-3.32.jar
cataclysm	cataclysm:chorus_slab	L_Ender's Cataclysm 1.21.1-3.32.jar
cataclysm	cataclysm:chorus_stairs	L_Ender's Cataclysm 1.21.1-3.32.jar
cataclysm	cataclysm:chorus_stem	L_Ender's Cataclysm 1.21.1-3.32.jar
cataclysm	cataclysm:chorus_trapdoor	L_Ender's Cataclysm 1.21.1-3.32.jar
cataclysm	cataclysm:coral_bardiche	L_Ender's Cataclysm 1.21.1-3.32.jar
cataclysm	cataclysm:coral_bardiche_throwing	L_Ender's Cataclysm 1.21.1-3.32.jar
cataclysm	cataclysm:coral_chunk	L_Ender's Cataclysm 1.21.1-3.32.jar
cataclysm	cataclysm:coral_chunk_1	L_Ender's Cataclysm 1.21.1-3.32.jar
cataclysm	cataclysm:coral_chunk_2	L_Ender's Cataclysm 1.21.1-3.32.jar
cataclysm	cataclysm:coral_chunk_3	L_Ender's Cataclysm 1.21.1-3.32.jar
cataclysm	cataclysm:coral_spear	L_Ender's Cataclysm 1.21.1-3.32.jar
cataclysm	cataclysm:coral_spear_throwing	L_Ender's Cataclysm 1.21.1-3.32.jar
cataclysm	cataclysm:crystallized_coral	L_Ender's Cataclysm 1.21.1-3.32.jar
cataclysm	cataclysm:crystallized_coral_fragments	L_Ender's Cataclysm 1.21.1-3.32.jar
cataclysm	cataclysm:cursed_bow	L_Ender's Cataclysm 1.21.1-3.32.jar
cataclysm	cataclysm:cursed_eye	L_Ender's Cataclysm 1.21.1-3.32.jar
cataclysm	cataclysm:cursed_tombstone	L_Ender's Cataclysm 1.21.1-3.32.jar
cataclysm	cataclysm:cursium_block	L_Ender's Cataclysm 1.21.1-3.32.jar
cataclysm	cataclysm:cursium_boots	L_Ender's Cataclysm 1.21.1-3.32.jar
cataclysm	cataclysm:cursium_chestplate	L_Ender's Cataclysm 1.21.1-3.32.jar
cataclysm	cataclysm:cursium_helmet	L_Ender's Cataclysm 1.21.1-3.32.jar
cataclysm	cataclysm:cursium_ingot	L_Ender's Cataclysm 1.21.1-3.32.jar
cataclysm	cataclysm:cursium_leggings	L_Ender's Cataclysm 1.21.1-3.32.jar
cataclysm	cataclysm:cursium_upgrade_smithing_template	L_Ender's Cataclysm 1.21.1-3.32.jar
cataclysm	cataclysm:curved_azure_seastone_cindaria_1	L_Ender's Cataclysm 1.21.1-3.32.jar
cataclysm	cataclysm:curved_azure_seastone_cindaria_2	L_Ender's Cataclysm 1.21.1-3.32.jar
cataclysm	cataclysm:curved_azure_seastone_cindaria_3	L_Ender's Cataclysm 1.21.1-3.32.jar
cataclysm	cataclysm:curved_azure_seastone_cindaria_4	L_Ender's Cataclysm 1.21.1-3.32.jar
cataclysm	cataclysm:curved_azure_seastone_clawdian_1	L_Ender's Cataclysm 1.21.1-3.32.jar
cataclysm	cataclysm:curved_azure_seastone_clawdian_2	L_Ender's Cataclysm 1.21.1-3.32.jar
cataclysm	cataclysm:curved_azure_seastone_clawdian_3	L_Ender's Cataclysm 1.21.1-3.32.jar
cataclysm	cataclysm:curved_azure_seastone_clawdian_4	L_Ender's Cataclysm 1.21.1-3.32.jar
cataclysm	cataclysm:curved_azure_seastone_hippocamtus_1	L_Ender's Cataclysm 1.21.1-3.32.jar
cataclysm	cataclysm:curved_azure_seastone_hippocamtus_2	L_Ender's Cataclysm 1.21.1-3.32.jar
cataclysm	cataclysm:curved_azure_seastone_hippocamtus_3	L_Ender's Cataclysm 1.21.1-3.32.jar
cataclysm	cataclysm:curved_azure_seastone_hippocamtus_4	L_Ender's Cataclysm 1.21.1-3.32.jar
cataclysm	cataclysm:curved_azure_seastone_scylla_1	L_Ender's Cataclysm 1.21.1-3.32.jar
cataclysm	cataclysm:curved_azure_seastone_scylla_2	L_Ender's Cataclysm 1.21.1-3.32.jar
cataclysm	cataclysm:curved_azure_seastone_scylla_3	L_Ender's Cataclysm 1.21.1-3.32.jar
cataclysm	cataclysm:curved_azure_seastone_scylla_4	L_Ender's Cataclysm 1.21.1-3.32.jar
cataclysm	cataclysm:curved_azure_seastone_scylla_5	L_Ender's Cataclysm 1.21.1-3.32.jar
cataclysm	cataclysm:curved_azure_seastone_scylla_6	L_Ender's Cataclysm 1.21.1-3.32.jar
cataclysm	cataclysm:curved_azure_seastone_scylla_7	L_Ender's Cataclysm 1.21.1-3.32.jar
cataclysm	cataclysm:curved_azure_seastone_scylla_8	L_Ender's Cataclysm 1.21.1-3.32.jar
cataclysm	cataclysm:curved_azure_seastone_scylla_9	L_Ender's Cataclysm 1.21.1-3.32.jar
cataclysm	cataclysm:curved_azure_seastone_urchinkin	L_Ender's Cataclysm 1.21.1-3.32.jar
cataclysm	cataclysm:desert_eye	L_Ender's Cataclysm 1.21.1-3.32.jar
cataclysm	cataclysm:door_of_seal	L_Ender's Cataclysm 1.21.1-3.32.jar
cataclysm	cataclysm:draugr_head	L_Ender's Cataclysm 1.21.1-3.32.jar
cataclysm	cataclysm:dungeon_block	L_Ender's Cataclysm 1.21.1-3.32.jar
cataclysm	cataclysm:dying_ember	L_Ender's Cataclysm 1.21.1-3.32.jar
cataclysm	cataclysm:emp	L_Ender's Cataclysm 1.21.1-3.32.jar
cataclysm	cataclysm:end_stone_pillar	L_Ender's Cataclysm 1.21.1-3.32.jar
cataclysm	cataclysm:end_stone_teleport_trap_bricks	L_Ender's Cataclysm 1.21.1-3.32.jar
cataclysm	cataclysm:enderite_block	L_Ender's Cataclysm 1.21.1-3.32.jar
cataclysm	cataclysm:enderite_ingot	L_Ender's Cataclysm 1.21.1-3.32.jar
cataclysm	cataclysm:essence_of_the_storm	L_Ender's Cataclysm 1.21.1-3.32.jar
cataclysm	cataclysm:final_fractal	L_Ender's Cataclysm 1.21.1-3.32.jar
cataclysm	cataclysm:flame_eye	L_Ender's Cataclysm 1.21.1-3.32.jar
cataclysm	cataclysm:frosted_stone_brick_slab	L_Ender's Cataclysm 1.21.1-3.32.jar
cataclysm	cataclysm:frosted_stone_brick_stairs	L_Ender's Cataclysm 1.21.1-3.32.jar
cataclysm	cataclysm:frosted_stone_brick_wall	L_Ender's Cataclysm 1.21.1-3.32.jar
cataclysm	cataclysm:frosted_stone_bricks	L_Ender's Cataclysm 1.21.1-3.32.jar
cataclysm	cataclysm:gauntlet_of_bulwark	L_Ender's Cataclysm 1.21.1-3.32.jar
cataclysm	cataclysm:gauntlet_of_guard	L_Ender's Cataclysm 1.21.1-3.32.jar
cataclysm	cataclysm:gauntlet_of_maelstrom	L_Ender's Cataclysm 1.21.1-3.32.jar
cataclysm	cataclysm:goddess_statue	L_Ender's Cataclysm 1.21.1-3.32.jar
cataclysm	cataclysm:ignitium_block	L_Ender's Cataclysm 1.21.1-3.32.jar
cataclysm	cataclysm:ignitium_boots	L_Ender's Cataclysm 1.21.1-3.32.jar
cataclysm	cataclysm:ignitium_chestplate	L_Ender's Cataclysm 1.21.1-3.32.jar
cataclysm	cataclysm:ignitium_elytra_chestplate	L_Ender's Cataclysm 1.21.1-3.32.jar
cataclysm	cataclysm:ignitium_helmet	L_Ender's Cataclysm 1.21.1-3.32.jar
cataclysm	cataclysm:ignitium_ingot	L_Ender's Cataclysm 1.21.1-3.32.jar
cataclysm	cataclysm:ignitium_leggings	L_Ender's Cataclysm 1.21.1-3.32.jar
cataclysm	cataclysm:ignitium_upgrade_smithing_template	L_Ender's Cataclysm 1.21.1-3.32.jar
cataclysm	cataclysm:infernal_forge	L_Ender's Cataclysm 1.21.1-3.32.jar
cataclysm	cataclysm:khopesh	L_Ender's Cataclysm 1.21.1-3.32.jar
cataclysm	cataclysm:kobolediator_skull	L_Ender's Cataclysm 1.21.1-3.32.jar
cataclysm	cataclysm:koboleton_bone	L_Ender's Cataclysm 1.21.1-3.32.jar
cataclysm	cataclysm:lacrima	L_Ender's Cataclysm 1.21.1-3.32.jar
cataclysm	cataclysm:laser_gatling	L_Ender's Cataclysm 1.21.1-3.32.jar
cataclysm	cataclysm:lava_power_cell	L_Ender's Cataclysm 1.21.1-3.32.jar
cataclysm	cataclysm:lionfish	L_Ender's Cataclysm 1.21.1-3.32.jar
cataclysm	cataclysm:lionfish_spike	L_Ender's Cataclysm 1.21.1-3.32.jar
cataclysm	cataclysm:meat_shredder	CataclysmicArsenal-0.6.1.2+1.21.1[NeoForge].jar
cataclysm	cataclysm:meat_shredder	L_Ender's Cataclysm 1.21.1-3.32.jar
cataclysm	cataclysm:meat_shredder_using	L_Ender's Cataclysm 1.21.1-3.32.jar
cataclysm	cataclysm:mech_eye	L_Ender's Cataclysm 1.21.1-3.32.jar
cataclysm	cataclysm:mechanical_fusion_anvil	L_Ender's Cataclysm 1.21.1-3.32.jar
cataclysm	cataclysm:modern_remnant_bucket	L_Ender's Cataclysm 1.21.1-3.32.jar
cataclysm	cataclysm:monstrous_eye	L_Ender's Cataclysm 1.21.1-3.32.jar
cataclysm	cataclysm:monstrous_helm	L_Ender's Cataclysm 1.21.1-3.32.jar
cataclysm	cataclysm:monstrous_horn	L_Ender's Cataclysm 1.21.1-3.32.jar
cataclysm	cataclysm:music_disc_ancient_remnant	L_Ender's Cataclysm 1.21.1-3.32.jar
cataclysm	cataclysm:music_disc_ender_guardian	L_Ender's Cataclysm 1.21.1-3.32.jar
cataclysm	cataclysm:music_disc_ignis	L_Ender's Cataclysm 1.21.1-3.32.jar
cataclysm	cataclysm:music_disc_maledictus	L_Ender's Cataclysm 1.21.1-3.32.jar
cataclysm	cataclysm:music_disc_netherite_monstrosity	L_Ender's Cataclysm 1.21.1-3.32.jar
cataclysm	cataclysm:music_disc_scylla	L_Ender's Cataclysm 1.21.1-3.32.jar
cataclysm	cataclysm:music_disc_the_cataclysmfarer	L_Ender's Cataclysm 1.21.1-3.32.jar
cataclysm	cataclysm:music_disc_the_harbinger	L_Ender's Cataclysm 1.21.1-3.32.jar
cataclysm	cataclysm:music_disc_the_leviathan	L_Ender's Cataclysm 1.21.1-3.32.jar
cataclysm	cataclysm:necklace_of_the_desert	L_Ender's Cataclysm 1.21.1-3.32.jar
cataclysm	cataclysm:netherite_effigy	L_Ender's Cataclysm 1.21.1-3.32.jar
cataclysm	cataclysm:netherite_ministrosity_bucket	L_Ender's Cataclysm 1.21.1-3.32.jar
cataclysm	cataclysm:obsidian_brick_slab	L_Ender's Cataclysm 1.21.1-3.32.jar
cataclysm	cataclysm:obsidian_brick_stairs	L_Ender's Cataclysm 1.21.1-3.32.jar
cataclysm	cataclysm:obsidian_brick_wall	L_Ender's Cataclysm 1.21.1-3.32.jar
cataclysm	cataclysm:obsidian_bricks	L_Ender's Cataclysm 1.21.1-3.32.jar
cataclysm	cataclysm:obsidian_explosion_trap_bricks	L_Ender's Cataclysm 1.21.1-3.32.jar
cataclysm	cataclysm:obsidian_fence	L_Ender's Cataclysm 1.21.1-3.32.jar
cataclysm	cataclysm:obsidian_pillar	L_Ender's Cataclysm 1.21.1-3.32.jar
cataclysm	cataclysm:pointed_icicle	L_Ender's Cataclysm 1.21.1-3.32.jar
cataclysm	cataclysm:polished_azure_seastone	L_Ender's Cataclysm 1.21.1-3.32.jar
cataclysm	cataclysm:polished_azure_seastone_slab	L_Ender's Cataclysm 1.21.1-3.32.jar
cataclysm	cataclysm:polished_azure_seastone_stairs	L_Ender's Cataclysm 1.21.1-3.32.jar
cataclysm	cataclysm:polished_azure_seastone_wall	L_Ender's Cataclysm 1.21.1-3.32.jar
cataclysm	cataclysm:polished_end_stone	L_Ender's Cataclysm 1.21.1-3.32.jar
cataclysm	cataclysm:polished_end_stone_slab	L_Ender's Cataclysm 1.21.1-3.32.jar
cataclysm	cataclysm:polished_end_stone_stairs	L_Ender's Cataclysm 1.21.1-3.32.jar
cataclysm	cataclysm:polished_obsidian	L_Ender's Cataclysm 1.21.1-3.32.jar
cataclysm	cataclysm:polished_obsidian_slab	L_Ender's Cataclysm 1.21.1-3.32.jar
cataclysm	cataclysm:polished_obsidian_stairs	L_Ender's Cataclysm 1.21.1-3.32.jar
cataclysm	cataclysm:polished_obsidian_wall	L_Ender's Cataclysm 1.21.1-3.32.jar
cataclysm	cataclysm:polished_sandstone	L_Ender's Cataclysm 1.21.1-3.32.jar
cataclysm	cataclysm:prismarine_brick_fence	L_Ender's Cataclysm 1.21.1-3.32.jar
cataclysm	cataclysm:prismarine_brick_wall	L_Ender's Cataclysm 1.21.1-3.32.jar
cataclysm	cataclysm:purpur_tile_pillar	L_Ender's Cataclysm 1.21.1-3.32.jar
cataclysm	cataclysm:purpur_tile_slab	L_Ender's Cataclysm 1.21.1-3.32.jar
cataclysm	cataclysm:purpur_tile_stairs	L_Ender's Cataclysm 1.21.1-3.32.jar
cataclysm	cataclysm:purpur_tile_wall	L_Ender's Cataclysm 1.21.1-3.32.jar
cataclysm	cataclysm:purpur_tiles	L_Ender's Cataclysm 1.21.1-3.32.jar
cataclysm	cataclysm:purpur_void_rune_trap_block	L_Ender's Cataclysm 1.21.1-3.32.jar
cataclysm	cataclysm:purpur_wall	L_Ender's Cataclysm 1.21.1-3.32.jar
cataclysm	cataclysm:quartz_brick_wall	L_Ender's Cataclysm 1.21.1-3.32.jar
cataclysm	cataclysm:ravenous_fang	L_Ender's Cataclysm 1.21.1-3.32.jar
cataclysm	cataclysm:remnant_skull	L_Ender's Cataclysm 1.21.1-3.32.jar
cataclysm	cataclysm:ring_of_grudged	L_Ender's Cataclysm 1.21.1-3.32.jar
cataclysm	cataclysm:sandstone_falling_trap	L_Ender's Cataclysm 1.21.1-3.32.jar
cataclysm	cataclysm:sandstone_ignite_trap	L_Ender's Cataclysm 1.21.1-3.32.jar
cataclysm	cataclysm:sandstone_poison_dart_trap	L_Ender's Cataclysm 1.21.1-3.32.jar
cataclysm	cataclysm:sandstorm_in_a_bottle	L_Ender's Cataclysm 1.21.1-3.32.jar
cataclysm	cataclysm:soul_render	CataclysmicArsenal-0.6.1.2+1.21.1[NeoForge].jar
cataclysm	cataclysm:soul_render	L_Ender's Cataclysm 1.21.1-3.32.jar
cataclysm	cataclysm:soul_render_blocking	L_Ender's Cataclysm 1.21.1-3.32.jar
cataclysm	cataclysm:sticky_gloves	L_Ender's Cataclysm 1.21.1-3.32.jar
cataclysm	cataclysm:stone_pillar	L_Ender's Cataclysm 1.21.1-3.32.jar
cataclysm	cataclysm:stone_tile_slab	L_Ender's Cataclysm 1.21.1-3.32.jar
cataclysm	cataclysm:stone_tile_stairs	L_Ender's Cataclysm 1.21.1-3.32.jar
cataclysm	cataclysm:stone_tile_wall	L_Ender's Cataclysm 1.21.1-3.32.jar
cataclysm	cataclysm:stone_tiles	L_Ender's Cataclysm 1.21.1-3.32.jar
cataclysm	cataclysm:storm_eye	L_Ender's Cataclysm 1.21.1-3.32.jar
cataclysm	cataclysm:strange_key	L_Ender's Cataclysm 1.21.1-3.32.jar
cataclysm	cataclysm:sturdy_boots	L_Ender's Cataclysm 1.21.1-3.32.jar
cataclysm	cataclysm:the_annihilator	L_Ender's Cataclysm 1.21.1-3.32.jar
cataclysm	cataclysm:the_baby_leviathan_bucket	L_Ender's Cataclysm 1.21.1-3.32.jar
cataclysm	cataclysm:the_immolator	L_Ender's Cataclysm 1.21.1-3.32.jar
cataclysm	cataclysm:the_incinerator	CataclysmicArsenal-0.6.1.2+1.21.1[NeoForge].jar
cataclysm	cataclysm:the_incinerator	L_Ender's Cataclysm 1.21.1-3.32.jar
cataclysm	cataclysm:tidal_claws	L_Ender's Cataclysm 1.21.1-3.32.jar
cataclysm	cataclysm:unbreakable_skull	L_Ender's Cataclysm 1.21.1-3.32.jar
cataclysm	cataclysm:urchin_spike	L_Ender's Cataclysm 1.21.1-3.32.jar
cataclysm	cataclysm:vitality_ankh	L_Ender's Cataclysm 1.21.1-3.32.jar
cataclysm	cataclysm:void_assault_shoulder_weapon	L_Ender's Cataclysm 1.21.1-3.32.jar
cataclysm	cataclysm:void_core	L_Ender's Cataclysm 1.21.1-3.32.jar
cataclysm	cataclysm:void_crystal	L_Ender's Cataclysm 1.21.1-3.32.jar
cataclysm	cataclysm:void_eye	L_Ender's Cataclysm 1.21.1-3.32.jar
cataclysm	cataclysm:void_forge	L_Ender's Cataclysm 1.21.1-3.32.jar
cataclysm	cataclysm:void_infused_end_stone_bricks	L_Ender's Cataclysm 1.21.1-3.32.jar
cataclysm	cataclysm:void_jaw	L_Ender's Cataclysm 1.21.1-3.32.jar
cataclysm	cataclysm:void_lantern_block	L_Ender's Cataclysm 1.21.1-3.32.jar
cataclysm	cataclysm:void_purpur_tiles	L_Ender's Cataclysm 1.21.1-3.32.jar
cataclysm	cataclysm:void_scatter_arrow	L_Ender's Cataclysm 1.21.1-3.32.jar
cataclysm	cataclysm:void_shard	L_Ender's Cataclysm 1.21.1-3.32.jar
cataclysm	cataclysm:void_stone	L_Ender's Cataclysm 1.21.1-3.32.jar
cataclysm	cataclysm:wither_assault_shoulder_weapon	L_Ender's Cataclysm 1.21.1-3.32.jar
cataclysm	cataclysm:witherite_block	L_Ender's Cataclysm 1.21.1-3.32.jar
cataclysm	cataclysm:witherite_ingot	L_Ender's Cataclysm 1.21.1-3.32.jar
cataclysm	cataclysm:wrath_of_the_desert	L_Ender's Cataclysm 1.21.1-3.32.jar
cataclysm	cataclysm:zweiender	L_Ender's Cataclysm 1.21.1-3.32.jar
cdmoveset	cdmoveset:a_yamato	cdmoveset-2.0-neoforge1.21.1.jar
cdmoveset	cdmoveset:a_yamato_in_sheath	cdmoveset-2.0-neoforge1.21.1.jar
cdmoveset	cdmoveset:a_yamato_sheath	cdmoveset-2.0-neoforge1.21.1.jar
cdmoveset	cdmoveset:dagger	cdmoveset-2.0-neoforge1.21.1.jar
cdmoveset	cdmoveset:great_tachi	cdmoveset-2.0-neoforge1.21.1.jar
cdmoveset	cdmoveset:greatsword	cdmoveset-2.0-neoforge1.21.1.jar
cdmoveset	cdmoveset:katana	cdmoveset-2.0-neoforge1.21.1.jar
cdmoveset	cdmoveset:katana_sheath	cdmoveset-2.0-neoforge1.21.1.jar
cdmoveset	cdmoveset:longsword	cdmoveset-2.0-neoforge1.21.1.jar
cdmoveset	cdmoveset:phantom_katana	cdmoveset-2.0-neoforge1.21.1.jar
cdmoveset	cdmoveset:phantom_katana_sheath	cdmoveset-2.0-neoforge1.21.1.jar
cdmoveset	cdmoveset:s_diamond_dagger	cdmoveset-2.0-neoforge1.21.1.jar
cdmoveset	cdmoveset:s_diamond_greatsword	cdmoveset-2.0-neoforge1.21.1.jar
cdmoveset	cdmoveset:s_diamond_longsword	cdmoveset-2.0-neoforge1.21.1.jar
cdmoveset	cdmoveset:s_diamond_spear	cdmoveset-2.0-neoforge1.21.1.jar
cdmoveset	cdmoveset:s_diamond_sword	cdmoveset-2.0-neoforge1.21.1.jar
cdmoveset	cdmoveset:s_diamond_tachi	cdmoveset-2.0-neoforge1.21.1.jar
cdmoveset	cdmoveset:s_diamonddagger	cdmoveset-2.0-neoforge1.21.1.jar
cdmoveset	cdmoveset:s_diamondgreatsword	cdmoveset-2.0-neoforge1.21.1.jar
cdmoveset	cdmoveset:s_diamondlongsword	cdmoveset-2.0-neoforge1.21.1.jar
cdmoveset	cdmoveset:s_diamondspear	cdmoveset-2.0-neoforge1.21.1.jar
cdmoveset	cdmoveset:s_diamondsword	cdmoveset-2.0-neoforge1.21.1.jar
cdmoveset	cdmoveset:s_diamondtachi	cdmoveset-2.0-neoforge1.21.1.jar
cdmoveset	cdmoveset:s_golden_greatsword	cdmoveset-2.0-neoforge1.21.1.jar
cdmoveset	cdmoveset:s_golden_longsword	cdmoveset-2.0-neoforge1.21.1.jar
cdmoveset	cdmoveset:s_golden_spear	cdmoveset-2.0-neoforge1.21.1.jar
cdmoveset	cdmoveset:s_golden_sword	cdmoveset-2.0-neoforge1.21.1.jar
cdmoveset	cdmoveset:s_golden_tachi	cdmoveset-2.0-neoforge1.21.1.jar
cdmoveset	cdmoveset:s_iron_dagger	cdmoveset-2.0-neoforge1.21.1.jar
cdmoveset	cdmoveset:s_iron_greatsword	cdmoveset-2.0-neoforge1.21.1.jar
cdmoveset	cdmoveset:s_iron_longsword	cdmoveset-2.0-neoforge1.21.1.jar
cdmoveset	cdmoveset:s_iron_spear	cdmoveset-2.0-neoforge1.21.1.jar
cdmoveset	cdmoveset:s_iron_sword	cdmoveset-2.0-neoforge1.21.1.jar
cdmoveset	cdmoveset:s_iron_tachi	cdmoveset-2.0-neoforge1.21.1.jar
cdmoveset	cdmoveset:s_irondagger	cdmoveset-2.0-neoforge1.21.1.jar
cdmoveset	cdmoveset:s_irongreatsword	cdmoveset-2.0-neoforge1.21.1.jar
cdmoveset	cdmoveset:s_ironlongsword	cdmoveset-2.0-neoforge1.21.1.jar
cdmoveset	cdmoveset:s_ironspear	cdmoveset-2.0-neoforge1.21.1.jar
cdmoveset	cdmoveset:s_ironsword	cdmoveset-2.0-neoforge1.21.1.jar
cdmoveset	cdmoveset:s_irontachi	cdmoveset-2.0-neoforge1.21.1.jar
cdmoveset	cdmoveset:s_netherite_dagger	cdmoveset-2.0-neoforge1.21.1.jar
cdmoveset	cdmoveset:s_netherite_greatsword	cdmoveset-2.0-neoforge1.21.1.jar
cdmoveset	cdmoveset:s_netherite_longsword	cdmoveset-2.0-neoforge1.21.1.jar
cdmoveset	cdmoveset:s_netherite_spear	cdmoveset-2.0-neoforge1.21.1.jar
cdmoveset	cdmoveset:s_netherite_sword	cdmoveset-2.0-neoforge1.21.1.jar
cdmoveset	cdmoveset:s_netherite_tachi	cdmoveset-2.0-neoforge1.21.1.jar
cdmoveset	cdmoveset:s_netheritedagger	cdmoveset-2.0-neoforge1.21.1.jar
cdmoveset	cdmoveset:s_netheritegreatsword	cdmoveset-2.0-neoforge1.21.1.jar
cdmoveset	cdmoveset:s_netheritelongsword	cdmoveset-2.0-neoforge1.21.1.jar
cdmoveset	cdmoveset:s_netheritesword	cdmoveset-2.0-neoforge1.21.1.jar
cdmoveset	cdmoveset:s_netheritetachi	cdmoveset-2.0-neoforge1.21.1.jar
cdmoveset	cdmoveset:s_stone_greatsword	cdmoveset-2.0-neoforge1.21.1.jar
cdmoveset	cdmoveset:s_stone_longsword	cdmoveset-2.0-neoforge1.21.1.jar
cdmoveset	cdmoveset:s_stone_spear	cdmoveset-2.0-neoforge1.21.1.jar
cdmoveset	cdmoveset:s_stone_sword	cdmoveset-2.0-neoforge1.21.1.jar
cdmoveset	cdmoveset:s_stone_tachi	cdmoveset-2.0-neoforge1.21.1.jar
cdmoveset	cdmoveset:s_wooden_greatsword	cdmoveset-2.0-neoforge1.21.1.jar
cdmoveset	cdmoveset:s_wooden_longsword	cdmoveset-2.0-neoforge1.21.1.jar
cdmoveset	cdmoveset:s_wooden_spear	cdmoveset-2.0-neoforge1.21.1.jar
cdmoveset	cdmoveset:s_wooden_sword	cdmoveset-2.0-neoforge1.21.1.jar
cdmoveset	cdmoveset:s_wooden_tachi	cdmoveset-2.0-neoforge1.21.1.jar
cdmoveset	cdmoveset:spear	cdmoveset-2.0-neoforge1.21.1.jar
cdmoveset	cdmoveset:t_yamato	cdmoveset-2.0-neoforge1.21.1.jar
cdmoveset	cdmoveset:tachi	cdmoveset-2.0-neoforge1.21.1.jar
cdmoveset	cdmoveset:yamato	cdmoveset-2.0-neoforge1.21.1.jar
cdmoveset	cdmoveset:yamato_blade	cdmoveset-2.0-neoforge1.21.1.jar
cdmoveset	cdmoveset:yamato_in_sheath	cdmoveset-2.0-neoforge1.21.1.jar
cdmoveset	cdmoveset:yamato_sheath	cdmoveset-2.0-neoforge1.21.1.jar
citadel	citadel:citadel_book	citadel-1.21.1-2.7.6.jar
citadel	citadel:debug	citadel-1.21.1-2.7.6.jar
citadel	citadel:effect_item	citadel-1.21.1-2.7.6.jar
citadel	citadel:fancy_item	citadel-1.21.1-2.7.6.jar
citadel	citadel:icon_item	citadel-1.21.1-2.7.6.jar
darkagesarmory	darkagesarmory:balyk_sook_lamellar_chestplate	[1.21.1-neoforge]-Epic-Knights-Dark-Ages-1.1.jar
darkagesarmory	darkagesarmory:bandenhelm	[1.21.1-neoforge]-Epic-Knights-Dark-Ages-1.1.jar
darkagesarmory	darkagesarmory:benty_grange_helmet	[1.21.1-neoforge]-Epic-Knights-Dark-Ages-1.1.jar
darkagesarmory	darkagesarmory:birka_helmet	[1.21.1-neoforge]-Epic-Knights-Dark-Ages-1.1.jar
darkagesarmory	darkagesarmory:birka_tunic	[1.21.1-neoforge]-Epic-Knights-Dark-Ages-1.1.jar
darkagesarmory	darkagesarmory:birka_tunic_boots	[1.21.1-neoforge]-Epic-Knights-Dark-Ages-1.1.jar
darkagesarmory	darkagesarmory:birka_tunic_decoration	[1.21.1-neoforge]-Epic-Knights-Dark-Ages-1.1.jar
darkagesarmory	darkagesarmory:black_birka_tunic_decoration	[1.21.1-neoforge]-Epic-Knights-Dark-Ages-1.1.jar
darkagesarmory	darkagesarmory:black_early_tunic_decoration	[1.21.1-neoforge]-Epic-Knights-Dark-Ages-1.1.jar
darkagesarmory	darkagesarmory:black_klappenrock_tunic_decoration	[1.21.1-neoforge]-Epic-Knights-Dark-Ages-1.1.jar
darkagesarmory	darkagesarmory:black_late_saxon_tunic_decoration	[1.21.1-neoforge]-Epic-Knights-Dark-Ages-1.1.jar
darkagesarmory	darkagesarmory:black_oaterned_pillbox_cap	[1.21.1-neoforge]-Epic-Knights-Dark-Ages-1.1.jar
darkagesarmory	darkagesarmory:black_patterned_eastern_hat	[1.21.1-neoforge]-Epic-Knights-Dark-Ages-1.1.jar
darkagesarmory	darkagesarmory:black_prachtmantel_decoration	[1.21.1-neoforge]-Epic-Knights-Dark-Ages-1.1.jar
darkagesarmory	darkagesarmory:black_rich_eastern_caftan	[1.21.1-neoforge]-Epic-Knights-Dark-Ages-1.1.jar
darkagesarmory	darkagesarmory:black_saxon_tunic_decoration	[1.21.1-neoforge]-Epic-Knights-Dark-Ages-1.1.jar
darkagesarmory	darkagesarmory:black_tunic_boots	[1.21.1-neoforge]-Epic-Knights-Dark-Ages-1.1.jar
darkagesarmory	darkagesarmory:boar_decoration	[1.21.1-neoforge]-Epic-Knights-Dark-Ages-1.1.jar
darkagesarmory	darkagesarmory:broa_helmet	[1.21.1-neoforge]-Epic-Knights-Dark-Ages-1.1.jar
darkagesarmory	darkagesarmory:brown_birka_tunic_decoration	[1.21.1-neoforge]-Epic-Knights-Dark-Ages-1.1.jar
darkagesarmory	darkagesarmory:brown_early_tunic_decoration	[1.21.1-neoforge]-Epic-Knights-Dark-Ages-1.1.jar
darkagesarmory	darkagesarmory:brown_klappenrock_tunic_decoration	[1.21.1-neoforge]-Epic-Knights-Dark-Ages-1.1.jar
darkagesarmory	darkagesarmory:brown_late_saxon_tunic_decoration	[1.21.1-neoforge]-Epic-Knights-Dark-Ages-1.1.jar
darkagesarmory	darkagesarmory:brown_oaterned_pillbox_cap	[1.21.1-neoforge]-Epic-Knights-Dark-Ages-1.1.jar
darkagesarmory	darkagesarmory:brown_patterned_eastern_hat	[1.21.1-neoforge]-Epic-Knights-Dark-Ages-1.1.jar
darkagesarmory	darkagesarmory:brown_prachtmantel_decoration	[1.21.1-neoforge]-Epic-Knights-Dark-Ages-1.1.jar
darkagesarmory	darkagesarmory:brown_rich_eastern_caftan	[1.21.1-neoforge]-Epic-Knights-Dark-Ages-1.1.jar
darkagesarmory	darkagesarmory:brown_saxon_tunic_decoration	[1.21.1-neoforge]-Epic-Knights-Dark-Ages-1.1.jar
darkagesarmory	darkagesarmory:brown_tunic_boots	[1.21.1-neoforge]-Epic-Knights-Dark-Ages-1.1.jar
darkagesarmory	darkagesarmory:byrnie_boots	[1.21.1-neoforge]-Epic-Knights-Dark-Ages-1.1.jar
darkagesarmory	darkagesarmory:byrnie_chestplate	[1.21.1-neoforge]-Epic-Knights-Dark-Ages-1.1.jar
darkagesarmory	darkagesarmory:common_hauberk	[1.21.1-neoforge]-Epic-Knights-Dark-Ages-1.1.jar
darkagesarmory	darkagesarmory:common_hauberk_boots	[1.21.1-neoforge]-Epic-Knights-Dark-Ages-1.1.jar
darkagesarmory	darkagesarmory:common_wallet_decoration	[1.21.1-neoforge]-Epic-Knights-Dark-Ages-1.1.jar
darkagesarmory	darkagesarmory:coppergate_helmet	[1.21.1-neoforge]-Epic-Knights-Dark-Ages-1.1.jar
darkagesarmory	darkagesarmory:desjatinna_helmet	[1.21.1-neoforge]-Epic-Knights-Dark-Ages-1.1.jar
darkagesarmory	darkagesarmory:early_cloak_decoration	[1.21.1-neoforge]-Epic-Knights-Dark-Ages-1.1.jar
darkagesarmory	darkagesarmory:early_tunic_decoration	[1.21.1-neoforge]-Epic-Knights-Dark-Ages-1.1.jar
darkagesarmory	darkagesarmory:eastern_hat	[1.21.1-neoforge]-Epic-Knights-Dark-Ages-1.1.jar
darkagesarmory	darkagesarmory:eastern_rich_kaftan	[1.21.1-neoforge]-Epic-Knights-Dark-Ages-1.1.jar
darkagesarmory	darkagesarmory:eastern_rich_kaftan_boots	[1.21.1-neoforge]-Epic-Knights-Dark-Ages-1.1.jar
darkagesarmory	darkagesarmory:fur_pillbox_cap	[1.21.1-neoforge]-Epic-Knights-Dark-Ages-1.1.jar
darkagesarmory	darkagesarmory:gilded_boar_decoration	[1.21.1-neoforge]-Epic-Knights-Dark-Ages-1.1.jar
darkagesarmory	darkagesarmory:gilded_desjatinna_helmet	[1.21.1-neoforge]-Epic-Knights-Dark-Ages-1.1.jar
darkagesarmory	darkagesarmory:gilded_hairy_boar_decoration	[1.21.1-neoforge]-Epic-Knights-Dark-Ages-1.1.jar
darkagesarmory	darkagesarmory:gilded_tjele	[1.21.1-neoforge]-Epic-Knights-Dark-Ages-1.1.jar
darkagesarmory	darkagesarmory:gjermundbu_helmet	[1.21.1-neoforge]-Epic-Knights-Dark-Ages-1.1.jar
darkagesarmory	darkagesarmory:golden_migration_era_sword	[1.21.1-neoforge]-Epic-Knights-Dark-Ages-1.1.jar
darkagesarmory	darkagesarmory:gorzuchy_helmet	[1.21.1-neoforge]-Epic-Knights-Dark-Ages-1.1.jar
darkagesarmory	darkagesarmory:green_birka_tunic_decoration	[1.21.1-neoforge]-Epic-Knights-Dark-Ages-1.1.jar
darkagesarmory	darkagesarmory:green_early_tunic_decoration	[1.21.1-neoforge]-Epic-Knights-Dark-Ages-1.1.jar
darkagesarmory	darkagesarmory:green_klappenrock_tunic_decoration	[1.21.1-neoforge]-Epic-Knights-Dark-Ages-1.1.jar
darkagesarmory	darkagesarmory:green_late_saxon_tunic_decoration	[1.21.1-neoforge]-Epic-Knights-Dark-Ages-1.1.jar
darkagesarmory	darkagesarmory:green_oaterned_pillbox_cap	[1.21.1-neoforge]-Epic-Knights-Dark-Ages-1.1.jar
darkagesarmory	darkagesarmory:green_patterned_eastern_hat	[1.21.1-neoforge]-Epic-Knights-Dark-Ages-1.1.jar
darkagesarmory	darkagesarmory:green_prachtmantel_decoration	[1.21.1-neoforge]-Epic-Knights-Dark-Ages-1.1.jar
darkagesarmory	darkagesarmory:green_rich_eastern_caftan	[1.21.1-neoforge]-Epic-Knights-Dark-Ages-1.1.jar
darkagesarmory	darkagesarmory:green_saxon_tunic_decoration	[1.21.1-neoforge]-Epic-Knights-Dark-Ages-1.1.jar
darkagesarmory	darkagesarmory:green_tunic_boots	[1.21.1-neoforge]-Epic-Knights-Dark-Ages-1.1.jar
darkagesarmory	darkagesarmory:hairy_boar_decoration	[1.21.1-neoforge]-Epic-Knights-Dark-Ages-1.1.jar
darkagesarmory	darkagesarmory:hedeby_bag_decoration	[1.21.1-neoforge]-Epic-Knights-Dark-Ages-1.1.jar
darkagesarmory	darkagesarmory:kerch_helmet	[1.21.1-neoforge]-Epic-Knights-Dark-Ages-1.1.jar
darkagesarmory	darkagesarmory:klappenrock_tunic_decoration	[1.21.1-neoforge]-Epic-Knights-Dark-Ages-1.1.jar
darkagesarmory	darkagesarmory:late_saxon_tunic_decoration	[1.21.1-neoforge]-Epic-Knights-Dark-Ages-1.1.jar
darkagesarmory	darkagesarmory:leiden_bandhelmet	[1.21.1-neoforge]-Epic-Knights-Dark-Ages-1.1.jar
darkagesarmory	darkagesarmory:lokrume_helmet	[1.21.1-neoforge]-Epic-Knights-Dark-Ages-1.1.jar
darkagesarmory	darkagesarmory:lombard_lamellar_boots	[1.21.1-neoforge]-Epic-Knights-Dark-Ages-1.1.jar
darkagesarmory	darkagesarmory:lombard_lamellar_chestplate	[1.21.1-neoforge]-Epic-Knights-Dark-Ages-1.1.jar
darkagesarmory	darkagesarmory:maille_aventail_decoration	[1.21.1-neoforge]-Epic-Knights-Dark-Ages-1.1.jar
darkagesarmory	darkagesarmory:northern_gambeson	[1.21.1-neoforge]-Epic-Knights-Dark-Ages-1.1.jar
darkagesarmory	darkagesarmory:oaterned_pillbox_cap	[1.21.1-neoforge]-Epic-Knights-Dark-Ages-1.1.jar
darkagesarmory	darkagesarmory:orkney_hood_decoration	[1.21.1-neoforge]-Epic-Knights-Dark-Ages-1.1.jar
darkagesarmory	darkagesarmory:patterned_eastern_hat	[1.21.1-neoforge]-Epic-Knights-Dark-Ages-1.1.jar
darkagesarmory	darkagesarmory:pecs_helmet	[1.21.1-neoforge]-Epic-Knights-Dark-Ages-1.1.jar
darkagesarmory	darkagesarmory:phrygian_cap	[1.21.1-neoforge]-Epic-Knights-Dark-Ages-1.1.jar
darkagesarmory	darkagesarmory:pile_woven_cloak_decoration	[1.21.1-neoforge]-Epic-Knights-Dark-Ages-1.1.jar
darkagesarmory	darkagesarmory:pillbox_cap	[1.21.1-neoforge]-Epic-Knights-Dark-Ages-1.1.jar
darkagesarmory	darkagesarmory:red_birka_tunic_decoration	[1.21.1-neoforge]-Epic-Knights-Dark-Ages-1.1.jar
darkagesarmory	darkagesarmory:red_early_tunic_decoration	[1.21.1-neoforge]-Epic-Knights-Dark-Ages-1.1.jar
darkagesarmory	darkagesarmory:red_klappenrock_tunic_decoration	[1.21.1-neoforge]-Epic-Knights-Dark-Ages-1.1.jar
darkagesarmory	darkagesarmory:red_late_saxon_tunic_decoration	[1.21.1-neoforge]-Epic-Knights-Dark-Ages-1.1.jar
darkagesarmory	darkagesarmory:red_oaterned_pillbox_cap	[1.21.1-neoforge]-Epic-Knights-Dark-Ages-1.1.jar
darkagesarmory	darkagesarmory:red_patterned_eastern_hat	[1.21.1-neoforge]-Epic-Knights-Dark-Ages-1.1.jar
darkagesarmory	darkagesarmory:red_prachtmantel_decoration	[1.21.1-neoforge]-Epic-Knights-Dark-Ages-1.1.jar
darkagesarmory	darkagesarmory:red_rich_eastern_caftan	[1.21.1-neoforge]-Epic-Knights-Dark-Ages-1.1.jar
darkagesarmory	darkagesarmory:red_saxon_tunic_decoration	[1.21.1-neoforge]-Epic-Knights-Dark-Ages-1.1.jar
darkagesarmory	darkagesarmory:red_tunic_boots	[1.21.1-neoforge]-Epic-Knights-Dark-Ages-1.1.jar
darkagesarmory	darkagesarmory:rich_byrnie_boots	[1.21.1-neoforge]-Epic-Knights-Dark-Ages-1.1.jar
darkagesarmory	darkagesarmory:rich_byrnie_chestplate	[1.21.1-neoforge]-Epic-Knights-Dark-Ages-1.1.jar
darkagesarmory	darkagesarmory:saxon_tunic_decoration	[1.21.1-neoforge]-Epic-Knights-Dark-Ages-1.1.jar
darkagesarmory	darkagesarmory:somme_helmet	[1.21.1-neoforge]-Epic-Knights-Dark-Ages-1.1.jar
darkagesarmory	darkagesarmory:stafforshire_helmet	[1.21.1-neoforge]-Epic-Knights-Dark-Ages-1.1.jar
darkagesarmory	darkagesarmory:steel_byzantine_axe	[1.21.1-neoforge]-Epic-Knights-Dark-Ages-1.1.jar
darkagesarmory	darkagesarmory:steel_crayke_axe	[1.21.1-neoforge]-Epic-Knights-Dark-Ages-1.1.jar
darkagesarmory	darkagesarmory:steel_decorated_spear	[1.21.1-neoforge]-Epic-Knights-Dark-Ages-1.1.jar
darkagesarmory	darkagesarmory:steel_decorated_spear_blocking	[1.21.1-neoforge]-Epic-Knights-Dark-Ages-1.1.jar
darkagesarmory	darkagesarmory:steel_falkoping_axe	[1.21.1-neoforge]-Epic-Knights-Dark-Ages-1.1.jar
darkagesarmory	darkagesarmory:steel_harnham_spear	[1.21.1-neoforge]-Epic-Knights-Dark-Ages-1.1.jar
darkagesarmory	darkagesarmory:steel_harnham_spear_blocking	[1.21.1-neoforge]-Epic-Knights-Dark-Ages-1.1.jar
darkagesarmory	darkagesarmory:steel_jarls_sword	[1.21.1-neoforge]-Epic-Knights-Dark-Ages-1.1.jar
darkagesarmory	darkagesarmory:steel_javelin	[1.21.1-neoforge]-Epic-Knights-Dark-Ages-1.1.jar
darkagesarmory	darkagesarmory:steel_javelin_blocking	[1.21.1-neoforge]-Epic-Knights-Dark-Ages-1.1.jar
darkagesarmory	darkagesarmory:steel_kingston_spear	[1.21.1-neoforge]-Epic-Knights-Dark-Ages-1.1.jar
darkagesarmory	darkagesarmory:steel_kingston_spear_blocking	[1.21.1-neoforge]-Epic-Knights-Dark-Ages-1.1.jar
darkagesarmory	darkagesarmory:steel_langseax	[1.21.1-neoforge]-Epic-Knights-Dark-Ages-1.1.jar
darkagesarmory	darkagesarmory:steel_magyar_sabre	[1.21.1-neoforge]-Epic-Knights-Dark-Ages-1.1.jar
darkagesarmory	darkagesarmory:steel_migration_era_axe	[1.21.1-neoforge]-Epic-Knights-Dark-Ages-1.1.jar
darkagesarmory	darkagesarmory:steel_rich_nordic_sword	[1.21.1-neoforge]-Epic-Knights-Dark-Ages-1.1.jar
darkagesarmory	darkagesarmory:steel_rich_saxon_sword	[1.21.1-neoforge]-Epic-Knights-Dark-Ages-1.1.jar
darkagesarmory	darkagesarmory:steel_runic_sword	[1.21.1-neoforge]-Epic-Knights-Dark-Ages-1.1.jar
darkagesarmory	darkagesarmory:steel_scramasax	[1.21.1-neoforge]-Epic-Knights-Dark-Ages-1.1.jar
darkagesarmory	darkagesarmory:steel_sittingbourne_seax	[1.21.1-neoforge]-Epic-Knights-Dark-Ages-1.1.jar
darkagesarmory	darkagesarmory:steel_small_broadaxe	[1.21.1-neoforge]-Epic-Knights-Dark-Ages-1.1.jar
darkagesarmory	darkagesarmory:steel_small_seax	[1.21.1-neoforge]-Epic-Knights-Dark-Ages-1.1.jar
darkagesarmory	darkagesarmory:steel_sutton_hoo_axe	[1.21.1-neoforge]-Epic-Knights-Dark-Ages-1.1.jar
darkagesarmory	darkagesarmory:steel_sutton_hoo_sword	[1.21.1-neoforge]-Epic-Knights-Dark-Ages-1.1.jar
darkagesarmory	darkagesarmory:steel_viking_sword	[1.21.1-neoforge]-Epic-Knights-Dark-Ages-1.1.jar
darkagesarmory	darkagesarmory:stromovka_helmet	[1.21.1-neoforge]-Epic-Knights-Dark-Ages-1.1.jar
darkagesarmory	darkagesarmory:sutton_hoo_helmet	[1.21.1-neoforge]-Epic-Knights-Dark-Ages-1.1.jar
darkagesarmory	darkagesarmory:telje	[1.21.1-neoforge]-Epic-Knights-Dark-Ages-1.1.jar
darkagesarmory	darkagesarmory:trosino_helmet	[1.21.1-neoforge]-Epic-Knights-Dark-Ages-1.1.jar
darkagesarmory	darkagesarmory:ultuna_helmet	[1.21.1-neoforge]-Epic-Knights-Dark-Ages-1.1.jar
darkagesarmory	darkagesarmory:valsgarde_5	[1.21.1-neoforge]-Epic-Knights-Dark-Ages-1.1.jar
darkagesarmory	darkagesarmory:valsgarde_8	[1.21.1-neoforge]-Epic-Knights-Dark-Ages-1.1.jar
darkagesarmory	darkagesarmory:valsgarde_vambraces_decoration	[1.21.1-neoforge]-Epic-Knights-Dark-Ages-1.1.jar
darkagesarmory	darkagesarmory:vendel_1	[1.21.1-neoforge]-Epic-Knights-Dark-Ages-1.1.jar
darkagesarmory	darkagesarmory:vendel_greaves	[1.21.1-neoforge]-Epic-Knights-Dark-Ages-1.1.jar
darkagesarmory	darkagesarmory:vendel_helmet	[1.21.1-neoforge]-Epic-Knights-Dark-Ages-1.1.jar
darkagesarmory	darkagesarmory:verden_helmet	[1.21.1-neoforge]-Epic-Knights-Dark-Ages-1.1.jar
darkagesarmory	darkagesarmory:white_birka_tunic_decoration	[1.21.1-neoforge]-Epic-Knights-Dark-Ages-1.1.jar
darkagesarmory	darkagesarmory:white_early_tunic_decoration	[1.21.1-neoforge]-Epic-Knights-Dark-Ages-1.1.jar
darkagesarmory	darkagesarmory:white_klappenrock_tunic_decoration	[1.21.1-neoforge]-Epic-Knights-Dark-Ages-1.1.jar
darkagesarmory	darkagesarmory:white_late_saxon_tunic_decoration	[1.21.1-neoforge]-Epic-Knights-Dark-Ages-1.1.jar
darkagesarmory	darkagesarmory:white_oaterned_pillbox_cap	[1.21.1-neoforge]-Epic-Knights-Dark-Ages-1.1.jar
darkagesarmory	darkagesarmory:white_patterned_eastern_hat	[1.21.1-neoforge]-Epic-Knights-Dark-Ages-1.1.jar
darkagesarmory	darkagesarmory:white_prachtmantel_decoration	[1.21.1-neoforge]-Epic-Knights-Dark-Ages-1.1.jar
darkagesarmory	darkagesarmory:white_rich_eastern_caftan	[1.21.1-neoforge]-Epic-Knights-Dark-Ages-1.1.jar
darkagesarmory	darkagesarmory:white_saxon_tunic_decoration	[1.21.1-neoforge]-Epic-Knights-Dark-Ages-1.1.jar
darkagesarmory	darkagesarmory:white_tunic_boots	[1.21.1-neoforge]-Epic-Knights-Dark-Ages-1.1.jar
darkagesarmory	darkagesarmory:winingas	[1.21.1-neoforge]-Epic-Knights-Dark-Ages-1.1.jar
darkagesarmory	darkagesarmory:wollaston_helmet	[1.21.1-neoforge]-Epic-Knights-Dark-Ages-1.1.jar
darkagesarmory	darkagesarmory:yarm_helmet	[1.21.1-neoforge]-Epic-Knights-Dark-Ages-1.1.jar
darkagesarmory	darkagesarmory:yellow_birka_tunic_decoration	[1.21.1-neoforge]-Epic-Knights-Dark-Ages-1.1.jar
darkagesarmory	darkagesarmory:yellow_early_tunic_decoration	[1.21.1-neoforge]-Epic-Knights-Dark-Ages-1.1.jar
darkagesarmory	darkagesarmory:yellow_klappenrock_tunic_decoration	[1.21.1-neoforge]-Epic-Knights-Dark-Ages-1.1.jar
darkagesarmory	darkagesarmory:yellow_late_saxon_tunic_decoration	[1.21.1-neoforge]-Epic-Knights-Dark-Ages-1.1.jar
darkagesarmory	darkagesarmory:yellow_oaterned_pillbox_cap	[1.21.1-neoforge]-Epic-Knights-Dark-Ages-1.1.jar
darkagesarmory	darkagesarmory:yellow_patterned_eastern_hat	[1.21.1-neoforge]-Epic-Knights-Dark-Ages-1.1.jar
darkagesarmory	darkagesarmory:yellow_prachtmantel_decoration	[1.21.1-neoforge]-Epic-Knights-Dark-Ages-1.1.jar
darkagesarmory	darkagesarmory:yellow_rich_eastern_caftan	[1.21.1-neoforge]-Epic-Knights-Dark-Ages-1.1.jar
darkagesarmory	darkagesarmory:yellow_saxon_tunic_decoration	[1.21.1-neoforge]-Epic-Knights-Dark-Ages-1.1.jar
darkagesarmory	darkagesarmory:yellow_tunic_boots	[1.21.1-neoforge]-Epic-Knights-Dark-Ages-1.1.jar
darkagesarmory	darkagesarmory:zlin_helmet	[1.21.1-neoforge]-Epic-Knights-Dark-Ages-1.1.jar
darkdoppelganger	darkdoppelganger:doppelganger_ring	darkdoppelganger-3.3.0-1.21.1.jar
darkdoppelganger	darkdoppelganger:elder_necklace	darkdoppelganger-3.3.0-1.21.1.jar
darkdoppelganger	darkdoppelganger:shadow_orb	darkdoppelganger-3.3.0-1.21.1.jar
darkdoppelganger	darkdoppelganger:summon_scroll	darkdoppelganger-3.3.0-1.21.1.jar
darkdoppelganger	darkdoppelganger:summons_necklace	darkdoppelganger-3.3.0-1.21.1.jar
efiscompat	efiscompat:purple_ball	efiscompat-3.0.0 (1).jar
elementals	elementals:air_banner_pattern	elementals-neoforge-1.21.1-5.0.0.jar
elementals	elementals:air_scroll	elementals-neoforge-1.21.1-5.0.0.jar
elementals	elementals:blood_scroll	elementals-neoforge-1.21.1-5.0.0.jar
elementals	elementals:boomerang	elementals-neoforge-1.21.1-5.0.0.jar
elementals	elementals:cactus_juice	elementals-neoforge-1.21.1-5.0.0.jar
elementals	elementals:dirt_bottle	elementals-neoforge-1.21.1-5.0.0.jar
elementals	elementals:earth_boots	elementals-neoforge-1.21.1-5.0.0.jar
elementals	elementals:earth_chestplate	elementals-neoforge-1.21.1-5.0.0.jar
elementals	elementals:earth_helmet	elementals-neoforge-1.21.1-5.0.0.jar
elementals	elementals:earth_leggings	elementals-neoforge-1.21.1-5.0.0.jar
elementals	elementals:earth_scroll	elementals-neoforge-1.21.1-5.0.0.jar
elementals	elementals:fire_scroll	elementals-neoforge-1.21.1-5.0.0.jar
elementals	elementals:glider	elementals-neoforge-1.21.1-5.0.0.jar
elementals	elementals:lightning_bottle	elementals-neoforge-1.21.1-5.0.0.jar
elementals	elementals:lightning_scroll	elementals-neoforge-1.21.1-5.0.0.jar
elementals	elementals:metal_boots	elementals-neoforge-1.21.1-5.0.0.jar
elementals	elementals:metal_chestplate	elementals-neoforge-1.21.1-5.0.0.jar
elementals	elementals:metal_helmet	elementals-neoforge-1.21.1-5.0.0.jar
elementals	elementals:metal_leggings	elementals-neoforge-1.21.1-5.0.0.jar
elementals	elementals:metal_scroll	elementals-neoforge-1.21.1-5.0.0.jar
elementals	elementals:moon_peach	elementals-neoforge-1.21.1-5.0.0.jar
elementals	elementals:patchouli_book	elementals-neoforge-1.21.1-5.0.0.jar
elementals	elementals:scroll	elementals-neoforge-1.21.1-5.0.0.jar
elementals	elementals:water_pouch	elementals-neoforge-1.21.1-5.0.0.jar
elementals	elementals:water_scroll	elementals-neoforge-1.21.1-5.0.0.jar
epicfight	epicfight:bokken	epicfight.jar
epicfight	epicfight:bokken	epic-fight-21.17.3.1-mc1.21.1-neoforge.jar
epicfight	epicfight:dagger	epicfight.jar
epicfight	epicfight:dagger	epic-fight-21.17.3.1-mc1.21.1-neoforge.jar
epicfight	epicfight:diamond_dagger	epicfight.jar
epicfight	epicfight:diamond_dagger	epic-fight-21.17.3.1-mc1.21.1-neoforge.jar
epicfight	epicfight:diamond_greatsword	epicfight.jar
epicfight	epicfight:diamond_greatsword	epic-fight-21.17.3.1-mc1.21.1-neoforge.jar
epicfight	epicfight:diamond_longsword	epicfight.jar
epicfight	epicfight:diamond_longsword	epic-fight-21.17.3.1-mc1.21.1-neoforge.jar
epicfight	epicfight:diamond_spear	epicfight.jar
epicfight	epicfight:diamond_spear	epic-fight-21.17.3.1-mc1.21.1-neoforge.jar
epicfight	epicfight:diamond_tachi	epicfight.jar
epicfight	epicfight:diamond_tachi	epic-fight-21.17.3.1-mc1.21.1-neoforge.jar
epicfight	epicfight:glove	epicfight.jar
epicfight	epicfight:glove	epic-fight-21.17.3.1-mc1.21.1-neoforge.jar
epicfight	epicfight:golden_dagger	epicfight.jar
epicfight	epicfight:golden_dagger	epic-fight-21.17.3.1-mc1.21.1-neoforge.jar
epicfight	epicfight:golden_greatsword	epicfight.jar
epicfight	epicfight:golden_greatsword	epic-fight-21.17.3.1-mc1.21.1-neoforge.jar
epicfight	epicfight:golden_longsword	epicfight.jar
epicfight	epicfight:golden_longsword	epic-fight-21.17.3.1-mc1.21.1-neoforge.jar
epicfight	epicfight:golden_spear	epicfight.jar
epicfight	epicfight:golden_spear	epic-fight-21.17.3.1-mc1.21.1-neoforge.jar
epicfight	epicfight:golden_tachi	epicfight.jar
epicfight	epicfight:golden_tachi	epic-fight-21.17.3.1-mc1.21.1-neoforge.jar
epicfight	epicfight:greatsword	epicfight.jar
epicfight	epicfight:greatsword	epic-fight-21.17.3.1-mc1.21.1-neoforge.jar
epicfight	epicfight:iron_dagger	epicfight.jar
epicfight	epicfight:iron_dagger	epic-fight-21.17.3.1-mc1.21.1-neoforge.jar
epicfight	epicfight:iron_greatsword	epicfight.jar
epicfight	epicfight:iron_greatsword	epic-fight-21.17.3.1-mc1.21.1-neoforge.jar
epicfight	epicfight:iron_longsword	epicfight.jar
epicfight	epicfight:iron_longsword	epic-fight-21.17.3.1-mc1.21.1-neoforge.jar
epicfight	epicfight:iron_spear	epicfight.jar
epicfight	epicfight:iron_spear	epic-fight-21.17.3.1-mc1.21.1-neoforge.jar
epicfight	epicfight:iron_tachi	epicfight.jar
epicfight	epicfight:iron_tachi	epic-fight-21.17.3.1-mc1.21.1-neoforge.jar
epicfight	epicfight:longsword	epicfight.jar
epicfight	epicfight:longsword	epic-fight-21.17.3.1-mc1.21.1-neoforge.jar
epicfight	epicfight:netherite_dagger	epicfight.jar
epicfight	epicfight:netherite_dagger	epic-fight-21.17.3.1-mc1.21.1-neoforge.jar
epicfight	epicfight:netherite_greatsword	epicfight.jar
epicfight	epicfight:netherite_greatsword	epic-fight-21.17.3.1-mc1.21.1-neoforge.jar
epicfight	epicfight:netherite_longsword	epicfight.jar
epicfight	epicfight:netherite_longsword	epic-fight-21.17.3.1-mc1.21.1-neoforge.jar
epicfight	epicfight:netherite_spear	epicfight.jar
epicfight	epicfight:netherite_spear	epic-fight-21.17.3.1-mc1.21.1-neoforge.jar
epicfight	epicfight:netherite_tachi	epicfight.jar
epicfight	epicfight:netherite_tachi	epic-fight-21.17.3.1-mc1.21.1-neoforge.jar
epicfight	epicfight:skillbook	epicfight.jar
epicfight	epicfight:skillbook	epic-fight-21.17.3.1-mc1.21.1-neoforge.jar
epicfight	epicfight:skillbook_dodge	epicfight.jar
epicfight	epicfight:skillbook_dodge	epic-fight-21.17.3.1-mc1.21.1-neoforge.jar
epicfight	epicfight:skillbook_guard	epicfight.jar
epicfight	epicfight:skillbook_guard	epic-fight-21.17.3.1-mc1.21.1-neoforge.jar
epicfight	epicfight:skillbook_identity	epicfight.jar
epicfight	epicfight:skillbook_identity	epic-fight-21.17.3.1-mc1.21.1-neoforge.jar
epicfight	epicfight:skillbook_mover	epicfight.jar
epicfight	epicfight:skillbook_mover	epic-fight-21.17.3.1-mc1.21.1-neoforge.jar
epicfight	epicfight:skillbook_passive	epicfight.jar
epicfight	epicfight:skillbook_passive	epic-fight-21.17.3.1-mc1.21.1-neoforge.jar
epicfight	epicfight:spear	epicfight.jar
epicfight	epicfight:spear	epic-fight-21.17.3.1-mc1.21.1-neoforge.jar
epicfight	epicfight:stone_dagger	epicfight.jar
epicfight	epicfight:stone_dagger	epic-fight-21.17.3.1-mc1.21.1-neoforge.jar
epicfight	epicfight:stone_greatsword	epicfight.jar
epicfight	epicfight:stone_greatsword	epic-fight-21.17.3.1-mc1.21.1-neoforge.jar
epicfight	epicfight:stone_longsword	epicfight.jar
epicfight	epicfight:stone_longsword	epic-fight-21.17.3.1-mc1.21.1-neoforge.jar
epicfight	epicfight:stone_spear	epicfight.jar
epicfight	epicfight:stone_spear	epic-fight-21.17.3.1-mc1.21.1-neoforge.jar
epicfight	epicfight:stone_tachi	epicfight.jar
epicfight	epicfight:stone_tachi	epic-fight-21.17.3.1-mc1.21.1-neoforge.jar
epicfight	epicfight:stray_hat	epicfight.jar
epicfight	epicfight:stray_hat	epic-fight-21.17.3.1-mc1.21.1-neoforge.jar
epicfight	epicfight:stray_pants	epicfight.jar
epicfight	epicfight:stray_pants	epic-fight-21.17.3.1-mc1.21.1-neoforge.jar
epicfight	epicfight:stray_robe	epicfight.jar
epicfight	epicfight:stray_robe	epic-fight-21.17.3.1-mc1.21.1-neoforge.jar
epicfight	epicfight:tachi	epicfight.jar
epicfight	epicfight:tachi	epic-fight-21.17.3.1-mc1.21.1-neoforge.jar
epicfight	epicfight:uchigatana	epicfight.jar
epicfight	epicfight:uchigatana	epic-fight-21.17.3.1-mc1.21.1-neoforge.jar
epicfight	epicfight:uchigatana_sheath	epicfight.jar
epicfight	epicfight:uchigatana_sheath	epic-fight-21.17.3.1-mc1.21.1-neoforge.jar
epicfight	epicfight:wooden_dagger	epicfight.jar
epicfight	epicfight:wooden_dagger	epic-fight-21.17.3.1-mc1.21.1-neoforge.jar
epicfight	epicfight:wooden_greatsword	epicfight.jar
epicfight	epicfight:wooden_greatsword	epic-fight-21.17.3.1-mc1.21.1-neoforge.jar
epicfight	epicfight:wooden_longsword	epicfight.jar
epicfight	epicfight:wooden_longsword	epic-fight-21.17.3.1-mc1.21.1-neoforge.jar
epicfight	epicfight:wooden_spear	epicfight.jar
epicfight	epicfight:wooden_spear	epic-fight-21.17.3.1-mc1.21.1-neoforge.jar
epicfight	epicfight:wooden_tachi	epicfight.jar
epicfight	epicfight:wooden_tachi	epic-fight-21.17.3.1-mc1.21.1-neoforge.jar
epicfight_dd	epicfight_dd:backhand_blade	epic-fight-dawn-day-21.17.1.0-mc1.21.1-neoforge.jar
epicfight_dd	epicfight_dd:bat	epic-fight-dawn-day-21.17.1.0-mc1.21.1-neoforge.jar
epicfight_dd	epicfight_dd:bat_3d	epic-fight-dawn-day-21.17.1.0-mc1.21.1-neoforge.jar
epicfight_dd	epicfight_dd:battlestaff	epic-fight-dawn-day-21.17.1.0-mc1.21.1-neoforge.jar
epicfight_dd	epicfight_dd:blood_ritus_dagger	epic-fight-dawn-day-21.17.1.0-mc1.21.1-neoforge.jar
epicfight_dd	epicfight_dd:bonecutting_saw	epic-fight-dawn-day-21.17.1.0-mc1.21.1-neoforge.jar
epicfight_dd	epicfight_dd:diamond_battlestaff	epic-fight-dawn-day-21.17.1.0-mc1.21.1-neoforge.jar
epicfight_dd	epicfight_dd:diamond_florett	epic-fight-dawn-day-21.17.1.0-mc1.21.1-neoforge.jar
epicfight_dd	epicfight_dd:diamond_halberd	epic-fight-dawn-day-21.17.1.0-mc1.21.1-neoforge.jar
epicfight_dd	epicfight_dd:diamond_knife	epic-fight-dawn-day-21.17.1.0-mc1.21.1-neoforge.jar
epicfight_dd	epicfight_dd:diamond_light_greatsword	epic-fight-dawn-day-21.17.1.0-mc1.21.1-neoforge.jar
epicfight_dd	epicfight_dd:diamond_messer	epic-fight-dawn-day-21.17.1.0-mc1.21.1-neoforge.jar
epicfight_dd	epicfight_dd:energydrink	epic-fight-dawn-day-21.17.1.0-mc1.21.1-neoforge.jar
epicfight_dd	epicfight_dd:golden_battlestaff	epic-fight-dawn-day-21.17.1.0-mc1.21.1-neoforge.jar
epicfight_dd	epicfight_dd:golden_florett	epic-fight-dawn-day-21.17.1.0-mc1.21.1-neoforge.jar
epicfight_dd	epicfight_dd:golden_halberd	epic-fight-dawn-day-21.17.1.0-mc1.21.1-neoforge.jar
epicfight_dd	epicfight_dd:golden_knife	epic-fight-dawn-day-21.17.1.0-mc1.21.1-neoforge.jar
epicfight_dd	epicfight_dd:golden_light_greatsword	epic-fight-dawn-day-21.17.1.0-mc1.21.1-neoforge.jar
epicfight_dd	epicfight_dd:golden_messer	epic-fight-dawn-day-21.17.1.0-mc1.21.1-neoforge.jar
epicfight_dd	epicfight_dd:halberd	epic-fight-dawn-day-21.17.1.0-mc1.21.1-neoforge.jar
epicfight_dd	epicfight_dd:herb_sickle	epic-fight-dawn-day-21.17.1.0-mc1.21.1-neoforge.jar
epicfight_dd	epicfight_dd:herb_sickle_template	epic-fight-dawn-day-21.17.1.0-mc1.21.1-neoforge.jar
epicfight_dd	epicfight_dd:iron_battlestaff	epic-fight-dawn-day-21.17.1.0-mc1.21.1-neoforge.jar
epicfight_dd	epicfight_dd:iron_fist	epic-fight-dawn-day-21.17.1.0-mc1.21.1-neoforge.jar
epicfight_dd	epicfight_dd:iron_florett	epic-fight-dawn-day-21.17.1.0-mc1.21.1-neoforge.jar
epicfight_dd	epicfight_dd:iron_halberd	epic-fight-dawn-day-21.17.1.0-mc1.21.1-neoforge.jar
epicfight_dd	epicfight_dd:iron_knife	epic-fight-dawn-day-21.17.1.0-mc1.21.1-neoforge.jar
epicfight_dd	epicfight_dd:iron_light_greatsword	epic-fight-dawn-day-21.17.1.0-mc1.21.1-neoforge.jar
epicfight_dd	epicfight_dd:iron_messer	epic-fight-dawn-day-21.17.1.0-mc1.21.1-neoforge.jar
epicfight_dd	epicfight_dd:light_greatsword	epic-fight-dawn-day-21.17.1.0-mc1.21.1-neoforge.jar
epicfight_dd	epicfight_dd:messer	epic-fight-dawn-day-21.17.1.0-mc1.21.1-neoforge.jar
epicfight_dd	epicfight_dd:milady	epic-fight-dawn-day-21.17.1.0-mc1.21.1-neoforge.jar
epicfight_dd	epicfight_dd:nail	epic-fight-dawn-day-21.17.1.0-mc1.21.1-neoforge.jar
epicfight_dd	epicfight_dd:nailbat	epic-fight-dawn-day-21.17.1.0-mc1.21.1-neoforge.jar
epicfight_dd	epicfight_dd:nailbat_3d	epic-fight-dawn-day-21.17.1.0-mc1.21.1-neoforge.jar
epicfight_dd	epicfight_dd:nailbat_gui	epic-fight-dawn-day-21.17.1.0-mc1.21.1-neoforge.jar
epicfight_dd	epicfight_dd:netherite_battlestaff	epic-fight-dawn-day-21.17.1.0-mc1.21.1-neoforge.jar
epicfight_dd	epicfight_dd:netherite_florett	epic-fight-dawn-day-21.17.1.0-mc1.21.1-neoforge.jar
epicfight_dd	epicfight_dd:netherite_halberd	epic-fight-dawn-day-21.17.1.0-mc1.21.1-neoforge.jar
epicfight_dd	epicfight_dd:netherite_knife	epic-fight-dawn-day-21.17.1.0-mc1.21.1-neoforge.jar
epicfight_dd	epicfight_dd:netherite_light_greatsword	epic-fight-dawn-day-21.17.1.0-mc1.21.1-neoforge.jar
epicfight_dd	epicfight_dd:netherite_messer	epic-fight-dawn-day-21.17.1.0-mc1.21.1-neoforge.jar
epicfight_dd	epicfight_dd:night_ritus_dagger	epic-fight-dawn-day-21.17.1.0-mc1.21.1-neoforge.jar
epicfight_dd	epicfight_dd:ritus_dagger	epic-fight-dawn-day-21.17.1.0-mc1.21.1-neoforge.jar
epicfight_dd	epicfight_dd:ruby	epic-fight-dawn-day-21.17.1.0-mc1.21.1-neoforge.jar
epicfight_dd	epicfight_dd:saber	epic-fight-dawn-day-21.17.1.0-mc1.21.1-neoforge.jar
epicfight_dd	epicfight_dd:steelaxe	epic-fight-dawn-day-21.17.1.0-mc1.21.1-neoforge.jar
epicfight_dd	epicfight_dd:vitreus	epic-fight-dawn-day-21.17.1.0-mc1.21.1-neoforge.jar
epicfight_dd	epicfight_dd:war_sickle	epic-fight-dawn-day-21.17.1.0-mc1.21.1-neoforge.jar
epicfight_dd	epicfight_dd:wooden_battlestaff	epic-fight-dawn-day-21.17.1.0-mc1.21.1-neoforge.jar
farmersdelight	farmersdelight:acacia_cabinet	FarmersDelight-1.21.1-1.3.2.jar
farmersdelight	farmersdelight:apple_cider	FarmersDelight-1.21.1-1.3.2.jar
farmersdelight	farmersdelight:apple_pie	FarmersDelight-1.21.1-1.3.2.jar
farmersdelight	farmersdelight:apple_pie_slice	FarmersDelight-1.21.1-1.3.2.jar
farmersdelight	farmersdelight:bacon	FarmersDelight-1.21.1-1.3.2.jar
farmersdelight	farmersdelight:bacon_and_eggs	FarmersDelight-1.21.1-1.3.2.jar
farmersdelight	farmersdelight:bacon_sandwich	FarmersDelight-1.21.1-1.3.2.jar
farmersdelight	farmersdelight:baked_cod_stew	FarmersDelight-1.21.1-1.3.2.jar
farmersdelight	farmersdelight:bamboo_basket	FarmersDelight-1.21.1-1.3.2.jar
farmersdelight	farmersdelight:bamboo_cabinet	FarmersDelight-1.21.1-1.3.2.jar
farmersdelight	farmersdelight:barbecue_stick	FarmersDelight-1.21.1-1.3.2.jar
farmersdelight	farmersdelight:beef_patty	FarmersDelight-1.21.1-1.3.2.jar
farmersdelight	farmersdelight:beef_stew	FarmersDelight-1.21.1-1.3.2.jar
farmersdelight	farmersdelight:beetroot_crate	FarmersDelight-1.21.1-1.3.2.jar
farmersdelight	farmersdelight:birch_cabinet	FarmersDelight-1.21.1-1.3.2.jar
farmersdelight	farmersdelight:black_canvas_sign	FarmersDelight-1.21.1-1.3.2.jar
farmersdelight	farmersdelight:black_hanging_canvas_sign	FarmersDelight-1.21.1-1.3.2.jar
farmersdelight	farmersdelight:blue_canvas_sign	FarmersDelight-1.21.1-1.3.2.jar
farmersdelight	farmersdelight:blue_hanging_canvas_sign	FarmersDelight-1.21.1-1.3.2.jar
farmersdelight	farmersdelight:bone_broth	FarmersDelight-1.21.1-1.3.2.jar
farmersdelight	farmersdelight:brown_canvas_sign	FarmersDelight-1.21.1-1.3.2.jar
farmersdelight	farmersdelight:brown_hanging_canvas_sign	FarmersDelight-1.21.1-1.3.2.jar
farmersdelight	farmersdelight:brown_mushroom_colony	FarmersDelight-1.21.1-1.3.2.jar
farmersdelight	farmersdelight:cabbage	FarmersDelight-1.21.1-1.3.2.jar
farmersdelight	farmersdelight:cabbage_crate	FarmersDelight-1.21.1-1.3.2.jar
farmersdelight	farmersdelight:cabbage_leaf	FarmersDelight-1.21.1-1.3.2.jar
farmersdelight	farmersdelight:cabbage_rolls	FarmersDelight-1.21.1-1.3.2.jar
farmersdelight	farmersdelight:cabbage_seeds	FarmersDelight-1.21.1-1.3.2.jar
farmersdelight	farmersdelight:cake_slice	FarmersDelight-1.21.1-1.3.2.jar
farmersdelight	farmersdelight:canvas	FarmersDelight-1.21.1-1.3.2.jar
farmersdelight	farmersdelight:canvas_rug	FarmersDelight-1.21.1-1.3.2.jar
farmersdelight	farmersdelight:canvas_sign	FarmersDelight-1.21.1-1.3.2.jar
farmersdelight	farmersdelight:carrot_crate	FarmersDelight-1.21.1-1.3.2.jar
farmersdelight	farmersdelight:cherry_cabinet	FarmersDelight-1.21.1-1.3.2.jar
farmersdelight	farmersdelight:chicken_cuts	FarmersDelight-1.21.1-1.3.2.jar
farmersdelight	farmersdelight:chicken_sandwich	FarmersDelight-1.21.1-1.3.2.jar
farmersdelight	farmersdelight:chicken_soup	FarmersDelight-1.21.1-1.3.2.jar
farmersdelight	farmersdelight:chocolate_pie	FarmersDelight-1.21.1-1.3.2.jar
farmersdelight	farmersdelight:chocolate_pie_slice	FarmersDelight-1.21.1-1.3.2.jar
farmersdelight	farmersdelight:cod_roll	FarmersDelight-1.21.1-1.3.2.jar
farmersdelight	farmersdelight:cod_slice	FarmersDelight-1.21.1-1.3.2.jar
farmersdelight	farmersdelight:cooked_bacon	FarmersDelight-1.21.1-1.3.2.jar
farmersdelight	farmersdelight:cooked_chicken_cuts	FarmersDelight-1.21.1-1.3.2.jar
farmersdelight	farmersdelight:cooked_cod_slice	FarmersDelight-1.21.1-1.3.2.jar
farmersdelight	farmersdelight:cooked_mutton_chops	FarmersDelight-1.21.1-1.3.2.jar
farmersdelight	farmersdelight:cooked_rice	FarmersDelight-1.21.1-1.3.2.jar
farmersdelight	farmersdelight:cooked_salmon_slice	FarmersDelight-1.21.1-1.3.2.jar
farmersdelight	farmersdelight:cooking_pot	FarmersDelight-1.21.1-1.3.2.jar
farmersdelight	farmersdelight:crimson_cabinet	FarmersDelight-1.21.1-1.3.2.jar
farmersdelight	farmersdelight:cutting_board	FarmersDelight-1.21.1-1.3.2.jar
farmersdelight	farmersdelight:cyan_canvas_sign	FarmersDelight-1.21.1-1.3.2.jar
farmersdelight	farmersdelight:cyan_hanging_canvas_sign	FarmersDelight-1.21.1-1.3.2.jar
farmersdelight	farmersdelight:dark_oak_cabinet	FarmersDelight-1.21.1-1.3.2.jar
farmersdelight	farmersdelight:debug_pumpkin_pie	FarmersDelight-1.21.1-1.3.2.jar
farmersdelight	farmersdelight:diamond_knife	FarmersDelight-1.21.1-1.3.2.jar
farmersdelight	farmersdelight:dog_food	FarmersDelight-1.21.1-1.3.2.jar
farmersdelight	farmersdelight:dumplings	FarmersDelight-1.21.1-1.3.2.jar
farmersdelight	farmersdelight:egg_sandwich	FarmersDelight-1.21.1-1.3.2.jar
farmersdelight	farmersdelight:fish_stew	FarmersDelight-1.21.1-1.3.2.jar
farmersdelight	farmersdelight:flint_knife	FarmersDelight-1.21.1-1.3.2.jar
farmersdelight	farmersdelight:fried_egg	FarmersDelight-1.21.1-1.3.2.jar
farmersdelight	farmersdelight:fried_rice	FarmersDelight-1.21.1-1.3.2.jar
farmersdelight	farmersdelight:fruit_salad	FarmersDelight-1.21.1-1.3.2.jar
farmersdelight	farmersdelight:full_tatami_mat	FarmersDelight-1.21.1-1.3.2.jar
farmersdelight	farmersdelight:gleaming_salad	FarmersDelight-1.21.1-1.3.2.jar
farmersdelight	farmersdelight:gleaming_salad_block	FarmersDelight-1.21.1-1.3.2.jar
farmersdelight	farmersdelight:glow_berry_custard	FarmersDelight-1.21.1-1.3.2.jar
farmersdelight	farmersdelight:golden_knife	FarmersDelight-1.21.1-1.3.2.jar
farmersdelight	farmersdelight:gray_canvas_sign	FarmersDelight-1.21.1-1.3.2.jar
farmersdelight	farmersdelight:gray_hanging_canvas_sign	FarmersDelight-1.21.1-1.3.2.jar
farmersdelight	farmersdelight:green_canvas_sign	FarmersDelight-1.21.1-1.3.2.jar
farmersdelight	farmersdelight:green_hanging_canvas_sign	FarmersDelight-1.21.1-1.3.2.jar
farmersdelight	farmersdelight:grilled_salmon	FarmersDelight-1.21.1-1.3.2.jar
farmersdelight	farmersdelight:half_tatami_mat	FarmersDelight-1.21.1-1.3.2.jar
farmersdelight	farmersdelight:ham	FarmersDelight-1.21.1-1.3.2.jar
farmersdelight	farmersdelight:hamburger	FarmersDelight-1.21.1-1.3.2.jar
farmersdelight	farmersdelight:hanging_canvas_sign	FarmersDelight-1.21.1-1.3.2.jar
farmersdelight	farmersdelight:honey_cookie	FarmersDelight-1.21.1-1.3.2.jar
farmersdelight	farmersdelight:honey_glazed_ham	FarmersDelight-1.21.1-1.3.2.jar
farmersdelight	farmersdelight:honey_glazed_ham_block	FarmersDelight-1.21.1-1.3.2.jar
farmersdelight	farmersdelight:horse_feed	FarmersDelight-1.21.1-1.3.2.jar
farmersdelight	farmersdelight:hot_cocoa	FarmersDelight-1.21.1-1.3.2.jar
farmersdelight	farmersdelight:iron_knife	FarmersDelight-1.21.1-1.3.2.jar
farmersdelight	farmersdelight:jungle_cabinet	FarmersDelight-1.21.1-1.3.2.jar
farmersdelight	farmersdelight:kelp_roll	FarmersDelight-1.21.1-1.3.2.jar
farmersdelight	farmersdelight:kelp_roll_slice	FarmersDelight-1.21.1-1.3.2.jar
farmersdelight	farmersdelight:light_blue_canvas_sign	FarmersDelight-1.21.1-1.3.2.jar
farmersdelight	farmersdelight:light_blue_hanging_canvas_sign	FarmersDelight-1.21.1-1.3.2.jar
farmersdelight	farmersdelight:light_gray_canvas_sign	FarmersDelight-1.21.1-1.3.2.jar
farmersdelight	farmersdelight:light_gray_hanging_canvas_sign	FarmersDelight-1.21.1-1.3.2.jar
farmersdelight	farmersdelight:lime_canvas_sign	FarmersDelight-1.21.1-1.3.2.jar
farmersdelight	farmersdelight:lime_hanging_canvas_sign	FarmersDelight-1.21.1-1.3.2.jar
farmersdelight	farmersdelight:magenta_canvas_sign	FarmersDelight-1.21.1-1.3.2.jar
farmersdelight	farmersdelight:magenta_hanging_canvas_sign	FarmersDelight-1.21.1-1.3.2.jar
farmersdelight	farmersdelight:mangrove_cabinet	FarmersDelight-1.21.1-1.3.2.jar
farmersdelight	farmersdelight:melon_juice	FarmersDelight-1.21.1-1.3.2.jar
farmersdelight	farmersdelight:melon_popsicle	FarmersDelight-1.21.1-1.3.2.jar
farmersdelight	farmersdelight:milk_bottle	FarmersDelight-1.21.1-1.3.2.jar
farmersdelight	farmersdelight:minced_beef	FarmersDelight-1.21.1-1.3.2.jar
farmersdelight	farmersdelight:mixed_salad	FarmersDelight-1.21.1-1.3.2.jar
farmersdelight	farmersdelight:mug	FarmersDelight-1.21.1-1.3.2.jar
farmersdelight	farmersdelight:mushroom_rice	FarmersDelight-1.21.1-1.3.2.jar
farmersdelight	farmersdelight:mutton_chops	FarmersDelight-1.21.1-1.3.2.jar
farmersdelight	farmersdelight:mutton_wrap	FarmersDelight-1.21.1-1.3.2.jar
farmersdelight	farmersdelight:nether_salad	FarmersDelight-1.21.1-1.3.2.jar
farmersdelight	farmersdelight:netherite_knife	FarmersDelight-1.21.1-1.3.2.jar
farmersdelight	farmersdelight:noodle_soup	FarmersDelight-1.21.1-1.3.2.jar
farmersdelight	farmersdelight:oak_cabinet	FarmersDelight-1.21.1-1.3.2.jar
farmersdelight	farmersdelight:onion	FarmersDelight-1.21.1-1.3.2.jar
farmersdelight	farmersdelight:onion_crate	FarmersDelight-1.21.1-1.3.2.jar
farmersdelight	farmersdelight:onion_soup	FarmersDelight-1.21.1-1.3.2.jar
farmersdelight	farmersdelight:orange_canvas_sign	FarmersDelight-1.21.1-1.3.2.jar
farmersdelight	farmersdelight:orange_hanging_canvas_sign	FarmersDelight-1.21.1-1.3.2.jar
farmersdelight	farmersdelight:organic_compost	FarmersDelight-1.21.1-1.3.2.jar
farmersdelight	farmersdelight:pasta_with_meatballs	FarmersDelight-1.21.1-1.3.2.jar
farmersdelight	farmersdelight:pasta_with_mutton_chop	FarmersDelight-1.21.1-1.3.2.jar
farmersdelight	farmersdelight:pie_crust	FarmersDelight-1.21.1-1.3.2.jar
farmersdelight	farmersdelight:pink_canvas_sign	FarmersDelight-1.21.1-1.3.2.jar
farmersdelight	farmersdelight:pink_hanging_canvas_sign	FarmersDelight-1.21.1-1.3.2.jar
farmersdelight	farmersdelight:potato_crate	FarmersDelight-1.21.1-1.3.2.jar
farmersdelight	farmersdelight:pumpkin_pie_slice	FarmersDelight-1.21.1-1.3.2.jar
farmersdelight	farmersdelight:pumpkin_slice	FarmersDelight-1.21.1-1.3.2.jar
farmersdelight	farmersdelight:pumpkin_soup	FarmersDelight-1.21.1-1.3.2.jar
farmersdelight	farmersdelight:purple_canvas_sign	FarmersDelight-1.21.1-1.3.2.jar
farmersdelight	farmersdelight:purple_hanging_canvas_sign	FarmersDelight-1.21.1-1.3.2.jar
farmersdelight	farmersdelight:ratatouille	FarmersDelight-1.21.1-1.3.2.jar
farmersdelight	farmersdelight:raw_pasta	FarmersDelight-1.21.1-1.3.2.jar
farmersdelight	farmersdelight:red_canvas_sign	FarmersDelight-1.21.1-1.3.2.jar
farmersdelight	farmersdelight:red_hanging_canvas_sign	FarmersDelight-1.21.1-1.3.2.jar
farmersdelight	farmersdelight:red_mushroom_colony	FarmersDelight-1.21.1-1.3.2.jar
farmersdelight	farmersdelight:rice	FarmersDelight-1.21.1-1.3.2.jar
farmersdelight	farmersdelight:rice_bag	FarmersDelight-1.21.1-1.3.2.jar
farmersdelight	farmersdelight:rice_bale	FarmersDelight-1.21.1-1.3.2.jar
farmersdelight	farmersdelight:rice_panicle	FarmersDelight-1.21.1-1.3.2.jar
farmersdelight	farmersdelight:rice_roll_medley_block	FarmersDelight-1.21.1-1.3.2.jar
farmersdelight	farmersdelight:rich_soil	FarmersDelight-1.21.1-1.3.2.jar
farmersdelight	farmersdelight:rich_soil_farmland	FarmersDelight-1.21.1-1.3.2.jar
farmersdelight	farmersdelight:roast_chicken	FarmersDelight-1.21.1-1.3.2.jar
farmersdelight	farmersdelight:roast_chicken_block	FarmersDelight-1.21.1-1.3.2.jar
farmersdelight	farmersdelight:roasted_mutton_chops	FarmersDelight-1.21.1-1.3.2.jar
farmersdelight	farmersdelight:rope	FarmersDelight-1.21.1-1.3.2.jar
farmersdelight	farmersdelight:rope_fence	FarmersDelight-1.21.1-1.3.2.jar
farmersdelight	farmersdelight:rope_fence_gate	FarmersDelight-1.21.1-1.3.2.jar
farmersdelight	farmersdelight:rotten_tomato	FarmersDelight-1.21.1-1.3.2.jar
farmersdelight	farmersdelight:safety_net	FarmersDelight-1.21.1-1.3.2.jar
farmersdelight	farmersdelight:salmon_roll	FarmersDelight-1.21.1-1.3.2.jar
farmersdelight	farmersdelight:salmon_slice	FarmersDelight-1.21.1-1.3.2.jar
farmersdelight	farmersdelight:sandy_shrub	FarmersDelight-1.21.1-1.3.2.jar
farmersdelight	farmersdelight:shepherds_pie	FarmersDelight-1.21.1-1.3.2.jar
farmersdelight	farmersdelight:shepherds_pie_block	FarmersDelight-1.21.1-1.3.2.jar
farmersdelight	farmersdelight:skillet	FarmersDelight-1.21.1-1.3.2.jar
farmersdelight	farmersdelight:skillet_cooking	FarmersDelight-1.21.1-1.3.2.jar
farmersdelight	farmersdelight:smoked_ham	FarmersDelight-1.21.1-1.3.2.jar
farmersdelight	farmersdelight:spruce_cabinet	FarmersDelight-1.21.1-1.3.2.jar
farmersdelight	farmersdelight:squid_ink_pasta	FarmersDelight-1.21.1-1.3.2.jar
farmersdelight	farmersdelight:steak_and_potatoes	FarmersDelight-1.21.1-1.3.2.jar
farmersdelight	farmersdelight:stove	FarmersDelight-1.21.1-1.3.2.jar
farmersdelight	farmersdelight:straw	FarmersDelight-1.21.1-1.3.2.jar
farmersdelight	farmersdelight:straw_bale	FarmersDelight-1.21.1-1.3.2.jar
farmersdelight	farmersdelight:stuffed_potato	FarmersDelight-1.21.1-1.3.2.jar
farmersdelight	farmersdelight:stuffed_pumpkin	FarmersDelight-1.21.1-1.3.2.jar
farmersdelight	farmersdelight:stuffed_pumpkin_block	FarmersDelight-1.21.1-1.3.2.jar
farmersdelight	farmersdelight:sweet_berry_cheesecake	FarmersDelight-1.21.1-1.3.2.jar
farmersdelight	farmersdelight:sweet_berry_cheesecake_slice	FarmersDelight-1.21.1-1.3.2.jar
farmersdelight	farmersdelight:sweet_berry_cookie	FarmersDelight-1.21.1-1.3.2.jar
farmersdelight	farmersdelight:tatami	FarmersDelight-1.21.1-1.3.2.jar
farmersdelight	farmersdelight:tomato	FarmersDelight-1.21.1-1.3.2.jar
farmersdelight	farmersdelight:tomato_crate	FarmersDelight-1.21.1-1.3.2.jar
farmersdelight	farmersdelight:tomato_sauce	FarmersDelight-1.21.1-1.3.2.jar
farmersdelight	farmersdelight:tomato_seeds	FarmersDelight-1.21.1-1.3.2.jar
farmersdelight	farmersdelight:tree_bark	FarmersDelight-1.21.1-1.3.2.jar
farmersdelight	farmersdelight:vegetable_noodles	FarmersDelight-1.21.1-1.3.2.jar
farmersdelight	farmersdelight:vegetable_soup	FarmersDelight-1.21.1-1.3.2.jar
farmersdelight	farmersdelight:warped_cabinet	FarmersDelight-1.21.1-1.3.2.jar
farmersdelight	farmersdelight:wheat_dough	FarmersDelight-1.21.1-1.3.2.jar
farmersdelight	farmersdelight:white_canvas_sign	FarmersDelight-1.21.1-1.3.2.jar
farmersdelight	farmersdelight:white_hanging_canvas_sign	FarmersDelight-1.21.1-1.3.2.jar
farmersdelight	farmersdelight:wild_beetroots	FarmersDelight-1.21.1-1.3.2.jar
farmersdelight	farmersdelight:wild_cabbages	FarmersDelight-1.21.1-1.3.2.jar
farmersdelight	farmersdelight:wild_carrots	FarmersDelight-1.21.1-1.3.2.jar
farmersdelight	farmersdelight:wild_onions	FarmersDelight-1.21.1-1.3.2.jar
farmersdelight	farmersdelight:wild_potatoes	FarmersDelight-1.21.1-1.3.2.jar
farmersdelight	farmersdelight:wild_rice	FarmersDelight-1.21.1-1.3.2.jar
farmersdelight	farmersdelight:wild_tomatoes	FarmersDelight-1.21.1-1.3.2.jar
farmersdelight	farmersdelight:wooden_basket	FarmersDelight-1.21.1-1.3.2.jar
farmersdelight	farmersdelight:yellow_canvas_sign	FarmersDelight-1.21.1-1.3.2.jar
farmersdelight	farmersdelight:yellow_hanging_canvas_sign	FarmersDelight-1.21.1-1.3.2.jar
fdbosses	fdbosses:chesed_trophy	fdbosses-3.1.0.3-1.21.1.jar
fdbosses	fdbosses:chiseled_justicestone_bricks	fdbosses-3.1.0.3-1.21.1.jar
fdbosses	fdbosses:debug	fdbosses-3.1.0.3-1.21.1.jar
fdbosses	fdbosses:divine_gear	fdbosses-3.1.0.3-1.21.1.jar
fdbosses	fdbosses:eye_of_chesed	fdbosses-3.1.0.3-1.21.1.jar
fdbosses	fdbosses:eye_of_geburah	fdbosses-3.1.0.3-1.21.1.jar
fdbosses	fdbosses:eye_of_malkuth	fdbosses-3.1.0.3-1.21.1.jar
fdbosses	fdbosses:fire_and_ice_core	fdbosses-3.1.0.3-1.21.1.jar
fdbosses	fdbosses:geburah/geburah_explosive_crystal_exploding_0	fdbosses-3.1.0.3-1.21.1.jar
fdbosses	fdbosses:geburah/geburah_explosive_crystal_exploding_1	fdbosses-3.1.0.3-1.21.1.jar
fdbosses	fdbosses:geburah_explosive_crystal	fdbosses-3.1.0.3-1.21.1.jar
fdbosses	fdbosses:geburah_respite_point	fdbosses-3.1.0.3-1.21.1.jar
fdbosses	fdbosses:geburah_trophy	fdbosses-3.1.0.3-1.21.1.jar
fdbosses	fdbosses:justice_core	fdbosses-3.1.0.3-1.21.1.jar
fdbosses	fdbosses:justicestone_beam	fdbosses-3.1.0.3-1.21.1.jar
fdbosses	fdbosses:justicestone_bricks	fdbosses-3.1.0.3-1.21.1.jar
fdbosses	fdbosses:justicestone_bricks_slab	fdbosses-3.1.0.3-1.21.1.jar
fdbosses	fdbosses:justicestone_column	fdbosses-3.1.0.3-1.21.1.jar
fdbosses	fdbosses:justicestone_column_wall	fdbosses-3.1.0.3-1.21.1.jar
fdbosses	fdbosses:justicestone_stairs	fdbosses-3.1.0.3-1.21.1.jar
fdbosses	fdbosses:justicestone_wall	fdbosses-3.1.0.3-1.21.1.jar
fdbosses	fdbosses:lightning_core	fdbosses-3.1.0.3-1.21.1.jar
fdbosses	fdbosses:malkuth_cannon_repair_material_fire	fdbosses-3.1.0.3-1.21.1.jar
fdbosses	fdbosses:malkuth_cannon_repair_material_ice	fdbosses-3.1.0.3-1.21.1.jar
fdbosses	fdbosses:malkuth_fist	fdbosses-3.1.0.3-1.21.1.jar
fdbosses	fdbosses:malkuth_trophy	fdbosses-3.1.0.3-1.21.1.jar
fdbosses	fdbosses:phase_sphere	fdbosses-3.1.0.3-1.21.1.jar
fdbosses	fdbosses:polished_justicestone	fdbosses-3.1.0.3-1.21.1.jar
fdbosses	fdbosses:polished_justicestone_slab	fdbosses-3.1.0.3-1.21.1.jar
fdbosses	fdbosses:polished_justicestone_stairs	fdbosses-3.1.0.3-1.21.1.jar
ftblibrary	ftblibrary:fluid_container	ftb-library-neoforge-2101.1.32.jar
ftblibrary	ftblibrary:icon_item	ftb-library-neoforge-2101.1.32.jar
ftbultimine	ftbultimine:ultiminer	ftb-ultimine-neoforge-2101.1.15.jar
gametechbcs_spellbooks	gametechbcs_spellbooks:amulet_of_spectral_shift	gametechbcs_spellbooks-3.0.0-1.21.1.jar
gametechbcs_spellbooks	gametechbcs_spellbooks:gtbcs_magical_repository	gametechbcs_spellbooks-3.0.0-1.21.1.jar
gametechbcs_spellbooks	gametechbcs_spellbooks:spellbook/gtbcs_magical_repository_model	gametechbcs_spellbooks-3.0.0-1.21.1.jar
gametechbcs_spellbooks	gametechbcs_spellbooks:spellbook/gtbcs_magical_repository_model_open	gametechbcs_spellbooks-3.0.0-1.21.1.jar
hazentouvelib	hazentouvelib:affinity_ring_cosmic	hazentouvelib-1.0.8.jar
hazentouvelib	hazentouvelib:affinity_ring_radiance	hazentouvelib-1.0.8.jar
hazentouvelib	hazentouvelib:affinity_ring_shadow	hazentouvelib-1.0.8.jar
hazentouvelib	hazentouvelib:cosmic_rune	hazentouvelib-1.0.8.jar
hazentouvelib	hazentouvelib:cosmic_upgrade_orb	hazentouvelib-1.0.8.jar
hazentouvelib	hazentouvelib:example_wings	hazentouvelib-1.0.8.jar
hazentouvelib	hazentouvelib:radiance_rune	hazentouvelib-1.0.8.jar
hazentouvelib	hazentouvelib:radiance_upgrade_orb	hazentouvelib-1.0.8.jar
hazentouvelib	hazentouvelib:scroll_cosmic	hazentouvelib-1.0.8.jar
hazentouvelib	hazentouvelib:scroll_radiance	hazentouvelib-1.0.8.jar
hazentouvelib	hazentouvelib:scroll_shadow	hazentouvelib-1.0.8.jar
hazentouvelib	hazentouvelib:shadow_rune	hazentouvelib-1.0.8.jar
hazentouvelib	hazentouvelib:shadow_upgrade_orb	hazentouvelib-1.0.8.jar
hazentouvelib	hazentouvelib:stardust	hazentouvelib-1.0.8.jar
hazentouvelib	hazentouvelib:wing_base	hazentouvelib-1.0.8.jar
ice_and_fire_spellbooks	ice_and_fire_spellbooks:draconic_cryonic_staff	ice_and_fire_spellbooks-2.3.3-1.21.1.jar
ice_and_fire_spellbooks	ice_and_fire_spellbooks:draconic_inferno_staff	ice_and_fire_spellbooks-2.3.3-1.21.1.jar
ice_and_fire_spellbooks	ice_and_fire_spellbooks:draconic_tempest_staff	ice_and_fire_spellbooks-2.3.3-1.21.1.jar
ice_and_fire_spellbooks	ice_and_fire_spellbooks:dragon_priest_staff	ice_and_fire_spellbooks-2.3.3-1.21.1.jar
ice_and_fire_spellbooks	ice_and_fire_spellbooks:dragon_priest_staff_2d	ice_and_fire_spellbooks-2.3.3-1.21.1.jar
ice_and_fire_spellbooks	ice_and_fire_spellbooks:dragon_priest_staff_3d	ice_and_fire_spellbooks-2.3.3-1.21.1.jar
ice_and_fire_spellbooks	ice_and_fire_spellbooks:dragonmancers_oathbook	ice_and_fire_spellbooks-2.3.3-1.21.1.jar
ice_and_fire_spellbooks	ice_and_fire_spellbooks:dragonmancers_oathbook_gui	ice_and_fire_spellbooks-2.3.3-1.21.1.jar
ice_and_fire_spellbooks	ice_and_fire_spellbooks:dragonmancers_oathbook_model	ice_and_fire_spellbooks-2.3.3-1.21.1.jar
ice_and_fire_spellbooks	ice_and_fire_spellbooks:eldritch_dragon_priest_mask	ice_and_fire_spellbooks-2.3.3-1.21.1.jar
ice_and_fire_spellbooks	ice_and_fire_spellbooks:ender_dragon_priest_mask	ice_and_fire_spellbooks-2.3.3-1.21.1.jar
ice_and_fire_spellbooks	ice_and_fire_spellbooks:fire_dragon_priest_boots	ice_and_fire_spellbooks-2.3.3-1.21.1.jar
ice_and_fire_spellbooks	ice_and_fire_spellbooks:fire_dragon_priest_chestplate	ice_and_fire_spellbooks-2.3.3-1.21.1.jar
ice_and_fire_spellbooks	ice_and_fire_spellbooks:fire_dragon_priest_helmet	ice_and_fire_spellbooks-2.3.3-1.21.1.jar
ice_and_fire_spellbooks	ice_and_fire_spellbooks:fire_dragon_priest_leggings	ice_and_fire_spellbooks-2.3.3-1.21.1.jar
ice_and_fire_spellbooks	ice_and_fire_spellbooks:fire_dragon_priest_mask	ice_and_fire_spellbooks-2.3.3-1.21.1.jar
ice_and_fire_spellbooks	ice_and_fire_spellbooks:ice_dragon_priest_boots	ice_and_fire_spellbooks-2.3.3-1.21.1.jar
ice_and_fire_spellbooks	ice_and_fire_spellbooks:ice_dragon_priest_chestplate	ice_and_fire_spellbooks-2.3.3-1.21.1.jar
ice_and_fire_spellbooks	ice_and_fire_spellbooks:ice_dragon_priest_helmet	ice_and_fire_spellbooks-2.3.3-1.21.1.jar
ice_and_fire_spellbooks	ice_and_fire_spellbooks:ice_dragon_priest_leggings	ice_and_fire_spellbooks-2.3.3-1.21.1.jar
ice_and_fire_spellbooks	ice_and_fire_spellbooks:ice_dragon_priest_mask	ice_and_fire_spellbooks-2.3.3-1.21.1.jar
ice_and_fire_spellbooks	ice_and_fire_spellbooks:lightning_dragon_priest_boots	ice_and_fire_spellbooks-2.3.3-1.21.1.jar
ice_and_fire_spellbooks	ice_and_fire_spellbooks:lightning_dragon_priest_chestplate	ice_and_fire_spellbooks-2.3.3-1.21.1.jar
ice_and_fire_spellbooks	ice_and_fire_spellbooks:lightning_dragon_priest_helmet	ice_and_fire_spellbooks-2.3.3-1.21.1.jar
ice_and_fire_spellbooks	ice_and_fire_spellbooks:lightning_dragon_priest_leggings	ice_and_fire_spellbooks-2.3.3-1.21.1.jar
ice_and_fire_spellbooks	ice_and_fire_spellbooks:lightning_dragon_priest_mask	ice_and_fire_spellbooks-2.3.3-1.21.1.jar
ice_and_fire_spellbooks	ice_and_fire_spellbooks:wooden_mask	ice_and_fire_spellbooks-2.3.3-1.21.1.jar
iceandfire	iceandfire:ambrosia	iceandfire-2.0-beta.17.jar
iceandfire	iceandfire:amphithere_arrow	iceandfire-2.0-beta.17.jar
iceandfire	iceandfire:amphithere_feather	iceandfire-2.0-beta.17.jar
iceandfire	iceandfire:amphithere_macuahuitl	iceandfire-2.0-beta.17.jar
iceandfire	iceandfire:amphithere_skull	iceandfire-2.0-beta.17.jar
iceandfire	iceandfire:amythest_gem	iceandfire-2.0-beta.17.jar
iceandfire	iceandfire:ancient_stone_stairs	iceandfire-2.0-beta.17.jar
iceandfire	iceandfire:armor_amethyst_boots	iceandfire-2.0-beta.17.jar
iceandfire	iceandfire:armor_amethyst_chestplate	iceandfire-2.0-beta.17.jar
iceandfire	iceandfire:armor_amethyst_helmet	iceandfire-2.0-beta.17.jar
iceandfire	iceandfire:armor_amethyst_leggings	iceandfire-2.0-beta.17.jar
iceandfire	iceandfire:armor_black_boots	iceandfire-2.0-beta.17.jar
iceandfire	iceandfire:armor_black_chestplate	iceandfire-2.0-beta.17.jar
iceandfire	iceandfire:armor_black_helmet	iceandfire-2.0-beta.17.jar
iceandfire	iceandfire:armor_black_leggings	iceandfire-2.0-beta.17.jar
iceandfire	iceandfire:armor_blue_boots	iceandfire-2.0-beta.17.jar
iceandfire	iceandfire:armor_blue_chestplate	iceandfire-2.0-beta.17.jar
iceandfire	iceandfire:armor_blue_helmet	iceandfire-2.0-beta.17.jar
iceandfire	iceandfire:armor_blue_leggings	iceandfire-2.0-beta.17.jar
iceandfire	iceandfire:armor_bronze_boots	iceandfire-2.0-beta.17.jar
iceandfire	iceandfire:armor_bronze_chestplate	iceandfire-2.0-beta.17.jar
iceandfire	iceandfire:armor_bronze_helmet	iceandfire-2.0-beta.17.jar
iceandfire	iceandfire:armor_bronze_leggings	iceandfire-2.0-beta.17.jar
iceandfire	iceandfire:armor_copper_boots	iceandfire-2.0-beta.17.jar
iceandfire	iceandfire:armor_copper_chestplate	iceandfire-2.0-beta.17.jar
iceandfire	iceandfire:armor_copper_helmet	iceandfire-2.0-beta.17.jar
iceandfire	iceandfire:armor_copper_leggings	iceandfire-2.0-beta.17.jar
iceandfire	iceandfire:armor_copper_metal_boots	iceandfire-2.0-beta.17.jar
iceandfire	iceandfire:armor_copper_metal_chestplate	iceandfire-2.0-beta.17.jar
iceandfire	iceandfire:armor_copper_metal_helmet	iceandfire-2.0-beta.17.jar
iceandfire	iceandfire:armor_copper_metal_leggings	iceandfire-2.0-beta.17.jar
iceandfire	iceandfire:armor_electric_boots	iceandfire-2.0-beta.17.jar
iceandfire	iceandfire:armor_electric_chestplate	iceandfire-2.0-beta.17.jar
iceandfire	iceandfire:armor_electric_helmet	iceandfire-2.0-beta.17.jar
iceandfire	iceandfire:armor_electric_leggings	iceandfire-2.0-beta.17.jar
iceandfire	iceandfire:armor_gray_boots	iceandfire-2.0-beta.17.jar
iceandfire	iceandfire:armor_gray_chestplate	iceandfire-2.0-beta.17.jar
iceandfire	iceandfire:armor_gray_helmet	iceandfire-2.0-beta.17.jar
iceandfire	iceandfire:armor_gray_leggings	iceandfire-2.0-beta.17.jar
iceandfire	iceandfire:armor_green_boots	iceandfire-2.0-beta.17.jar
iceandfire	iceandfire:armor_green_chestplate	iceandfire-2.0-beta.17.jar
iceandfire	iceandfire:armor_green_helmet	iceandfire-2.0-beta.17.jar
iceandfire	iceandfire:armor_green_leggings	iceandfire-2.0-beta.17.jar
iceandfire	iceandfire:armor_red_boots	iceandfire-2.0-beta.17.jar
iceandfire	iceandfire:armor_red_chestplate	iceandfire-2.0-beta.17.jar
iceandfire	iceandfire:armor_red_helmet	iceandfire-2.0-beta.17.jar
iceandfire	iceandfire:armor_red_leggings	iceandfire-2.0-beta.17.jar
iceandfire	iceandfire:armor_sapphire_boots	iceandfire-2.0-beta.17.jar
iceandfire	iceandfire:armor_sapphire_chestplate	iceandfire-2.0-beta.17.jar
iceandfire	iceandfire:armor_sapphire_helmet	iceandfire-2.0-beta.17.jar
iceandfire	iceandfire:armor_sapphire_leggings	iceandfire-2.0-beta.17.jar
iceandfire	iceandfire:armor_silver_boots	iceandfire-2.0-beta.17.jar
iceandfire	iceandfire:armor_silver_chestplate	iceandfire-2.0-beta.17.jar
iceandfire	iceandfire:armor_silver_helmet	iceandfire-2.0-beta.17.jar
iceandfire	iceandfire:armor_silver_leggings	iceandfire-2.0-beta.17.jar
iceandfire	iceandfire:armor_silver_metal_boots	iceandfire-2.0-beta.17.jar
iceandfire	iceandfire:armor_silver_metal_chestplate	iceandfire-2.0-beta.17.jar
iceandfire	iceandfire:armor_silver_metal_helmet	iceandfire-2.0-beta.17.jar
iceandfire	iceandfire:armor_silver_metal_leggings	iceandfire-2.0-beta.17.jar
iceandfire	iceandfire:armor_white_boots	iceandfire-2.0-beta.17.jar
iceandfire	iceandfire:armor_white_chestplate	iceandfire-2.0-beta.17.jar
iceandfire	iceandfire:armor_white_helmet	iceandfire-2.0-beta.17.jar
iceandfire	iceandfire:armor_white_leggings	iceandfire-2.0-beta.17.jar
iceandfire	iceandfire:ash	iceandfire-2.0-beta.17.jar
iceandfire	iceandfire:banner_pattern_amphithere	iceandfire-2.0-beta.17.jar
iceandfire	iceandfire:banner_pattern_bird	iceandfire-2.0-beta.17.jar
iceandfire	iceandfire:banner_pattern_dread	iceandfire-2.0-beta.17.jar
iceandfire	iceandfire:banner_pattern_eye	iceandfire-2.0-beta.17.jar
iceandfire	iceandfire:banner_pattern_fae	iceandfire-2.0-beta.17.jar
iceandfire	iceandfire:banner_pattern_feather	iceandfire-2.0-beta.17.jar
iceandfire	iceandfire:banner_pattern_fire	iceandfire-2.0-beta.17.jar
iceandfire	iceandfire:banner_pattern_fire_head	iceandfire-2.0-beta.17.jar
iceandfire	iceandfire:banner_pattern_gorgon	iceandfire-2.0-beta.17.jar
iceandfire	iceandfire:banner_pattern_hippocampus	iceandfire-2.0-beta.17.jar
iceandfire	iceandfire:banner_pattern_hippogryph_head	iceandfire-2.0-beta.17.jar
iceandfire	iceandfire:banner_pattern_ice	iceandfire-2.0-beta.17.jar
iceandfire	iceandfire:banner_pattern_ice_head	iceandfire-2.0-beta.17.jar
iceandfire	iceandfire:banner_pattern_lightning	iceandfire-2.0-beta.17.jar
iceandfire	iceandfire:banner_pattern_lightning_head	iceandfire-2.0-beta.17.jar
iceandfire	iceandfire:banner_pattern_mermaid	iceandfire-2.0-beta.17.jar
iceandfire	iceandfire:banner_pattern_sea_serpent	iceandfire-2.0-beta.17.jar
iceandfire	iceandfire:banner_pattern_troll	iceandfire-2.0-beta.17.jar
iceandfire	iceandfire:banner_pattern_weezer	iceandfire-2.0-beta.17.jar
iceandfire	iceandfire:bestiary	iceandfire-2.0-beta.17.jar
iceandfire	iceandfire:blindfold	iceandfire-2.0-beta.17.jar
iceandfire	iceandfire:burnt_torch	iceandfire-2.0-beta.17.jar
iceandfire	iceandfire:cannoli	iceandfire-2.0-beta.17.jar
iceandfire	iceandfire:chain	iceandfire-2.0-beta.17.jar
iceandfire	iceandfire:chain_link	iceandfire-2.0-beta.17.jar
iceandfire	iceandfire:chain_sticky	iceandfire-2.0-beta.17.jar
iceandfire	iceandfire:chared_cobblestone	iceandfire-2.0-beta.17.jar
iceandfire	iceandfire:chared_dirt	iceandfire-2.0-beta.17.jar
iceandfire	iceandfire:chared_dirt_path	iceandfire-2.0-beta.17.jar
iceandfire	iceandfire:chared_grass	iceandfire-2.0-beta.17.jar
iceandfire	iceandfire:chared_gravel	iceandfire-2.0-beta.17.jar
iceandfire	iceandfire:chared_stone	iceandfire-2.0-beta.17.jar
iceandfire	iceandfire:cockatrice_eye	iceandfire-2.0-beta.17.jar
iceandfire	iceandfire:cockatrice_scepter	iceandfire-2.0-beta.17.jar
iceandfire	iceandfire:cockatrice_skull	iceandfire-2.0-beta.17.jar
iceandfire	iceandfire:cooked_rice_with_fire_dragon_meat	iceandfire-2.0-beta.17.jar
iceandfire	iceandfire:cooked_rice_with_ice_dragon_meat	iceandfire-2.0-beta.17.jar
iceandfire	iceandfire:cooked_rice_with_lightning_dragon_meat	iceandfire-2.0-beta.17.jar
iceandfire	iceandfire:copper_axe	iceandfire-2.0-beta.17.jar
iceandfire	iceandfire:copper_block	iceandfire-2.0-beta.17.jar
iceandfire	iceandfire:copper_hoe	iceandfire-2.0-beta.17.jar
iceandfire	iceandfire:copper_ingot	iceandfire-2.0-beta.17.jar
iceandfire	iceandfire:copper_nugget	iceandfire-2.0-beta.17.jar
iceandfire	iceandfire:copper_ore	iceandfire-2.0-beta.17.jar
iceandfire	iceandfire:copper_pickaxe	iceandfire-2.0-beta.17.jar
iceandfire	iceandfire:copper_pile	iceandfire-2.0-beta.17.jar
iceandfire	iceandfire:copper_shovel	iceandfire-2.0-beta.17.jar
iceandfire	iceandfire:copper_sword	iceandfire-2.0-beta.17.jar
iceandfire	iceandfire:crackled_cobblestone	iceandfire-2.0-beta.17.jar
iceandfire	iceandfire:crackled_dirt	iceandfire-2.0-beta.17.jar
iceandfire	iceandfire:crackled_dirt_path	iceandfire-2.0-beta.17.jar
iceandfire	iceandfire:crackled_grass	iceandfire-2.0-beta.17.jar
iceandfire	iceandfire:crackled_gravel	iceandfire-2.0-beta.17.jar
iceandfire	iceandfire:crackled_stone	iceandfire-2.0-beta.17.jar
iceandfire	iceandfire:cyclops_eye	iceandfire-2.0-beta.17.jar
iceandfire	iceandfire:cyclops_skull	iceandfire-2.0-beta.17.jar
iceandfire	iceandfire:deathworm_chitin_red	iceandfire-2.0-beta.17.jar
iceandfire	iceandfire:deathworm_chitin_white	iceandfire-2.0-beta.17.jar
iceandfire	iceandfire:deathworm_chitin_yellow	iceandfire-2.0-beta.17.jar
iceandfire	iceandfire:deathworm_egg	iceandfire-2.0-beta.17.jar
iceandfire	iceandfire:deathworm_egg_giant	iceandfire-2.0-beta.17.jar
iceandfire	iceandfire:deathworm_gauntlet_red	iceandfire-2.0-beta.17.jar
iceandfire	iceandfire:deathworm_gauntlet_white	iceandfire-2.0-beta.17.jar
iceandfire	iceandfire:deathworm_gauntlet_yellow	iceandfire-2.0-beta.17.jar
iceandfire	iceandfire:deathworm_red_boots	iceandfire-2.0-beta.17.jar
iceandfire	iceandfire:deathworm_red_chestplate	iceandfire-2.0-beta.17.jar
iceandfire	iceandfire:deathworm_red_helmet	iceandfire-2.0-beta.17.jar
iceandfire	iceandfire:deathworm_red_leggings	iceandfire-2.0-beta.17.jar
iceandfire	iceandfire:deathworm_tounge	iceandfire-2.0-beta.17.jar
iceandfire	iceandfire:deathworm_white_boots	iceandfire-2.0-beta.17.jar
iceandfire	iceandfire:deathworm_white_chestplate	iceandfire-2.0-beta.17.jar
iceandfire	iceandfire:deathworm_white_helmet	iceandfire-2.0-beta.17.jar
iceandfire	iceandfire:deathworm_white_leggings	iceandfire-2.0-beta.17.jar
iceandfire	iceandfire:deathworm_yellow_boots	iceandfire-2.0-beta.17.jar
iceandfire	iceandfire:deathworm_yellow_chestplate	iceandfire-2.0-beta.17.jar
iceandfire	iceandfire:deathworm_yellow_helmet	iceandfire-2.0-beta.17.jar
iceandfire	iceandfire:deathworm_yellow_leggings	iceandfire-2.0-beta.17.jar
iceandfire	iceandfire:deepslate_silver_ore	iceandfire-2.0-beta.17.jar
iceandfire	iceandfire:diamond_hippogryph_armor	iceandfire-2.0-beta.17.jar
iceandfire	iceandfire:dragon_bone_block	iceandfire-2.0-beta.17.jar
iceandfire	iceandfire:dragon_bone_wall	iceandfire-2.0-beta.17.jar
iceandfire	iceandfire:dragon_flute	iceandfire-2.0-beta.17.jar
iceandfire	iceandfire:dragon_horn	iceandfire-2.0-beta.17.jar
iceandfire	iceandfire:dragon_horn_fire	iceandfire-2.0-beta.17.jar
iceandfire	iceandfire:dragon_horn_ice	iceandfire-2.0-beta.17.jar
iceandfire	iceandfire:dragon_horn_lightning	iceandfire-2.0-beta.17.jar
iceandfire	iceandfire:dragon_ice	iceandfire-2.0-beta.17.jar
iceandfire	iceandfire:dragon_ice_spikes	iceandfire-2.0-beta.17.jar
iceandfire	iceandfire:dragon_meal	iceandfire-2.0-beta.17.jar
iceandfire	iceandfire:dragon_seeker	iceandfire-2.0-beta.17.jar
iceandfire	iceandfire:dragon_skull_fire	iceandfire-2.0-beta.17.jar
iceandfire	iceandfire:dragon_skull_ice	iceandfire-2.0-beta.17.jar
iceandfire	iceandfire:dragon_skull_lightning	iceandfire-2.0-beta.17.jar
iceandfire	iceandfire:dragon_stick	iceandfire-2.0-beta.17.jar
iceandfire	iceandfire:dragonarmor_copper_body	iceandfire-2.0-beta.17.jar
iceandfire	iceandfire:dragonarmor_copper_head	iceandfire-2.0-beta.17.jar
iceandfire	iceandfire:dragonarmor_copper_neck	iceandfire-2.0-beta.17.jar
iceandfire	iceandfire:dragonarmor_copper_tail	iceandfire-2.0-beta.17.jar
iceandfire	iceandfire:dragonarmor_diamond_body	iceandfire-2.0-beta.17.jar
iceandfire	iceandfire:dragonarmor_diamond_head	iceandfire-2.0-beta.17.jar
iceandfire	iceandfire:dragonarmor_diamond_neck	iceandfire-2.0-beta.17.jar
iceandfire	iceandfire:dragonarmor_diamond_tail	iceandfire-2.0-beta.17.jar
iceandfire	iceandfire:dragonarmor_dragon_steel_fire_body	iceandfire-2.0-beta.17.jar
iceandfire	iceandfire:dragonarmor_dragon_steel_fire_head	iceandfire-2.0-beta.17.jar
iceandfire	iceandfire:dragonarmor_dragon_steel_fire_neck	iceandfire-2.0-beta.17.jar
iceandfire	iceandfire:dragonarmor_dragon_steel_fire_tail	iceandfire-2.0-beta.17.jar
iceandfire	iceandfire:dragonarmor_dragon_steel_ice_body	iceandfire-2.0-beta.17.jar
iceandfire	iceandfire:dragonarmor_dragon_steel_ice_head	iceandfire-2.0-beta.17.jar
iceandfire	iceandfire:dragonarmor_dragon_steel_ice_neck	iceandfire-2.0-beta.17.jar
iceandfire	iceandfire:dragonarmor_dragon_steel_ice_tail	iceandfire-2.0-beta.17.jar
iceandfire	iceandfire:dragonarmor_dragon_steel_lightning_body	iceandfire-2.0-beta.17.jar
iceandfire	iceandfire:dragonarmor_dragon_steel_lightning_head	iceandfire-2.0-beta.17.jar
iceandfire	iceandfire:dragonarmor_dragon_steel_lightning_neck	iceandfire-2.0-beta.17.jar
iceandfire	iceandfire:dragonarmor_dragon_steel_lightning_tail	iceandfire-2.0-beta.17.jar
iceandfire	iceandfire:dragonarmor_gold_body	iceandfire-2.0-beta.17.jar
iceandfire	iceandfire:dragonarmor_gold_head	iceandfire-2.0-beta.17.jar
iceandfire	iceandfire:dragonarmor_gold_neck	iceandfire-2.0-beta.17.jar
iceandfire	iceandfire:dragonarmor_gold_tail	iceandfire-2.0-beta.17.jar
iceandfire	iceandfire:dragonarmor_iron_body	iceandfire-2.0-beta.17.jar
iceandfire	iceandfire:dragonarmor_iron_head	iceandfire-2.0-beta.17.jar
iceandfire	iceandfire:dragonarmor_iron_neck	iceandfire-2.0-beta.17.jar
iceandfire	iceandfire:dragonarmor_iron_tail	iceandfire-2.0-beta.17.jar
iceandfire	iceandfire:dragonarmor_netherite_body	iceandfire-2.0-beta.17.jar
iceandfire	iceandfire:dragonarmor_netherite_head	iceandfire-2.0-beta.17.jar
iceandfire	iceandfire:dragonarmor_netherite_neck	iceandfire-2.0-beta.17.jar
iceandfire	iceandfire:dragonarmor_netherite_tail	iceandfire-2.0-beta.17.jar
iceandfire	iceandfire:dragonarmor_silver_body	iceandfire-2.0-beta.17.jar
iceandfire	iceandfire:dragonarmor_silver_head	iceandfire-2.0-beta.17.jar
iceandfire	iceandfire:dragonarmor_silver_neck	iceandfire-2.0-beta.17.jar
iceandfire	iceandfire:dragonarmor_silver_tail	iceandfire-2.0-beta.17.jar
iceandfire	iceandfire:dragonbone	iceandfire-2.0-beta.17.jar
iceandfire	iceandfire:dragonbone_arrow	iceandfire-2.0-beta.17.jar
iceandfire	iceandfire:dragonbone_axe	iceandfire-2.0-beta.17.jar
iceandfire	iceandfire:dragonbone_bow	iceandfire-2.0-beta.17.jar
iceandfire	iceandfire:dragonbone_bow_pulling_0	iceandfire-2.0-beta.17.jar
iceandfire	iceandfire:dragonbone_bow_pulling_1	iceandfire-2.0-beta.17.jar
iceandfire	iceandfire:dragonbone_bow_pulling_2	iceandfire-2.0-beta.17.jar
iceandfire	iceandfire:dragonbone_hoe	iceandfire-2.0-beta.17.jar
iceandfire	iceandfire:dragonbone_pickaxe	iceandfire-2.0-beta.17.jar
iceandfire	iceandfire:dragonbone_shovel	iceandfire-2.0-beta.17.jar
iceandfire	iceandfire:dragonbone_sword	iceandfire-2.0-beta.17.jar
iceandfire	iceandfire:dragonbone_sword_fire	iceandfire-2.0-beta.17.jar
iceandfire	iceandfire:dragonbone_sword_ice	iceandfire-2.0-beta.17.jar
iceandfire	iceandfire:dragonbone_sword_lightning	iceandfire-2.0-beta.17.jar
iceandfire	iceandfire:dragonegg_amethyst	iceandfire-2.0-beta.17.jar
iceandfire	iceandfire:dragonegg_black	iceandfire-2.0-beta.17.jar
iceandfire	iceandfire:dragonegg_blue	iceandfire-2.0-beta.17.jar
iceandfire	iceandfire:dragonegg_bronze	iceandfire-2.0-beta.17.jar
iceandfire	iceandfire:dragonegg_copper	iceandfire-2.0-beta.17.jar
iceandfire	iceandfire:dragonegg_electric	iceandfire-2.0-beta.17.jar
iceandfire	iceandfire:dragonegg_gray	iceandfire-2.0-beta.17.jar
iceandfire	iceandfire:dragonegg_green	iceandfire-2.0-beta.17.jar
iceandfire	iceandfire:dragonegg_red	iceandfire-2.0-beta.17.jar
iceandfire	iceandfire:dragonegg_sapphire	iceandfire-2.0-beta.17.jar
iceandfire	iceandfire:dragonegg_silver	iceandfire-2.0-beta.17.jar
iceandfire	iceandfire:dragonegg_white	iceandfire-2.0-beta.17.jar
iceandfire	iceandfire:dragonforge_fire_brick	iceandfire-2.0-beta.17.jar
iceandfire	iceandfire:dragonforge_fire_core	iceandfire-2.0-beta.17.jar
iceandfire	iceandfire:dragonforge_fire_core_disabled	iceandfire-2.0-beta.17.jar
iceandfire	iceandfire:dragonforge_fire_input	iceandfire-2.0-beta.17.jar
iceandfire	iceandfire:dragonforge_ice_brick	iceandfire-2.0-beta.17.jar
iceandfire	iceandfire:dragonforge_ice_core	iceandfire-2.0-beta.17.jar
iceandfire	iceandfire:dragonforge_ice_core_disabled	iceandfire-2.0-beta.17.jar
iceandfire	iceandfire:dragonforge_ice_input	iceandfire-2.0-beta.17.jar
iceandfire	iceandfire:dragonforge_lightning_brick	iceandfire-2.0-beta.17.jar
iceandfire	iceandfire:dragonforge_lightning_core	iceandfire-2.0-beta.17.jar
iceandfire	iceandfire:dragonforge_lightning_core_disabled	iceandfire-2.0-beta.17.jar
iceandfire	iceandfire:dragonforge_lightning_input	iceandfire-2.0-beta.17.jar
iceandfire	iceandfire:dragonscale_amethyst	iceandfire-2.0-beta.17.jar
iceandfire	iceandfire:dragonscale_black	iceandfire-2.0-beta.17.jar
iceandfire	iceandfire:dragonscale_blue	iceandfire-2.0-beta.17.jar
iceandfire	iceandfire:dragonscale_bronze	iceandfire-2.0-beta.17.jar
iceandfire	iceandfire:dragonscale_copper	iceandfire-2.0-beta.17.jar
iceandfire	iceandfire:dragonscale_electric	iceandfire-2.0-beta.17.jar
iceandfire	iceandfire:dragonscale_gray	iceandfire-2.0-beta.17.jar
iceandfire	iceandfire:dragonscale_green	iceandfire-2.0-beta.17.jar
iceandfire	iceandfire:dragonscale_red	iceandfire-2.0-beta.17.jar
iceandfire	iceandfire:dragonscale_sapphire	iceandfire-2.0-beta.17.jar
iceandfire	iceandfire:dragonscale_silver	iceandfire-2.0-beta.17.jar
iceandfire	iceandfire:dragonscale_white	iceandfire-2.0-beta.17.jar
iceandfire	iceandfire:dragonscales_amethyst	iceandfire-2.0-beta.17.jar
iceandfire	iceandfire:dragonscales_black	iceandfire-2.0-beta.17.jar
iceandfire	iceandfire:dragonscales_blue	iceandfire-2.0-beta.17.jar
iceandfire	iceandfire:dragonscales_bronze	iceandfire-2.0-beta.17.jar
iceandfire	iceandfire:dragonscales_copper	iceandfire-2.0-beta.17.jar
iceandfire	iceandfire:dragonscales_electric	iceandfire-2.0-beta.17.jar
iceandfire	iceandfire:dragonscales_gray	iceandfire-2.0-beta.17.jar
iceandfire	iceandfire:dragonscales_green	iceandfire-2.0-beta.17.jar
iceandfire	iceandfire:dragonscales_red	iceandfire-2.0-beta.17.jar
iceandfire	iceandfire:dragonscales_sapphire	iceandfire-2.0-beta.17.jar
iceandfire	iceandfire:dragonscales_silver	iceandfire-2.0-beta.17.jar
iceandfire	iceandfire:dragonscales_white	iceandfire-2.0-beta.17.jar
iceandfire	iceandfire:dragonsteel_fire_axe	iceandfire-2.0-beta.17.jar
iceandfire	iceandfire:dragonsteel_fire_block	iceandfire-2.0-beta.17.jar
iceandfire	iceandfire:dragonsteel_fire_boots	iceandfire-2.0-beta.17.jar
iceandfire	iceandfire:dragonsteel_fire_chestplate	iceandfire-2.0-beta.17.jar
iceandfire	iceandfire:dragonsteel_fire_helmet	iceandfire-2.0-beta.17.jar
iceandfire	iceandfire:dragonsteel_fire_hoe	iceandfire-2.0-beta.17.jar
iceandfire	iceandfire:dragonsteel_fire_ingot	iceandfire-2.0-beta.17.jar
iceandfire	iceandfire:dragonsteel_fire_leggings	iceandfire-2.0-beta.17.jar
iceandfire	iceandfire:dragonsteel_fire_pickaxe	iceandfire-2.0-beta.17.jar
iceandfire	iceandfire:dragonsteel_fire_shovel	iceandfire-2.0-beta.17.jar
iceandfire	iceandfire:dragonsteel_fire_sword	iceandfire-2.0-beta.17.jar
iceandfire	iceandfire:dragonsteel_ice_axe	iceandfire-2.0-beta.17.jar
iceandfire	iceandfire:dragonsteel_ice_block	iceandfire-2.0-beta.17.jar
iceandfire	iceandfire:dragonsteel_ice_boots	iceandfire-2.0-beta.17.jar
iceandfire	iceandfire:dragonsteel_ice_chestplate	iceandfire-2.0-beta.17.jar
iceandfire	iceandfire:dragonsteel_ice_helmet	iceandfire-2.0-beta.17.jar
iceandfire	iceandfire:dragonsteel_ice_hoe	iceandfire-2.0-beta.17.jar
iceandfire	iceandfire:dragonsteel_ice_ingot	iceandfire-2.0-beta.17.jar
iceandfire	iceandfire:dragonsteel_ice_leggings	iceandfire-2.0-beta.17.jar
iceandfire	iceandfire:dragonsteel_ice_pickaxe	iceandfire-2.0-beta.17.jar
iceandfire	iceandfire:dragonsteel_ice_shovel	iceandfire-2.0-beta.17.jar
iceandfire	iceandfire:dragonsteel_ice_sword	iceandfire-2.0-beta.17.jar
iceandfire	iceandfire:dragonsteel_lightning_axe	iceandfire-2.0-beta.17.jar
iceandfire	iceandfire:dragonsteel_lightning_block	iceandfire-2.0-beta.17.jar
iceandfire	iceandfire:dragonsteel_lightning_boots	iceandfire-2.0-beta.17.jar
iceandfire	iceandfire:dragonsteel_lightning_chestplate	iceandfire-2.0-beta.17.jar
iceandfire	iceandfire:dragonsteel_lightning_helmet	iceandfire-2.0-beta.17.jar
iceandfire	iceandfire:dragonsteel_lightning_hoe	iceandfire-2.0-beta.17.jar
iceandfire	iceandfire:dragonsteel_lightning_ingot	iceandfire-2.0-beta.17.jar
iceandfire	iceandfire:dragonsteel_lightning_leggings	iceandfire-2.0-beta.17.jar
iceandfire	iceandfire:dragonsteel_lightning_pickaxe	iceandfire-2.0-beta.17.jar
iceandfire	iceandfire:dragonsteel_lightning_shovel	iceandfire-2.0-beta.17.jar
iceandfire	iceandfire:dragonsteel_lightning_sword	iceandfire-2.0-beta.17.jar
iceandfire	iceandfire:dread_key	iceandfire-2.0-beta.17.jar
iceandfire	iceandfire:dread_knight_sword	iceandfire-2.0-beta.17.jar
iceandfire	iceandfire:dread_portal	iceandfire-2.0-beta.17.jar
iceandfire	iceandfire:dread_queen_staff	iceandfire-2.0-beta.17.jar
iceandfire	iceandfire:dread_queen_sword	iceandfire-2.0-beta.17.jar
iceandfire	iceandfire:dread_shard	iceandfire-2.0-beta.17.jar
iceandfire	iceandfire:dread_spawner	iceandfire-2.0-beta.17.jar
iceandfire	iceandfire:dread_stone	iceandfire-2.0-beta.17.jar
iceandfire	iceandfire:dread_stone_bricks	iceandfire-2.0-beta.17.jar
iceandfire	iceandfire:dread_stone_bricks_chiseled	iceandfire-2.0-beta.17.jar
iceandfire	iceandfire:dread_stone_bricks_cracked	iceandfire-2.0-beta.17.jar
iceandfire	iceandfire:dread_stone_bricks_mossy	iceandfire-2.0-beta.17.jar
iceandfire	iceandfire:dread_stone_face	iceandfire-2.0-beta.17.jar
iceandfire	iceandfire:dread_stone_slab	iceandfire-2.0-beta.17.jar
iceandfire	iceandfire:dread_stone_slab_double	iceandfire-2.0-beta.17.jar
iceandfire	iceandfire:dread_stone_slab_upper	iceandfire-2.0-beta.17.jar
iceandfire	iceandfire:dread_stone_stairs	iceandfire-2.0-beta.17.jar
iceandfire	iceandfire:dread_stone_tile	iceandfire-2.0-beta.17.jar
iceandfire	iceandfire:dread_sword	iceandfire-2.0-beta.17.jar
iceandfire	iceandfire:dread_torch	iceandfire-2.0-beta.17.jar
iceandfire	iceandfire:dreadwood_leaves	iceandfire-2.0-beta.17.jar
iceandfire	iceandfire:dreadwood_log	iceandfire-2.0-beta.17.jar
iceandfire	iceandfire:dreadwood_planks	iceandfire-2.0-beta.17.jar
iceandfire	iceandfire:dreadwood_planks_lock	iceandfire-2.0-beta.17.jar
iceandfire	iceandfire:dreadwood_sapling	iceandfire-2.0-beta.17.jar
iceandfire	iceandfire:earplugs	iceandfire-2.0-beta.17.jar
iceandfire	iceandfire:ectoplasm	iceandfire-2.0-beta.17.jar
iceandfire	iceandfire:egginice	iceandfire-2.0-beta.17.jar
iceandfire	iceandfire:epic_dragon_seeker	iceandfire-2.0-beta.17.jar
iceandfire	iceandfire:fire_dragon_blood	iceandfire-2.0-beta.17.jar
iceandfire	iceandfire:fire_dragon_flesh	iceandfire-2.0-beta.17.jar
iceandfire	iceandfire:fire_dragon_heart	iceandfire-2.0-beta.17.jar
iceandfire	iceandfire:fire_lily	iceandfire-2.0-beta.17.jar
iceandfire	iceandfire:fire_stew	iceandfire-2.0-beta.17.jar
iceandfire	iceandfire:fishing_spear	iceandfire-2.0-beta.17.jar
iceandfire	iceandfire:forest_troll_leather_boots	iceandfire-2.0-beta.17.jar
iceandfire	iceandfire:forest_troll_leather_chestplate	iceandfire-2.0-beta.17.jar
iceandfire	iceandfire:forest_troll_leather_helmet	iceandfire-2.0-beta.17.jar
iceandfire	iceandfire:forest_troll_leather_leggings	iceandfire-2.0-beta.17.jar
iceandfire	iceandfire:frost_lily	iceandfire-2.0-beta.17.jar
iceandfire	iceandfire:frost_stew	iceandfire-2.0-beta.17.jar
iceandfire	iceandfire:frost_troll_leather_boots	iceandfire-2.0-beta.17.jar
iceandfire	iceandfire:frost_troll_leather_chestplate	iceandfire-2.0-beta.17.jar
iceandfire	iceandfire:frost_troll_leather_helmet	iceandfire-2.0-beta.17.jar
iceandfire	iceandfire:frost_troll_leather_leggings	iceandfire-2.0-beta.17.jar
iceandfire	iceandfire:frozen_cobblestone	iceandfire-2.0-beta.17.jar
iceandfire	iceandfire:frozen_dirt	iceandfire-2.0-beta.17.jar
iceandfire	iceandfire:frozen_dirt_path	iceandfire-2.0-beta.17.jar
iceandfire	iceandfire:frozen_grass	iceandfire-2.0-beta.17.jar
iceandfire	iceandfire:frozen_gravel	iceandfire-2.0-beta.17.jar
iceandfire	iceandfire:frozen_splinters	iceandfire-2.0-beta.17.jar
iceandfire	iceandfire:frozen_stone	iceandfire-2.0-beta.17.jar
iceandfire	iceandfire:ghost_chest	iceandfire-2.0-beta.17.jar
iceandfire	iceandfire:ghost_cream	iceandfire-2.0-beta.17.jar
iceandfire	iceandfire:ghost_ingot	iceandfire-2.0-beta.17.jar
iceandfire	iceandfire:ghost_sword	iceandfire-2.0-beta.17.jar
iceandfire	iceandfire:godly_dragon_seeker	iceandfire-2.0-beta.17.jar
iceandfire	iceandfire:gold_hippogryph_armor	iceandfire-2.0-beta.17.jar
iceandfire	iceandfire:gold_pile	iceandfire-2.0-beta.17.jar
iceandfire	iceandfire:gorgon_head	iceandfire-2.0-beta.17.jar
iceandfire	iceandfire:graveyard_soil	iceandfire-2.0-beta.17.jar
iceandfire	iceandfire:hippocampus_fin	iceandfire-2.0-beta.17.jar
iceandfire	iceandfire:hippocampus_slapper	iceandfire-2.0-beta.17.jar
iceandfire	iceandfire:hippogryph_egg	iceandfire-2.0-beta.17.jar
iceandfire	iceandfire:hippogryph_skull	iceandfire-2.0-beta.17.jar
iceandfire	iceandfire:hippogryph_sword	iceandfire-2.0-beta.17.jar
iceandfire	iceandfire:hippogryph_talon	iceandfire-2.0-beta.17.jar
iceandfire	iceandfire:hydra_arrow	iceandfire-2.0-beta.17.jar
iceandfire	iceandfire:hydra_fang	iceandfire-2.0-beta.17.jar
iceandfire	iceandfire:hydra_heart	iceandfire-2.0-beta.17.jar
iceandfire	iceandfire:hydra_skull	iceandfire-2.0-beta.17.jar
iceandfire	iceandfire:ice_dragon_blood	iceandfire-2.0-beta.17.jar
iceandfire	iceandfire:ice_dragon_flesh	iceandfire-2.0-beta.17.jar
iceandfire	iceandfire:ice_dragon_heart	iceandfire-2.0-beta.17.jar
iceandfire	iceandfire:iron_hippogryph_armor	iceandfire-2.0-beta.17.jar
iceandfire	iceandfire:lectern	iceandfire-2.0-beta.17.jar
iceandfire	iceandfire:legendary_dragon_seeker	iceandfire-2.0-beta.17.jar
iceandfire	iceandfire:lich_staff	iceandfire-2.0-beta.17.jar
iceandfire	iceandfire:lightning_dragon_blood	iceandfire-2.0-beta.17.jar
iceandfire	iceandfire:lightning_dragon_flesh	iceandfire-2.0-beta.17.jar
iceandfire	iceandfire:lightning_dragon_heart	iceandfire-2.0-beta.17.jar
iceandfire	iceandfire:lightning_lily	iceandfire-2.0-beta.17.jar
iceandfire	iceandfire:lightning_stew	iceandfire-2.0-beta.17.jar
iceandfire	iceandfire:manuscript	iceandfire-2.0-beta.17.jar
iceandfire	iceandfire:mountain_troll_leather_boots	iceandfire-2.0-beta.17.jar
iceandfire	iceandfire:mountain_troll_leather_chestplate	iceandfire-2.0-beta.17.jar
iceandfire	iceandfire:mountain_troll_leather_helmet	iceandfire-2.0-beta.17.jar
iceandfire	iceandfire:mountain_troll_leather_leggings	iceandfire-2.0-beta.17.jar
iceandfire	iceandfire:nest	iceandfire-2.0-beta.17.jar
iceandfire	iceandfire:netherite_hippogryph_armor	iceandfire-2.0-beta.17.jar
iceandfire	iceandfire:pixie_dust	iceandfire-2.0-beta.17.jar
iceandfire	iceandfire:pixie_dust_milky_tea	iceandfire-2.0-beta.17.jar
iceandfire	iceandfire:pixie_house	iceandfire-2.0-beta.17.jar
iceandfire	iceandfire:pixie_house_birch	iceandfire-2.0-beta.17.jar
iceandfire	iceandfire:pixie_house_dark_oak	iceandfire-2.0-beta.17.jar
iceandfire	iceandfire:pixie_house_mushroom_brown	iceandfire-2.0-beta.17.jar
iceandfire	iceandfire:pixie_house_mushroom_red	iceandfire-2.0-beta.17.jar
iceandfire	iceandfire:pixie_house_oak	iceandfire-2.0-beta.17.jar
iceandfire	iceandfire:pixie_house_spruce	iceandfire-2.0-beta.17.jar
iceandfire	iceandfire:pixie_jar_0	iceandfire-2.0-beta.17.jar
iceandfire	iceandfire:pixie_jar_1	iceandfire-2.0-beta.17.jar
iceandfire	iceandfire:pixie_jar_2	iceandfire-2.0-beta.17.jar
iceandfire	iceandfire:pixie_jar_3	iceandfire-2.0-beta.17.jar
iceandfire	iceandfire:pixie_jar_4	iceandfire-2.0-beta.17.jar
iceandfire	iceandfire:pixie_jar_5	iceandfire-2.0-beta.17.jar
iceandfire	iceandfire:pixie_jar_empty	iceandfire-2.0-beta.17.jar
iceandfire	iceandfire:pixie_wand	iceandfire-2.0-beta.17.jar
iceandfire	iceandfire:pixie_wings	iceandfire-2.0-beta.17.jar
iceandfire	iceandfire:podium_acacia	iceandfire-2.0-beta.17.jar
iceandfire	iceandfire:podium_birch	iceandfire-2.0-beta.17.jar
iceandfire	iceandfire:podium_dark_oak	iceandfire-2.0-beta.17.jar
iceandfire	iceandfire:podium_jungle	iceandfire-2.0-beta.17.jar
iceandfire	iceandfire:podium_oak	iceandfire-2.0-beta.17.jar
iceandfire	iceandfire:podium_spruce	iceandfire-2.0-beta.17.jar
iceandfire	iceandfire:raw_silver	iceandfire-2.0-beta.17.jar
iceandfire	iceandfire:raw_silver_block	iceandfire-2.0-beta.17.jar
iceandfire	iceandfire:rotten_egg	iceandfire-2.0-beta.17.jar
iceandfire	iceandfire:sapphire_block	iceandfire-2.0-beta.17.jar
iceandfire	iceandfire:sapphire_gem	iceandfire-2.0-beta.17.jar
iceandfire	iceandfire:sapphire_ore	iceandfire-2.0-beta.17.jar
iceandfire	iceandfire:sea_serpent_arrow	iceandfire-2.0-beta.17.jar
iceandfire	iceandfire:sea_serpent_fang	iceandfire-2.0-beta.17.jar
iceandfire	iceandfire:sea_serpent_scale_block_blue	iceandfire-2.0-beta.17.jar
iceandfire	iceandfire:sea_serpent_scale_block_bronze	iceandfire-2.0-beta.17.jar
iceandfire	iceandfire:sea_serpent_scale_block_deepblue	iceandfire-2.0-beta.17.jar
iceandfire	iceandfire:sea_serpent_scale_block_green	iceandfire-2.0-beta.17.jar
iceandfire	iceandfire:sea_serpent_scale_block_purple	iceandfire-2.0-beta.17.jar
iceandfire	iceandfire:sea_serpent_scale_block_red	iceandfire-2.0-beta.17.jar
iceandfire	iceandfire:sea_serpent_scale_block_teal	iceandfire-2.0-beta.17.jar
iceandfire	iceandfire:sea_serpent_scales_blue	iceandfire-2.0-beta.17.jar
iceandfire	iceandfire:sea_serpent_scales_bronze	iceandfire-2.0-beta.17.jar
iceandfire	iceandfire:sea_serpent_scales_deepblue	iceandfire-2.0-beta.17.jar
iceandfire	iceandfire:sea_serpent_scales_green	iceandfire-2.0-beta.17.jar
iceandfire	iceandfire:sea_serpent_scales_purple	iceandfire-2.0-beta.17.jar
iceandfire	iceandfire:sea_serpent_scales_red	iceandfire-2.0-beta.17.jar
iceandfire	iceandfire:sea_serpent_scales_teal	iceandfire-2.0-beta.17.jar
iceandfire	iceandfire:seaserpent_skull	iceandfire-2.0-beta.17.jar
iceandfire	iceandfire:sheep_boots	iceandfire-2.0-beta.17.jar
iceandfire	iceandfire:sheep_chestplate	iceandfire-2.0-beta.17.jar
iceandfire	iceandfire:sheep_helmet	iceandfire-2.0-beta.17.jar
iceandfire	iceandfire:sheep_leggings	iceandfire-2.0-beta.17.jar
iceandfire	iceandfire:shiny_scales	iceandfire-2.0-beta.17.jar
iceandfire	iceandfire:sickly_dragon_meal	iceandfire-2.0-beta.17.jar
iceandfire	iceandfire:silver_axe	iceandfire-2.0-beta.17.jar
iceandfire	iceandfire:silver_block	iceandfire-2.0-beta.17.jar
iceandfire	iceandfire:silver_hoe	iceandfire-2.0-beta.17.jar
iceandfire	iceandfire:silver_ingot	iceandfire-2.0-beta.17.jar
iceandfire	iceandfire:silver_nugget	iceandfire-2.0-beta.17.jar
iceandfire	iceandfire:silver_ore	iceandfire-2.0-beta.17.jar
iceandfire	iceandfire:silver_pickaxe	iceandfire-2.0-beta.17.jar
iceandfire	iceandfire:silver_pile	iceandfire-2.0-beta.17.jar
iceandfire	iceandfire:silver_shovel	iceandfire-2.0-beta.17.jar
iceandfire	iceandfire:silver_sword	iceandfire-2.0-beta.17.jar
iceandfire	iceandfire:siren_flute	iceandfire-2.0-beta.17.jar
iceandfire	iceandfire:siren_tear	iceandfire-2.0-beta.17.jar
iceandfire	iceandfire:stone_statue	iceandfire-2.0-beta.17.jar
iceandfire	iceandfire:stymphalian_arrow	iceandfire-2.0-beta.17.jar
iceandfire	iceandfire:stymphalian_bird_dagger	iceandfire-2.0-beta.17.jar
iceandfire	iceandfire:stymphalian_bird_feather	iceandfire-2.0-beta.17.jar
iceandfire	iceandfire:stymphalian_feather_bundle	iceandfire-2.0-beta.17.jar
iceandfire	iceandfire:stymphalian_skull	iceandfire-2.0-beta.17.jar
iceandfire	iceandfire:summoning_crystal_fire	iceandfire-2.0-beta.17.jar
iceandfire	iceandfire:summoning_crystal_fire_active	iceandfire-2.0-beta.17.jar
iceandfire	iceandfire:summoning_crystal_ice	iceandfire-2.0-beta.17.jar
iceandfire	iceandfire:summoning_crystal_ice_active	iceandfire-2.0-beta.17.jar
iceandfire	iceandfire:summoning_crystal_lightning	iceandfire-2.0-beta.17.jar
iceandfire	iceandfire:summoning_crystal_lightning_active	iceandfire-2.0-beta.17.jar
iceandfire	iceandfire:tide_blue_boots	iceandfire-2.0-beta.17.jar
iceandfire	iceandfire:tide_blue_chestplate	iceandfire-2.0-beta.17.jar
iceandfire	iceandfire:tide_blue_helmet	iceandfire-2.0-beta.17.jar
iceandfire	iceandfire:tide_blue_leggings	iceandfire-2.0-beta.17.jar
iceandfire	iceandfire:tide_bronze_boots	iceandfire-2.0-beta.17.jar
iceandfire	iceandfire:tide_bronze_chestplate	iceandfire-2.0-beta.17.jar
iceandfire	iceandfire:tide_bronze_helmet	iceandfire-2.0-beta.17.jar
iceandfire	iceandfire:tide_bronze_leggings	iceandfire-2.0-beta.17.jar
iceandfire	iceandfire:tide_deepblue_boots	iceandfire-2.0-beta.17.jar
iceandfire	iceandfire:tide_deepblue_chestplate	iceandfire-2.0-beta.17.jar
iceandfire	iceandfire:tide_deepblue_helmet	iceandfire-2.0-beta.17.jar
iceandfire	iceandfire:tide_deepblue_leggings	iceandfire-2.0-beta.17.jar
iceandfire	iceandfire:tide_green_boots	iceandfire-2.0-beta.17.jar
iceandfire	iceandfire:tide_green_chestplate	iceandfire-2.0-beta.17.jar
iceandfire	iceandfire:tide_green_helmet	iceandfire-2.0-beta.17.jar
iceandfire	iceandfire:tide_green_leggings	iceandfire-2.0-beta.17.jar
iceandfire	iceandfire:tide_purple_boots	iceandfire-2.0-beta.17.jar
iceandfire	iceandfire:tide_purple_chestplate	iceandfire-2.0-beta.17.jar
iceandfire	iceandfire:tide_purple_helmet	iceandfire-2.0-beta.17.jar
iceandfire	iceandfire:tide_purple_leggings	iceandfire-2.0-beta.17.jar
iceandfire	iceandfire:tide_red_boots	iceandfire-2.0-beta.17.jar
iceandfire	iceandfire:tide_red_chestplate	iceandfire-2.0-beta.17.jar
iceandfire	iceandfire:tide_red_helmet	iceandfire-2.0-beta.17.jar
iceandfire	iceandfire:tide_red_leggings	iceandfire-2.0-beta.17.jar
iceandfire	iceandfire:tide_teal_boots	iceandfire-2.0-beta.17.jar
iceandfire	iceandfire:tide_teal_chestplate	iceandfire-2.0-beta.17.jar
iceandfire	iceandfire:tide_teal_helmet	iceandfire-2.0-beta.17.jar
iceandfire	iceandfire:tide_teal_leggings	iceandfire-2.0-beta.17.jar
iceandfire	iceandfire:tide_trident	iceandfire-2.0-beta.17.jar
iceandfire	iceandfire:tide_trident_inventory	iceandfire-2.0-beta.17.jar
iceandfire	iceandfire:tide_trident_throwing	iceandfire-2.0-beta.17.jar
iceandfire	iceandfire:tinkers/flame	iceandfire-2.0-beta.17.jar
iceandfire	iceandfire:tinkers/frost	iceandfire-2.0-beta.17.jar
iceandfire	iceandfire:troll_leather_forest	iceandfire-2.0-beta.17.jar
iceandfire	iceandfire:troll_leather_frost	iceandfire-2.0-beta.17.jar
iceandfire	iceandfire:troll_leather_mountain	iceandfire-2.0-beta.17.jar
iceandfire	iceandfire:troll_skull	iceandfire-2.0-beta.17.jar
iceandfire	iceandfire:troll_tusk	iceandfire-2.0-beta.17.jar
iceandfire	iceandfire:troll_weapon	iceandfire-2.0-beta.17.jar
iceandfire	iceandfire:troll_weapon_axe	iceandfire-2.0-beta.17.jar
iceandfire	iceandfire:troll_weapon_column	iceandfire-2.0-beta.17.jar
iceandfire	iceandfire:troll_weapon_column_forest	iceandfire-2.0-beta.17.jar
iceandfire	iceandfire:troll_weapon_column_frost	iceandfire-2.0-beta.17.jar
iceandfire	iceandfire:troll_weapon_hammer	iceandfire-2.0-beta.17.jar
iceandfire	iceandfire:troll_weapon_trunk	iceandfire-2.0-beta.17.jar
iceandfire	iceandfire:troll_weapon_trunk_frost	iceandfire-2.0-beta.17.jar
iceandfire	iceandfire:weezer_blue_album	iceandfire-2.0-beta.17.jar
iceandfire	iceandfire:wither_shard	iceandfire-2.0-beta.17.jar
iceandfire	iceandfire:witherbone	iceandfire-2.0-beta.17.jar
invincible	invincible:custom_combo_demo	invincible-21.15.8.1-mc1.21.1-neoforge.jar
invincible	invincible:custom_skill_demo	invincible-21.15.8.1-mc1.21.1-neoforge.jar
invincible	invincible:debug	invincible-21.15.8.1-mc1.21.1-neoforge.jar
irons_lib	irons_lib:player_statue	irons_lib-1.21.1-1.0.2.jar
irons_lib	irons_lib:transmog_table	irons_lib-1.21.1-1.0.2.jar
irons_patreon_lib	irons_patreon_lib:player_statue	irons_lib-1.21.1-1.0.2.jar
irons_patreon_lib	irons_patreon_lib:transmog_table	irons_lib-1.21.1-1.0.2.jar
irons_spellbooks	irons_spellbooks:affinity_ring	irons_spellbooks.jar
irons_spellbooks	irons_spellbooks:affinity_ring	irons_spellbooks-1.21.1-3.16.1.jar
irons_spellbooks	irons_spellbooks:affinity_ring_blood	irons_spellbooks.jar
irons_spellbooks	irons_spellbooks:affinity_ring_blood	irons_spellbooks-1.21.1-3.16.1.jar
irons_spellbooks	irons_spellbooks:affinity_ring_eldritch	irons_spellbooks.jar
irons_spellbooks	irons_spellbooks:affinity_ring_eldritch	irons_spellbooks-1.21.1-3.16.1.jar
irons_spellbooks	irons_spellbooks:affinity_ring_ender	irons_spellbooks.jar
irons_spellbooks	irons_spellbooks:affinity_ring_ender	irons_spellbooks-1.21.1-3.16.1.jar
irons_spellbooks	irons_spellbooks:affinity_ring_evocation	irons_spellbooks.jar
irons_spellbooks	irons_spellbooks:affinity_ring_evocation	irons_spellbooks-1.21.1-3.16.1.jar
irons_spellbooks	irons_spellbooks:affinity_ring_fire	irons_spellbooks.jar
irons_spellbooks	irons_spellbooks:affinity_ring_fire	irons_spellbooks-1.21.1-3.16.1.jar
irons_spellbooks	irons_spellbooks:affinity_ring_holy	irons_spellbooks.jar
irons_spellbooks	irons_spellbooks:affinity_ring_holy	irons_spellbooks-1.21.1-3.16.1.jar
irons_spellbooks	irons_spellbooks:affinity_ring_ice	irons_spellbooks.jar
irons_spellbooks	irons_spellbooks:affinity_ring_ice	irons_spellbooks-1.21.1-3.16.1.jar
irons_spellbooks	irons_spellbooks:affinity_ring_lightning	irons_spellbooks.jar
irons_spellbooks	irons_spellbooks:affinity_ring_lightning	irons_spellbooks-1.21.1-3.16.1.jar
irons_spellbooks	irons_spellbooks:affinity_ring_nature	irons_spellbooks.jar
irons_spellbooks	irons_spellbooks:affinity_ring_nature	irons_spellbooks-1.21.1-3.16.1.jar
irons_spellbooks	irons_spellbooks:alchemist_cauldron	irons_spellbooks.jar
irons_spellbooks	irons_spellbooks:alchemist_cauldron	irons_spellbooks-1.21.1-3.16.1.jar
irons_spellbooks	irons_spellbooks:amethyst_rapier	irons_spellbooks.jar
irons_spellbooks	irons_spellbooks:amethyst_rapier	irons_spellbooks-1.21.1-3.16.1.jar
irons_spellbooks	irons_spellbooks:amethyst_resonance_charm	irons_spellbooks.jar
irons_spellbooks	irons_spellbooks:amethyst_resonance_charm	irons_spellbooks-1.21.1-3.16.1.jar
irons_spellbooks	irons_spellbooks:ancient_knowledge_fragment	irons_spellbooks.jar
irons_spellbooks	irons_spellbooks:ancient_knowledge_fragment	irons_spellbooks-1.21.1-3.16.1.jar
irons_spellbooks	irons_spellbooks:arcane_anvil	irons_spellbooks.jar
irons_spellbooks	irons_spellbooks:arcane_anvil	irons_spellbooks-1.21.1-3.16.1.jar
irons_spellbooks	irons_spellbooks:arcane_debris	irons_spellbooks.jar
irons_spellbooks	irons_spellbooks:arcane_debris	irons_spellbooks-1.21.1-3.16.1.jar
irons_spellbooks	irons_spellbooks:arcane_essence	irons_spellbooks.jar
irons_spellbooks	irons_spellbooks:arcane_essence	irons_spellbooks-1.21.1-3.16.1.jar
irons_spellbooks	irons_spellbooks:arcane_ingot	irons_spellbooks.jar
irons_spellbooks	irons_spellbooks:arcane_ingot	irons_spellbooks-1.21.1-3.16.1.jar
irons_spellbooks	irons_spellbooks:arcane_rune	irons_spellbooks.jar
irons_spellbooks	irons_spellbooks:arcane_rune	irons_spellbooks-1.21.1-3.16.1.jar
irons_spellbooks	irons_spellbooks:arcane_salvage	irons_spellbooks.jar
irons_spellbooks	irons_spellbooks:arcane_salvage	irons_spellbooks-1.21.1-3.16.1.jar
irons_spellbooks	irons_spellbooks:archevoker_boots	irons_spellbooks.jar
irons_spellbooks	irons_spellbooks:archevoker_boots	irons_spellbooks-1.21.1-3.16.1.jar
irons_spellbooks	irons_spellbooks:archevoker_chestplate	irons_spellbooks.jar
irons_spellbooks	irons_spellbooks:archevoker_chestplate	irons_spellbooks-1.21.1-3.16.1.jar
irons_spellbooks	irons_spellbooks:archevoker_helmet	irons_spellbooks.jar
irons_spellbooks	irons_spellbooks:archevoker_helmet	irons_spellbooks-1.21.1-3.16.1.jar
irons_spellbooks	irons_spellbooks:archevoker_leggings	irons_spellbooks.jar
irons_spellbooks	irons_spellbooks:archevoker_leggings	irons_spellbooks-1.21.1-3.16.1.jar
irons_spellbooks	irons_spellbooks:archevoker_logbook_translated	irons_spellbooks.jar
irons_spellbooks	irons_spellbooks:archevoker_logbook_translated	irons_spellbooks-1.21.1-3.16.1.jar
irons_spellbooks	irons_spellbooks:archevoker_logbook_untranslated	irons_spellbooks.jar
irons_spellbooks	irons_spellbooks:archevoker_logbook_untranslated	irons_spellbooks-1.21.1-3.16.1.jar
irons_spellbooks	irons_spellbooks:armor_pile	irons_spellbooks.jar
irons_spellbooks	irons_spellbooks:armor_pile	irons_spellbooks-1.21.1-3.16.1.jar
irons_spellbooks	irons_spellbooks:artificer_cane	irons_spellbooks.jar
irons_spellbooks	irons_spellbooks:artificer_cane	irons_spellbooks-1.21.1-3.16.1.jar
irons_spellbooks	irons_spellbooks:autoloader_crossbow	irons_spellbooks.jar
irons_spellbooks	irons_spellbooks:autoloader_crossbow	irons_spellbooks-1.21.1-3.16.1.jar
irons_spellbooks	irons_spellbooks:autoloader_crossbow_arrow	irons_spellbooks.jar
irons_spellbooks	irons_spellbooks:autoloader_crossbow_arrow	irons_spellbooks-1.21.1-3.16.1.jar
irons_spellbooks	irons_spellbooks:autoloader_crossbow_firework	irons_spellbooks.jar
irons_spellbooks	irons_spellbooks:autoloader_crossbow_firework	irons_spellbooks-1.21.1-3.16.1.jar
irons_spellbooks	irons_spellbooks:autoloader_crossbow_pulling_0	irons_spellbooks.jar
irons_spellbooks	irons_spellbooks:autoloader_crossbow_pulling_0	irons_spellbooks-1.21.1-3.16.1.jar
irons_spellbooks	irons_spellbooks:autoloader_crossbow_pulling_1	irons_spellbooks.jar
irons_spellbooks	irons_spellbooks:autoloader_crossbow_pulling_1	irons_spellbooks-1.21.1-3.16.1.jar
irons_spellbooks	irons_spellbooks:autoloader_crossbow_pulling_2	irons_spellbooks.jar
irons_spellbooks	irons_spellbooks:autoloader_crossbow_pulling_2	irons_spellbooks-1.21.1-3.16.1.jar
irons_spellbooks	irons_spellbooks:autoloader_crossbow_pulling_3	irons_spellbooks.jar
irons_spellbooks	irons_spellbooks:autoloader_crossbow_pulling_3	irons_spellbooks-1.21.1-3.16.1.jar
irons_spellbooks	irons_spellbooks:autoloader_crossbow_pulling_4	irons_spellbooks.jar
irons_spellbooks	irons_spellbooks:autoloader_crossbow_pulling_4	irons_spellbooks-1.21.1-3.16.1.jar
irons_spellbooks	irons_spellbooks:autoloader_crossbow_pulling_5	irons_spellbooks.jar
irons_spellbooks	irons_spellbooks:autoloader_crossbow_pulling_5	irons_spellbooks-1.21.1-3.16.1.jar
irons_spellbooks	irons_spellbooks:autoloader_crossbow_pulling_6	irons_spellbooks.jar
irons_spellbooks	irons_spellbooks:autoloader_crossbow_pulling_6	irons_spellbooks-1.21.1-3.16.1.jar
irons_spellbooks	irons_spellbooks:betrayer_signet	irons_spellbooks.jar
irons_spellbooks	irons_spellbooks:betrayer_signet	irons_spellbooks-1.21.1-3.16.1.jar
irons_spellbooks	irons_spellbooks:blank_rune	irons_spellbooks.jar
irons_spellbooks	irons_spellbooks:blank_rune	irons_spellbooks-1.21.1-3.16.1.jar
irons_spellbooks	irons_spellbooks:blaze_spell_book	irons_spellbooks.jar
irons_spellbooks	irons_spellbooks:blaze_spell_book	irons_spellbooks-1.21.1-3.16.1.jar
irons_spellbooks	irons_spellbooks:blood_rune	irons_spellbooks.jar
irons_spellbooks	irons_spellbooks:blood_rune	irons_spellbooks-1.21.1-3.16.1.jar
irons_spellbooks	irons_spellbooks:blood_staff	irons_spellbooks.jar
irons_spellbooks	irons_spellbooks:blood_staff	irons_spellbooks-1.21.1-3.16.1.jar
irons_spellbooks	irons_spellbooks:blood_upgrade_orb	irons_spellbooks.jar
irons_spellbooks	irons_spellbooks:blood_upgrade_orb	irons_spellbooks-1.21.1-3.16.1.jar
irons_spellbooks	irons_spellbooks:blood_vial	irons_spellbooks.jar
irons_spellbooks	irons_spellbooks:blood_vial	irons_spellbooks-1.21.1-3.16.1.jar
irons_spellbooks	irons_spellbooks:bloody_vellum	irons_spellbooks.jar
irons_spellbooks	irons_spellbooks:bloody_vellum	irons_spellbooks-1.21.1-3.16.1.jar
irons_spellbooks	irons_spellbooks:bone_key	irons_spellbooks-1.21.1-3.16.1.jar
irons_spellbooks	irons_spellbooks:bone_vault	irons_spellbooks-1.21.1-3.16.1.jar
irons_spellbooks	irons_spellbooks:book_stack	irons_spellbooks.jar
irons_spellbooks	irons_spellbooks:book_stack	irons_spellbooks-1.21.1-3.16.1.jar
irons_spellbooks	irons_spellbooks:boreal_blade	irons_spellbooks-1.21.1-3.16.1.jar
irons_spellbooks	irons_spellbooks:brazier	irons_spellbooks.jar
irons_spellbooks	irons_spellbooks:brazier	irons_spellbooks-1.21.1-3.16.1.jar
irons_spellbooks	irons_spellbooks:brazier_soul	irons_spellbooks.jar
irons_spellbooks	irons_spellbooks:brazier_soul	irons_spellbooks-1.21.1-3.16.1.jar
irons_spellbooks	irons_spellbooks:cast_time_ring	irons_spellbooks.jar
irons_spellbooks	irons_spellbooks:cast_time_ring	irons_spellbooks-1.21.1-3.16.1.jar
irons_spellbooks	irons_spellbooks:casters_tea	irons_spellbooks.jar
irons_spellbooks	irons_spellbooks:casters_tea	irons_spellbooks-1.21.1-3.16.1.jar
irons_spellbooks	irons_spellbooks:chained_book	irons_spellbooks.jar
irons_spellbooks	irons_spellbooks:chained_book	irons_spellbooks-1.21.1-3.16.1.jar
irons_spellbooks	irons_spellbooks:chronicle	irons_spellbooks-1.21.1-3.16.1.jar
irons_spellbooks	irons_spellbooks:chronicle_open	irons_spellbooks-1.21.1-3.16.1.jar
irons_spellbooks	irons_spellbooks:cinder_essence	irons_spellbooks.jar
irons_spellbooks	irons_spellbooks:cinder_essence	irons_spellbooks-1.21.1-3.16.1.jar
irons_spellbooks	irons_spellbooks:cinderous_soul_rune	irons_spellbooks.jar
irons_spellbooks	irons_spellbooks:cinderous_soul_rune	irons_spellbooks-1.21.1-3.16.1.jar
irons_spellbooks	irons_spellbooks:cinderous_soulcaller	irons_spellbooks.jar
irons_spellbooks	irons_spellbooks:cinderous_soulcaller	irons_spellbooks-1.21.1-3.16.1.jar
irons_spellbooks	irons_spellbooks:cinderous_vault	irons_spellbooks-1.21.1-3.16.1.jar
irons_spellbooks	irons_spellbooks:claymore	irons_spellbooks.jar
irons_spellbooks	irons_spellbooks:claymore	irons_spellbooks-1.21.1-3.16.1.jar
irons_spellbooks	irons_spellbooks:cloth	irons_spellbooks.jar
irons_spellbooks	irons_spellbooks:cloth	irons_spellbooks-1.21.1-3.16.1.jar
irons_spellbooks	irons_spellbooks:common_ink	irons_spellbooks.jar
irons_spellbooks	irons_spellbooks:common_ink	irons_spellbooks-1.21.1-3.16.1.jar
irons_spellbooks	irons_spellbooks:compass/wayward_compass_00	irons_spellbooks.jar
irons_spellbooks	irons_spellbooks:compass/wayward_compass_00	irons_spellbooks-1.21.1-3.16.1.jar
irons_spellbooks	irons_spellbooks:compass/wayward_compass_01	irons_spellbooks.jar
irons_spellbooks	irons_spellbooks:compass/wayward_compass_01	irons_spellbooks-1.21.1-3.16.1.jar
irons_spellbooks	irons_spellbooks:compass/wayward_compass_02	irons_spellbooks.jar
irons_spellbooks	irons_spellbooks:compass/wayward_compass_02	irons_spellbooks-1.21.1-3.16.1.jar
irons_spellbooks	irons_spellbooks:compass/wayward_compass_03	irons_spellbooks.jar
irons_spellbooks	irons_spellbooks:compass/wayward_compass_03	irons_spellbooks-1.21.1-3.16.1.jar
irons_spellbooks	irons_spellbooks:compass/wayward_compass_04	irons_spellbooks.jar
irons_spellbooks	irons_spellbooks:compass/wayward_compass_04	irons_spellbooks-1.21.1-3.16.1.jar
irons_spellbooks	irons_spellbooks:compass/wayward_compass_05	irons_spellbooks.jar
irons_spellbooks	irons_spellbooks:compass/wayward_compass_05	irons_spellbooks-1.21.1-3.16.1.jar
irons_spellbooks	irons_spellbooks:compass/wayward_compass_06	irons_spellbooks.jar
irons_spellbooks	irons_spellbooks:compass/wayward_compass_06	irons_spellbooks-1.21.1-3.16.1.jar
irons_spellbooks	irons_spellbooks:compass/wayward_compass_07	irons_spellbooks.jar
irons_spellbooks	irons_spellbooks:compass/wayward_compass_07	irons_spellbooks-1.21.1-3.16.1.jar
irons_spellbooks	irons_spellbooks:compass/wayward_compass_08	irons_spellbooks.jar
irons_spellbooks	irons_spellbooks:compass/wayward_compass_08	irons_spellbooks-1.21.1-3.16.1.jar
irons_spellbooks	irons_spellbooks:compass/wayward_compass_09	irons_spellbooks.jar
irons_spellbooks	irons_spellbooks:compass/wayward_compass_09	irons_spellbooks-1.21.1-3.16.1.jar
irons_spellbooks	irons_spellbooks:compass/wayward_compass_10	irons_spellbooks.jar
irons_spellbooks	irons_spellbooks:compass/wayward_compass_10	irons_spellbooks-1.21.1-3.16.1.jar
irons_spellbooks	irons_spellbooks:compass/wayward_compass_11	irons_spellbooks.jar
irons_spellbooks	irons_spellbooks:compass/wayward_compass_11	irons_spellbooks-1.21.1-3.16.1.jar
irons_spellbooks	irons_spellbooks:compass/wayward_compass_12	irons_spellbooks.jar
irons_spellbooks	irons_spellbooks:compass/wayward_compass_12	irons_spellbooks-1.21.1-3.16.1.jar
irons_spellbooks	irons_spellbooks:compass/wayward_compass_13	irons_spellbooks.jar
irons_spellbooks	irons_spellbooks:compass/wayward_compass_13	irons_spellbooks-1.21.1-3.16.1.jar
irons_spellbooks	irons_spellbooks:compass/wayward_compass_14	irons_spellbooks.jar
irons_spellbooks	irons_spellbooks:compass/wayward_compass_14	irons_spellbooks-1.21.1-3.16.1.jar
irons_spellbooks	irons_spellbooks:compass/wayward_compass_15	irons_spellbooks.jar
irons_spellbooks	irons_spellbooks:compass/wayward_compass_15	irons_spellbooks-1.21.1-3.16.1.jar
irons_spellbooks	irons_spellbooks:compass/wayward_compass_16	irons_spellbooks.jar
irons_spellbooks	irons_spellbooks:compass/wayward_compass_16	irons_spellbooks-1.21.1-3.16.1.jar
irons_spellbooks	irons_spellbooks:compass/wayward_compass_17	irons_spellbooks.jar
irons_spellbooks	irons_spellbooks:compass/wayward_compass_17	irons_spellbooks-1.21.1-3.16.1.jar
irons_spellbooks	irons_spellbooks:compass/wayward_compass_18	irons_spellbooks.jar
irons_spellbooks	irons_spellbooks:compass/wayward_compass_18	irons_spellbooks-1.21.1-3.16.1.jar
irons_spellbooks	irons_spellbooks:compass/wayward_compass_19	irons_spellbooks.jar
irons_spellbooks	irons_spellbooks:compass/wayward_compass_19	irons_spellbooks-1.21.1-3.16.1.jar
irons_spellbooks	irons_spellbooks:compass/wayward_compass_20	irons_spellbooks.jar
irons_spellbooks	irons_spellbooks:compass/wayward_compass_20	irons_spellbooks-1.21.1-3.16.1.jar
irons_spellbooks	irons_spellbooks:compass/wayward_compass_21	irons_spellbooks.jar
irons_spellbooks	irons_spellbooks:compass/wayward_compass_21	irons_spellbooks-1.21.1-3.16.1.jar
irons_spellbooks	irons_spellbooks:compass/wayward_compass_22	irons_spellbooks.jar
irons_spellbooks	irons_spellbooks:compass/wayward_compass_22	irons_spellbooks-1.21.1-3.16.1.jar
irons_spellbooks	irons_spellbooks:compass/wayward_compass_23	irons_spellbooks.jar
irons_spellbooks	irons_spellbooks:compass/wayward_compass_23	irons_spellbooks-1.21.1-3.16.1.jar
irons_spellbooks	irons_spellbooks:compass/wayward_compass_24	irons_spellbooks.jar
irons_spellbooks	irons_spellbooks:compass/wayward_compass_24	irons_spellbooks-1.21.1-3.16.1.jar
irons_spellbooks	irons_spellbooks:compass/wayward_compass_25	irons_spellbooks.jar
irons_spellbooks	irons_spellbooks:compass/wayward_compass_25	irons_spellbooks-1.21.1-3.16.1.jar
irons_spellbooks	irons_spellbooks:compass/wayward_compass_26	irons_spellbooks.jar
irons_spellbooks	irons_spellbooks:compass/wayward_compass_26	irons_spellbooks-1.21.1-3.16.1.jar
irons_spellbooks	irons_spellbooks:compass/wayward_compass_27	irons_spellbooks.jar
irons_spellbooks	irons_spellbooks:compass/wayward_compass_27	irons_spellbooks-1.21.1-3.16.1.jar
irons_spellbooks	irons_spellbooks:compass/wayward_compass_28	irons_spellbooks.jar
irons_spellbooks	irons_spellbooks:compass/wayward_compass_28	irons_spellbooks-1.21.1-3.16.1.jar
irons_spellbooks	irons_spellbooks:compass/wayward_compass_29	irons_spellbooks.jar
irons_spellbooks	irons_spellbooks:compass/wayward_compass_29	irons_spellbooks-1.21.1-3.16.1.jar
irons_spellbooks	irons_spellbooks:compass/wayward_compass_30	irons_spellbooks.jar
irons_spellbooks	irons_spellbooks:compass/wayward_compass_30	irons_spellbooks-1.21.1-3.16.1.jar
irons_spellbooks	irons_spellbooks:compass/wayward_compass_31	irons_spellbooks.jar
irons_spellbooks	irons_spellbooks:compass/wayward_compass_31	irons_spellbooks-1.21.1-3.16.1.jar
irons_spellbooks	irons_spellbooks:concentration_amulet	irons_spellbooks.jar
irons_spellbooks	irons_spellbooks:concentration_amulet	irons_spellbooks-1.21.1-3.16.1.jar
irons_spellbooks	irons_spellbooks:conjurers_talisman	irons_spellbooks.jar
irons_spellbooks	irons_spellbooks:conjurers_talisman	irons_spellbooks-1.21.1-3.16.1.jar
irons_spellbooks	irons_spellbooks:cooldown_ring	irons_spellbooks.jar
irons_spellbooks	irons_spellbooks:cooldown_ring	irons_spellbooks-1.21.1-3.16.1.jar
irons_spellbooks	irons_spellbooks:cooldown_rune	irons_spellbooks.jar
irons_spellbooks	irons_spellbooks:cooldown_rune	irons_spellbooks-1.21.1-3.16.1.jar
irons_spellbooks	irons_spellbooks:cooldown_upgrade_orb	irons_spellbooks.jar
irons_spellbooks	irons_spellbooks:cooldown_upgrade_orb	irons_spellbooks-1.21.1-3.16.1.jar
irons_spellbooks	irons_spellbooks:copper_spell_book	irons_spellbooks.jar
irons_spellbooks	irons_spellbooks:copper_spell_book	irons_spellbooks-1.21.1-3.16.1.jar
irons_spellbooks	irons_spellbooks:copper_spell_book_model	irons_spellbooks.jar
irons_spellbooks	irons_spellbooks:copper_spell_book_model	irons_spellbooks-1.21.1-3.16.1.jar
irons_spellbooks	irons_spellbooks:cryomancer_boots	irons_spellbooks.jar
irons_spellbooks	irons_spellbooks:cryomancer_boots	irons_spellbooks-1.21.1-3.16.1.jar
irons_spellbooks	irons_spellbooks:cryomancer_chestplate	irons_spellbooks.jar
irons_spellbooks	irons_spellbooks:cryomancer_chestplate	irons_spellbooks-1.21.1-3.16.1.jar
irons_spellbooks	irons_spellbooks:cryomancer_helmet	irons_spellbooks.jar
irons_spellbooks	irons_spellbooks:cryomancer_helmet	irons_spellbooks-1.21.1-3.16.1.jar
irons_spellbooks	irons_spellbooks:cryomancer_leggings	irons_spellbooks.jar
irons_spellbooks	irons_spellbooks:cryomancer_leggings	irons_spellbooks-1.21.1-3.16.1.jar
irons_spellbooks	irons_spellbooks:cultist_boots	irons_spellbooks.jar
irons_spellbooks	irons_spellbooks:cultist_boots	irons_spellbooks-1.21.1-3.16.1.jar
irons_spellbooks	irons_spellbooks:cultist_chestplate	irons_spellbooks.jar
irons_spellbooks	irons_spellbooks:cultist_chestplate	irons_spellbooks-1.21.1-3.16.1.jar
irons_spellbooks	irons_spellbooks:cultist_helmet	irons_spellbooks.jar
irons_spellbooks	irons_spellbooks:cultist_helmet	irons_spellbooks-1.21.1-3.16.1.jar
irons_spellbooks	irons_spellbooks:cultist_leggings	irons_spellbooks.jar
irons_spellbooks	irons_spellbooks:cultist_leggings	irons_spellbooks-1.21.1-3.16.1.jar
irons_spellbooks	irons_spellbooks:cursed_doll_spell_book	irons_spellbooks.jar
irons_spellbooks	irons_spellbooks:cursed_doll_spell_book	irons_spellbooks-1.21.1-3.16.1.jar
irons_spellbooks	irons_spellbooks:cursed_doll_spell_book_lectern	irons_spellbooks.jar
irons_spellbooks	irons_spellbooks:cursed_doll_spell_book_model	irons_spellbooks.jar
irons_spellbooks	irons_spellbooks:dead_king.geo	irons_spellbooks.jar
irons_spellbooks	irons_spellbooks:dead_king.geo	irons_spellbooks-1.21.1-3.16.1.jar
irons_spellbooks	irons_spellbooks:dead_king_phylactery	irons_spellbooks-1.21.1-3.16.1.jar
irons_spellbooks	irons_spellbooks:dead_king_phylactery_shard	irons_spellbooks-1.21.1-3.16.1.jar
irons_spellbooks	irons_spellbooks:decrepit_key	irons_spellbooks.jar
irons_spellbooks	irons_spellbooks:decrepit_key	irons_spellbooks-1.21.1-3.16.1.jar
irons_spellbooks	irons_spellbooks:decrepit_scythe	irons_spellbooks.jar
irons_spellbooks	irons_spellbooks:decrepit_scythe	irons_spellbooks-1.21.1-3.16.1.jar
irons_spellbooks	irons_spellbooks:deepslate_mithril_ore	irons_spellbooks.jar
irons_spellbooks	irons_spellbooks:deepslate_mithril_ore	irons_spellbooks-1.21.1-3.16.1.jar
irons_spellbooks	irons_spellbooks:dev_staff	irons_spellbooks.jar
irons_spellbooks	irons_spellbooks:dev_staff	irons_spellbooks-1.21.1-3.16.1.jar
irons_spellbooks	irons_spellbooks:diamond_spell_book	irons_spellbooks.jar
irons_spellbooks	irons_spellbooks:diamond_spell_book	irons_spellbooks-1.21.1-3.16.1.jar
irons_spellbooks	irons_spellbooks:disc_fragment_flame_still_burns	irons_spellbooks.jar
irons_spellbooks	irons_spellbooks:disc_fragment_flame_still_burns	irons_spellbooks-1.21.1-3.16.1.jar
irons_spellbooks	irons_spellbooks:divine_pearl	irons_spellbooks.jar
irons_spellbooks	irons_spellbooks:divine_pearl	irons_spellbooks-1.21.1-3.16.1.jar
irons_spellbooks	irons_spellbooks:divine_soulshard	irons_spellbooks.jar
irons_spellbooks	irons_spellbooks:divine_soulshard	irons_spellbooks-1.21.1-3.16.1.jar
irons_spellbooks	irons_spellbooks:dragonskin	irons_spellbooks.jar
irons_spellbooks	irons_spellbooks:dragonskin	irons_spellbooks-1.21.1-3.16.1.jar
irons_spellbooks	irons_spellbooks:dragonskin_spell_book	irons_spellbooks.jar
irons_spellbooks	irons_spellbooks:dragonskin_spell_book	irons_spellbooks-1.21.1-3.16.1.jar
irons_spellbooks	irons_spellbooks:dreadsword	irons_spellbooks.jar
irons_spellbooks	irons_spellbooks:dreadsword	irons_spellbooks-1.21.1-3.16.1.jar
irons_spellbooks	irons_spellbooks:druidic_spell_book	irons_spellbooks.jar
irons_spellbooks	irons_spellbooks:druidic_spell_book	irons_spellbooks-1.21.1-3.16.1.jar
irons_spellbooks	irons_spellbooks:eldritch_manuscript	irons_spellbooks.jar
irons_spellbooks	irons_spellbooks:eldritch_manuscript	irons_spellbooks-1.21.1-3.16.1.jar
irons_spellbooks	irons_spellbooks:electromancer_boots	irons_spellbooks.jar
irons_spellbooks	irons_spellbooks:electromancer_boots	irons_spellbooks-1.21.1-3.16.1.jar
irons_spellbooks	irons_spellbooks:electromancer_chestplate	irons_spellbooks.jar
irons_spellbooks	irons_spellbooks:electromancer_chestplate	irons_spellbooks-1.21.1-3.16.1.jar
irons_spellbooks	irons_spellbooks:electromancer_helmet	irons_spellbooks.jar
irons_spellbooks	irons_spellbooks:electromancer_helmet	irons_spellbooks-1.21.1-3.16.1.jar
irons_spellbooks	irons_spellbooks:electromancer_leggings	irons_spellbooks.jar
irons_spellbooks	irons_spellbooks:electromancer_leggings	irons_spellbooks-1.21.1-3.16.1.jar
irons_spellbooks	irons_spellbooks:emerald_stoneplate_ring	irons_spellbooks.jar
irons_spellbooks	irons_spellbooks:emerald_stoneplate_ring	irons_spellbooks-1.21.1-3.16.1.jar
irons_spellbooks	irons_spellbooks:enchanted_ward_amulet	irons_spellbooks.jar
irons_spellbooks	irons_spellbooks:enchanted_ward_amulet	irons_spellbooks-1.21.1-3.16.1.jar
irons_spellbooks	irons_spellbooks:ender_rune	irons_spellbooks.jar
irons_spellbooks	irons_spellbooks:ender_rune	irons_spellbooks-1.21.1-3.16.1.jar
irons_spellbooks	irons_spellbooks:ender_upgrade_orb	irons_spellbooks.jar
irons_spellbooks	irons_spellbooks:ender_upgrade_orb	irons_spellbooks-1.21.1-3.16.1.jar
irons_spellbooks	irons_spellbooks:energized_core	irons_spellbooks.jar
irons_spellbooks	irons_spellbooks:energized_core	irons_spellbooks-1.21.1-3.16.1.jar
irons_spellbooks	irons_spellbooks:epic_ink	irons_spellbooks.jar
irons_spellbooks	irons_spellbooks:epic_ink	irons_spellbooks-1.21.1-3.16.1.jar
irons_spellbooks	irons_spellbooks:evasion_elixir	irons_spellbooks.jar
irons_spellbooks	irons_spellbooks:evasion_elixir	irons_spellbooks-1.21.1-3.16.1.jar
irons_spellbooks	irons_spellbooks:evocation_rune	irons_spellbooks.jar
irons_spellbooks	irons_spellbooks:evocation_rune	irons_spellbooks-1.21.1-3.16.1.jar
irons_spellbooks	irons_spellbooks:evocation_upgrade_orb	irons_spellbooks.jar
irons_spellbooks	irons_spellbooks:evocation_upgrade_orb	irons_spellbooks-1.21.1-3.16.1.jar
irons_spellbooks	irons_spellbooks:evoker_spell_book	irons_spellbooks.jar
irons_spellbooks	irons_spellbooks:evoker_spell_book	irons_spellbooks-1.21.1-3.16.1.jar
irons_spellbooks	irons_spellbooks:evoker_spell_book_model	irons_spellbooks.jar
irons_spellbooks	irons_spellbooks:evoker_spell_book_model	irons_spellbooks-1.21.1-3.16.1.jar
irons_spellbooks	irons_spellbooks:example_regular_scroll	irons_spellbooks.jar
irons_spellbooks	irons_spellbooks:example_regular_scroll	irons_spellbooks-1.21.1-3.16.1.jar
irons_spellbooks	irons_spellbooks:expulsion_ring	irons_spellbooks.jar
irons_spellbooks	irons_spellbooks:expulsion_ring	irons_spellbooks-1.21.1-3.16.1.jar
irons_spellbooks	irons_spellbooks:fiery_dagger	irons_spellbooks-1.21.1-3.16.1.jar
irons_spellbooks	irons_spellbooks:fire_ale	irons_spellbooks.jar
irons_spellbooks	irons_spellbooks:fire_ale	irons_spellbooks-1.21.1-3.16.1.jar
irons_spellbooks	irons_spellbooks:fire_cloth	irons_spellbooks.jar
irons_spellbooks	irons_spellbooks:fire_cloth	irons_spellbooks-1.21.1-3.16.1.jar
irons_spellbooks	irons_spellbooks:fire_rune	irons_spellbooks.jar
irons_spellbooks	irons_spellbooks:fire_rune	irons_spellbooks-1.21.1-3.16.1.jar
irons_spellbooks	irons_spellbooks:fire_upgrade_orb	irons_spellbooks.jar
irons_spellbooks	irons_spellbooks:fire_upgrade_orb	irons_spellbooks-1.21.1-3.16.1.jar
irons_spellbooks	irons_spellbooks:firebrand	irons_spellbooks.jar
irons_spellbooks	irons_spellbooks:firebrand	irons_spellbooks-1.21.1-3.16.1.jar
irons_spellbooks	irons_spellbooks:firebrand_gui	irons_spellbooks.jar
irons_spellbooks	irons_spellbooks:firebrand_gui	irons_spellbooks-1.21.1-3.16.1.jar
irons_spellbooks	irons_spellbooks:firebrand_normal	irons_spellbooks.jar
irons_spellbooks	irons_spellbooks:firebrand_normal	irons_spellbooks-1.21.1-3.16.1.jar
irons_spellbooks	irons_spellbooks:firefly_jar	irons_spellbooks.jar
irons_spellbooks	irons_spellbooks:firefly_jar	irons_spellbooks-1.21.1-3.16.1.jar
irons_spellbooks	irons_spellbooks:fireward_ring	irons_spellbooks.jar
irons_spellbooks	irons_spellbooks:fireward_ring	irons_spellbooks-1.21.1-3.16.1.jar
irons_spellbooks	irons_spellbooks:frosted_helve	irons_spellbooks.jar
irons_spellbooks	irons_spellbooks:frosted_helve	irons_spellbooks-1.21.1-3.16.1.jar
irons_spellbooks	irons_spellbooks:frostward_ring	irons_spellbooks.jar
irons_spellbooks	irons_spellbooks:frostward_ring	irons_spellbooks-1.21.1-3.16.1.jar
irons_spellbooks	irons_spellbooks:frozen_bone	irons_spellbooks.jar
irons_spellbooks	irons_spellbooks:frozen_bone	irons_spellbooks-1.21.1-3.16.1.jar
irons_spellbooks	irons_spellbooks:furled_map	irons_spellbooks.jar
irons_spellbooks	irons_spellbooks:furled_map	irons_spellbooks-1.21.1-3.16.1.jar
irons_spellbooks	irons_spellbooks:furled_map_ancient	irons_spellbooks.jar
irons_spellbooks	irons_spellbooks:furled_map_ancient	irons_spellbooks-1.21.1-3.16.1.jar
irons_spellbooks	irons_spellbooks:furled_map_citadel	irons_spellbooks-1.21.1-3.16.1.jar
irons_spellbooks	irons_spellbooks:furled_map_ice_spider_den	irons_spellbooks-1.21.1-3.16.1.jar
irons_spellbooks	irons_spellbooks:gold_crown	irons_spellbooks.jar
irons_spellbooks	irons_spellbooks:gold_crown	irons_spellbooks-1.21.1-3.16.1.jar
irons_spellbooks	irons_spellbooks:gold_spell_book	irons_spellbooks.jar
irons_spellbooks	irons_spellbooks:gold_spell_book	irons_spellbooks-1.21.1-3.16.1.jar
irons_spellbooks	irons_spellbooks:graybeard_staff	irons_spellbooks.jar
irons_spellbooks	irons_spellbooks:graybeard_staff	irons_spellbooks-1.21.1-3.16.1.jar
irons_spellbooks	irons_spellbooks:greater_conjurers_talisman	irons_spellbooks-1.21.1-3.16.1.jar
irons_spellbooks	irons_spellbooks:greater_evasion_elixir	irons_spellbooks.jar
irons_spellbooks	irons_spellbooks:greater_evasion_elixir	irons_spellbooks-1.21.1-3.16.1.jar
irons_spellbooks	irons_spellbooks:greater_healing_potion	irons_spellbooks.jar
irons_spellbooks	irons_spellbooks:greater_healing_potion	irons_spellbooks-1.21.1-3.16.1.jar
irons_spellbooks	irons_spellbooks:greater_invisibility_elixir	irons_spellbooks.jar
irons_spellbooks	irons_spellbooks:greater_invisibility_elixir	irons_spellbooks-1.21.1-3.16.1.jar
irons_spellbooks	irons_spellbooks:greater_oakskin_elixir	irons_spellbooks.jar
irons_spellbooks	irons_spellbooks:greater_oakskin_elixir	irons_spellbooks-1.21.1-3.16.1.jar
irons_spellbooks	irons_spellbooks:heavy_chain_necklace	irons_spellbooks.jar
irons_spellbooks	irons_spellbooks:heavy_chain_necklace	irons_spellbooks-1.21.1-3.16.1.jar
irons_spellbooks	irons_spellbooks:hellrazor	irons_spellbooks.jar
irons_spellbooks	irons_spellbooks:hellrazor	irons_spellbooks-1.21.1-3.16.1.jar
irons_spellbooks	irons_spellbooks:hither_thither_wand	irons_spellbooks.jar
irons_spellbooks	irons_spellbooks:hither_thither_wand	irons_spellbooks-1.21.1-3.16.1.jar
irons_spellbooks	irons_spellbooks:hogskin	irons_spellbooks.jar
irons_spellbooks	irons_spellbooks:hogskin	irons_spellbooks-1.21.1-3.16.1.jar
irons_spellbooks	irons_spellbooks:holy_rune	irons_spellbooks.jar
irons_spellbooks	irons_spellbooks:holy_rune	irons_spellbooks-1.21.1-3.16.1.jar
irons_spellbooks	irons_spellbooks:holy_upgrade_orb	irons_spellbooks.jar
irons_spellbooks	irons_spellbooks:holy_upgrade_orb	irons_spellbooks-1.21.1-3.16.1.jar
irons_spellbooks	irons_spellbooks:ice_rune	irons_spellbooks.jar
irons_spellbooks	irons_spellbooks:ice_rune	irons_spellbooks-1.21.1-3.16.1.jar
irons_spellbooks	irons_spellbooks:ice_spell_book	irons_spellbooks-1.21.1-3.16.1.jar
irons_spellbooks	irons_spellbooks:ice_spider_egg	irons_spellbooks-1.21.1-3.16.1.jar
irons_spellbooks	irons_spellbooks:ice_spider_pheromones	irons_spellbooks-1.21.1-3.16.1.jar
irons_spellbooks	irons_spellbooks:ice_staff	irons_spellbooks.jar
irons_spellbooks	irons_spellbooks:ice_staff	irons_spellbooks-1.21.1-3.16.1.jar
irons_spellbooks	irons_spellbooks:ice_upgrade_orb	irons_spellbooks.jar
irons_spellbooks	irons_spellbooks:ice_upgrade_orb	irons_spellbooks-1.21.1-3.16.1.jar
irons_spellbooks	irons_spellbooks:ice_venom_vial	irons_spellbooks-1.21.1-3.16.1.jar
irons_spellbooks	irons_spellbooks:icy_fang	irons_spellbooks-1.21.1-3.16.1.jar
irons_spellbooks	irons_spellbooks:infernal_sorcerer_chestplate	irons_spellbooks-1.21.1-3.16.1.jar
irons_spellbooks	irons_spellbooks:inscription_table	irons_spellbooks.jar
irons_spellbooks	irons_spellbooks:inscription_table	irons_spellbooks-1.21.1-3.16.1.jar
irons_spellbooks	irons_spellbooks:invisibility_elixir	irons_spellbooks.jar
irons_spellbooks	irons_spellbooks:invisibility_elixir	irons_spellbooks-1.21.1-3.16.1.jar
irons_spellbooks	irons_spellbooks:invisibility_ring	irons_spellbooks.jar
irons_spellbooks	irons_spellbooks:invisibility_ring	irons_spellbooks-1.21.1-3.16.1.jar
irons_spellbooks	irons_spellbooks:iron_spell_book	irons_spellbooks.jar
irons_spellbooks	irons_spellbooks:iron_spell_book	irons_spellbooks-1.21.1-3.16.1.jar
irons_spellbooks	irons_spellbooks:keeper_flamberge	irons_spellbooks.jar
irons_spellbooks	irons_spellbooks:keeper_flamberge	irons_spellbooks-1.21.1-3.16.1.jar
irons_spellbooks	irons_spellbooks:legendary_ink	irons_spellbooks.jar
irons_spellbooks	irons_spellbooks:legendary_ink	irons_spellbooks-1.21.1-3.16.1.jar
irons_spellbooks	irons_spellbooks:legendary_spell_book	irons_spellbooks.jar
irons_spellbooks	irons_spellbooks:legendary_spell_book	irons_spellbooks-1.21.1-3.16.1.jar
irons_spellbooks	irons_spellbooks:legionnaire_flamberge	irons_spellbooks.jar
irons_spellbooks	irons_spellbooks:legionnaire_flamberge	irons_spellbooks-1.21.1-3.16.1.jar
irons_spellbooks	irons_spellbooks:lesser_spell_slot_upgrade	irons_spellbooks.jar
irons_spellbooks	irons_spellbooks:lesser_spell_slot_upgrade	irons_spellbooks-1.21.1-3.16.1.jar
irons_spellbooks	irons_spellbooks:lightning_bottle	irons_spellbooks.jar
irons_spellbooks	irons_spellbooks:lightning_bottle	irons_spellbooks-1.21.1-3.16.1.jar
irons_spellbooks	irons_spellbooks:lightning_rod	irons_spellbooks.jar
irons_spellbooks	irons_spellbooks:lightning_rod	irons_spellbooks-1.21.1-3.16.1.jar
irons_spellbooks	irons_spellbooks:lightning_rune	irons_spellbooks.jar
irons_spellbooks	irons_spellbooks:lightning_rune	irons_spellbooks-1.21.1-3.16.1.jar
irons_spellbooks	irons_spellbooks:lightning_upgrade_orb	irons_spellbooks.jar
irons_spellbooks	irons_spellbooks:lightning_upgrade_orb	irons_spellbooks-1.21.1-3.16.1.jar
irons_spellbooks	irons_spellbooks:lurker_ring	irons_spellbooks.jar
irons_spellbooks	irons_spellbooks:lurker_ring	irons_spellbooks-1.21.1-3.16.1.jar
irons_spellbooks	irons_spellbooks:magehunter	irons_spellbooks.jar
irons_spellbooks	irons_spellbooks:magehunter	irons_spellbooks-1.21.1-3.16.1.jar
irons_spellbooks	irons_spellbooks:magic_cloth	irons_spellbooks.jar
irons_spellbooks	irons_spellbooks:magic_cloth	irons_spellbooks-1.21.1-3.16.1.jar
irons_spellbooks	irons_spellbooks:mana_ring	irons_spellbooks.jar
irons_spellbooks	irons_spellbooks:mana_ring	irons_spellbooks-1.21.1-3.16.1.jar
irons_spellbooks	irons_spellbooks:mana_upgrade_orb	irons_spellbooks.jar
irons_spellbooks	irons_spellbooks:mana_upgrade_orb	irons_spellbooks-1.21.1-3.16.1.jar
irons_spellbooks	irons_spellbooks:misery	irons_spellbooks.jar
irons_spellbooks	irons_spellbooks:misery	irons_spellbooks-1.21.1-3.16.1.jar
irons_spellbooks	irons_spellbooks:mithril_ingot	irons_spellbooks.jar
irons_spellbooks	irons_spellbooks:mithril_ingot	irons_spellbooks-1.21.1-3.16.1.jar
irons_spellbooks	irons_spellbooks:mithril_ore	irons_spellbooks.jar
irons_spellbooks	irons_spellbooks:mithril_ore	irons_spellbooks-1.21.1-3.16.1.jar
irons_spellbooks	irons_spellbooks:mithril_scrap	irons_spellbooks.jar
irons_spellbooks	irons_spellbooks:mithril_scrap	irons_spellbooks-1.21.1-3.16.1.jar
irons_spellbooks	irons_spellbooks:mithril_weave	irons_spellbooks.jar
irons_spellbooks	irons_spellbooks:mithril_weave	irons_spellbooks-1.21.1-3.16.1.jar
irons_spellbooks	irons_spellbooks:music_disc_dead_king_lullaby	irons_spellbooks.jar
irons_spellbooks	irons_spellbooks:music_disc_dead_king_lullaby	irons_spellbooks-1.21.1-3.16.1.jar
irons_spellbooks	irons_spellbooks:music_disc_flame_still_burns	irons_spellbooks.jar
irons_spellbooks	irons_spellbooks:music_disc_flame_still_burns	irons_spellbooks-1.21.1-3.16.1.jar
irons_spellbooks	irons_spellbooks:music_disc_whispers_of_ice	irons_spellbooks-1.21.1-3.16.1.jar
irons_spellbooks	irons_spellbooks:nature_rune	irons_spellbooks.jar
irons_spellbooks	irons_spellbooks:nature_rune	irons_spellbooks-1.21.1-3.16.1.jar
irons_spellbooks	irons_spellbooks:nature_upgrade_orb	irons_spellbooks.jar
irons_spellbooks	irons_spellbooks:nature_upgrade_orb	irons_spellbooks-1.21.1-3.16.1.jar
irons_spellbooks	irons_spellbooks:necronomicon_spell_book	irons_spellbooks.jar
irons_spellbooks	irons_spellbooks:necronomicon_spell_book	irons_spellbooks-1.21.1-3.16.1.jar
irons_spellbooks	irons_spellbooks:nether_brick_pillar	irons_spellbooks.jar
irons_spellbooks	irons_spellbooks:nether_brick_pillar	irons_spellbooks-1.21.1-3.16.1.jar
irons_spellbooks	irons_spellbooks:netherite_mage_boots	irons_spellbooks.jar
irons_spellbooks	irons_spellbooks:netherite_mage_boots	irons_spellbooks-1.21.1-3.16.1.jar
irons_spellbooks	irons_spellbooks:netherite_mage_chestplate	irons_spellbooks.jar
irons_spellbooks	irons_spellbooks:netherite_mage_chestplate	irons_spellbooks-1.21.1-3.16.1.jar
irons_spellbooks	irons_spellbooks:netherite_mage_helmet	irons_spellbooks.jar
irons_spellbooks	irons_spellbooks:netherite_mage_helmet	irons_spellbooks-1.21.1-3.16.1.jar
irons_spellbooks	irons_spellbooks:netherite_mage_leggings	irons_spellbooks.jar
irons_spellbooks	irons_spellbooks:netherite_mage_leggings	irons_spellbooks-1.21.1-3.16.1.jar
irons_spellbooks	irons_spellbooks:netherite_spell_book	irons_spellbooks.jar
irons_spellbooks	irons_spellbooks:netherite_spell_book	irons_spellbooks-1.21.1-3.16.1.jar
irons_spellbooks	irons_spellbooks:netherward_tincture	irons_spellbooks.jar
irons_spellbooks	irons_spellbooks:netherward_tincture	irons_spellbooks-1.21.1-3.16.1.jar
irons_spellbooks	irons_spellbooks:oakskin_elixir	irons_spellbooks.jar
irons_spellbooks	irons_spellbooks:oakskin_elixir	irons_spellbooks-1.21.1-3.16.1.jar
irons_spellbooks	irons_spellbooks:obsidian_katana	irons_spellbooks-1.21.1-3.16.1.jar
irons_spellbooks	irons_spellbooks:paladin_chestplate	irons_spellbooks.jar
irons_spellbooks	irons_spellbooks:paladin_chestplate	irons_spellbooks-1.21.1-3.16.1.jar
irons_spellbooks	irons_spellbooks:patchouli_book	irons_spellbooks.jar
irons_spellbooks	irons_spellbooks:patchouli_book	irons_spellbooks-1.21.1-3.16.1.jar
irons_spellbooks	irons_spellbooks:pedestal	irons_spellbooks.jar
irons_spellbooks	irons_spellbooks:pedestal	irons_spellbooks-1.21.1-3.16.1.jar
irons_spellbooks	irons_spellbooks:permafrost_shard	irons_spellbooks.jar
irons_spellbooks	irons_spellbooks:permafrost_shard	irons_spellbooks-1.21.1-3.16.1.jar
irons_spellbooks	irons_spellbooks:plagued_boots	irons_spellbooks.jar
irons_spellbooks	irons_spellbooks:plagued_boots	irons_spellbooks-1.21.1-3.16.1.jar
irons_spellbooks	irons_spellbooks:plagued_chestplate	irons_spellbooks.jar
irons_spellbooks	irons_spellbooks:plagued_chestplate	irons_spellbooks-1.21.1-3.16.1.jar
irons_spellbooks	irons_spellbooks:plagued_helmet	irons_spellbooks.jar
irons_spellbooks	irons_spellbooks:plagued_helmet	irons_spellbooks-1.21.1-3.16.1.jar
irons_spellbooks	irons_spellbooks:plagued_leggings	irons_spellbooks.jar
irons_spellbooks	irons_spellbooks:plagued_leggings	irons_spellbooks-1.21.1-3.16.1.jar
irons_spellbooks	irons_spellbooks:poisonward_ring	irons_spellbooks.jar
irons_spellbooks	irons_spellbooks:poisonward_ring	irons_spellbooks-1.21.1-3.16.1.jar
irons_spellbooks	irons_spellbooks:portal_frame	irons_spellbooks.jar
irons_spellbooks	irons_spellbooks:portal_frame	irons_spellbooks-1.21.1-3.16.1.jar
irons_spellbooks	irons_spellbooks:priest_boots	irons_spellbooks.jar
irons_spellbooks	irons_spellbooks:priest_boots	irons_spellbooks-1.21.1-3.16.1.jar
irons_spellbooks	irons_spellbooks:priest_chestplate	irons_spellbooks.jar
irons_spellbooks	irons_spellbooks:priest_chestplate	irons_spellbooks-1.21.1-3.16.1.jar
irons_spellbooks	irons_spellbooks:priest_helmet	irons_spellbooks.jar
irons_spellbooks	irons_spellbooks:priest_helmet	irons_spellbooks-1.21.1-3.16.1.jar
irons_spellbooks	irons_spellbooks:priest_leggings	irons_spellbooks.jar
irons_spellbooks	irons_spellbooks:priest_leggings	irons_spellbooks-1.21.1-3.16.1.jar
irons_spellbooks	irons_spellbooks:protection_rune	irons_spellbooks.jar
irons_spellbooks	irons_spellbooks:protection_rune	irons_spellbooks-1.21.1-3.16.1.jar
irons_spellbooks	irons_spellbooks:protection_upgrade_orb	irons_spellbooks.jar
irons_spellbooks	irons_spellbooks:protection_upgrade_orb	irons_spellbooks-1.21.1-3.16.1.jar
irons_spellbooks	irons_spellbooks:pumpkin_boots	irons_spellbooks.jar
irons_spellbooks	irons_spellbooks:pumpkin_boots	irons_spellbooks-1.21.1-3.16.1.jar
irons_spellbooks	irons_spellbooks:pumpkin_chestplate	irons_spellbooks.jar
irons_spellbooks	irons_spellbooks:pumpkin_chestplate	irons_spellbooks-1.21.1-3.16.1.jar
irons_spellbooks	irons_spellbooks:pumpkin_helmet	irons_spellbooks.jar
irons_spellbooks	irons_spellbooks:pumpkin_helmet	irons_spellbooks-1.21.1-3.16.1.jar
irons_spellbooks	irons_spellbooks:pumpkin_leggings	irons_spellbooks.jar
irons_spellbooks	irons_spellbooks:pumpkin_leggings	irons_spellbooks-1.21.1-3.16.1.jar
irons_spellbooks	irons_spellbooks:pyrium_ingot	irons_spellbooks.jar
irons_spellbooks	irons_spellbooks:pyrium_ingot	irons_spellbooks-1.21.1-3.16.1.jar
irons_spellbooks	irons_spellbooks:pyrium_staff	irons_spellbooks.jar
irons_spellbooks	irons_spellbooks:pyrium_staff	irons_spellbooks-1.21.1-3.16.1.jar
irons_spellbooks	irons_spellbooks:pyrium_staff_haft	irons_spellbooks.jar
irons_spellbooks	irons_spellbooks:pyrium_staff_haft	irons_spellbooks-1.21.1-3.16.1.jar
irons_spellbooks	irons_spellbooks:pyromancer_boots	irons_spellbooks.jar
irons_spellbooks	irons_spellbooks:pyromancer_boots	irons_spellbooks-1.21.1-3.16.1.jar
irons_spellbooks	irons_spellbooks:pyromancer_chestplate	irons_spellbooks.jar
irons_spellbooks	irons_spellbooks:pyromancer_chestplate	irons_spellbooks-1.21.1-3.16.1.jar
irons_spellbooks	irons_spellbooks:pyromancer_helmet	irons_spellbooks.jar
irons_spellbooks	irons_spellbooks:pyromancer_helmet	irons_spellbooks-1.21.1-3.16.1.jar
irons_spellbooks	irons_spellbooks:pyromancer_leggings	irons_spellbooks.jar
irons_spellbooks	irons_spellbooks:pyromancer_leggings	irons_spellbooks-1.21.1-3.16.1.jar
irons_spellbooks	irons_spellbooks:rare_ink	irons_spellbooks.jar
irons_spellbooks	irons_spellbooks:rare_ink	irons_spellbooks-1.21.1-3.16.1.jar
irons_spellbooks	irons_spellbooks:raw_mithril	irons_spellbooks.jar
irons_spellbooks	irons_spellbooks:raw_mithril	irons_spellbooks-1.21.1-3.16.1.jar
irons_spellbooks	irons_spellbooks:ring	irons_spellbooks.jar
irons_spellbooks	irons_spellbooks:ring	irons_spellbooks-1.21.1-3.16.1.jar
irons_spellbooks	irons_spellbooks:rotten_spell_book	irons_spellbooks.jar
irons_spellbooks	irons_spellbooks:rotten_spell_book	irons_spellbooks-1.21.1-3.16.1.jar
irons_spellbooks	irons_spellbooks:ruined_book	irons_spellbooks.jar
irons_spellbooks	irons_spellbooks:ruined_book	irons_spellbooks-1.21.1-3.16.1.jar
irons_spellbooks	irons_spellbooks:scroll	irons_spellbooks.jar
irons_spellbooks	irons_spellbooks:scroll	irons_spellbooks-1.21.1-3.16.1.jar
irons_spellbooks	irons_spellbooks:scroll_blood	irons_spellbooks.jar
irons_spellbooks	irons_spellbooks:scroll_blood	irons_spellbooks-1.21.1-3.16.1.jar
irons_spellbooks	irons_spellbooks:scroll_eldritch	irons_spellbooks.jar
irons_spellbooks	irons_spellbooks:scroll_eldritch	irons_spellbooks-1.21.1-3.16.1.jar
irons_spellbooks	irons_spellbooks:scroll_ender	irons_spellbooks.jar
irons_spellbooks	irons_spellbooks:scroll_ender	irons_spellbooks-1.21.1-3.16.1.jar
irons_spellbooks	irons_spellbooks:scroll_evocation	irons_spellbooks.jar
irons_spellbooks	irons_spellbooks:scroll_evocation	irons_spellbooks-1.21.1-3.16.1.jar
irons_spellbooks	irons_spellbooks:scroll_fire	irons_spellbooks.jar
irons_spellbooks	irons_spellbooks:scroll_fire	irons_spellbooks-1.21.1-3.16.1.jar
irons_spellbooks	irons_spellbooks:scroll_forge	irons_spellbooks.jar
irons_spellbooks	irons_spellbooks:scroll_forge	irons_spellbooks-1.21.1-3.16.1.jar
irons_spellbooks	irons_spellbooks:scroll_holy	irons_spellbooks.jar
irons_spellbooks	irons_spellbooks:scroll_holy	irons_spellbooks-1.21.1-3.16.1.jar
irons_spellbooks	irons_spellbooks:scroll_ice	irons_spellbooks.jar
irons_spellbooks	irons_spellbooks:scroll_ice	irons_spellbooks-1.21.1-3.16.1.jar
irons_spellbooks	irons_spellbooks:scroll_lightning	irons_spellbooks.jar
irons_spellbooks	irons_spellbooks:scroll_lightning	irons_spellbooks-1.21.1-3.16.1.jar
irons_spellbooks	irons_spellbooks:scroll_nature	irons_spellbooks.jar
irons_spellbooks	irons_spellbooks:scroll_nature	irons_spellbooks-1.21.1-3.16.1.jar
irons_spellbooks	irons_spellbooks:shadowwalker_boots	irons_spellbooks.jar
irons_spellbooks	irons_spellbooks:shadowwalker_boots	irons_spellbooks-1.21.1-3.16.1.jar
irons_spellbooks	irons_spellbooks:shadowwalker_chestplate	irons_spellbooks.jar
irons_spellbooks	irons_spellbooks:shadowwalker_chestplate	irons_spellbooks-1.21.1-3.16.1.jar
irons_spellbooks	irons_spellbooks:shadowwalker_helmet	irons_spellbooks.jar
irons_spellbooks	irons_spellbooks:shadowwalker_helmet	irons_spellbooks-1.21.1-3.16.1.jar
irons_spellbooks	irons_spellbooks:shadowwalker_leggings	irons_spellbooks.jar
irons_spellbooks	irons_spellbooks:shadowwalker_leggings	irons_spellbooks-1.21.1-3.16.1.jar
irons_spellbooks	irons_spellbooks:shriving_stone	irons_spellbooks.jar
irons_spellbooks	irons_spellbooks:shriving_stone	irons_spellbooks-1.21.1-3.16.1.jar
irons_spellbooks	irons_spellbooks:silver_ring	irons_spellbooks.jar
irons_spellbooks	irons_spellbooks:silver_ring	irons_spellbooks-1.21.1-3.16.1.jar
irons_spellbooks	irons_spellbooks:speed_boots	irons_spellbooks.jar
irons_spellbooks	irons_spellbooks:speed_boots	irons_spellbooks-1.21.1-3.16.1.jar
irons_spellbooks	irons_spellbooks:spell_book	irons_spellbooks.jar
irons_spellbooks	irons_spellbooks:spell_book	irons_spellbooks-1.21.1-3.16.1.jar
irons_spellbooks	irons_spellbooks:spellbreaker	irons_spellbooks.jar
irons_spellbooks	irons_spellbooks:spellbreaker	irons_spellbooks-1.21.1-3.16.1.jar
irons_spellbooks	irons_spellbooks:staff_of_the_nines	irons_spellbooks.jar
irons_spellbooks	irons_spellbooks:staff_of_the_nines	irons_spellbooks-1.21.1-3.16.1.jar
irons_spellbooks	irons_spellbooks:stone_scythe	irons_spellbooks-1.21.1-3.16.1.jar
irons_spellbooks	irons_spellbooks:tarnished_helmet	irons_spellbooks.jar
irons_spellbooks	irons_spellbooks:tarnished_helmet	irons_spellbooks-1.21.1-3.16.1.jar
irons_spellbooks	irons_spellbooks:teleportation_amulet	irons_spellbooks.jar
irons_spellbooks	irons_spellbooks:teleportation_amulet	irons_spellbooks-1.21.1-3.16.1.jar
irons_spellbooks	irons_spellbooks:template_large_sword	irons_spellbooks.jar
irons_spellbooks	irons_spellbooks:template_large_sword	irons_spellbooks-1.21.1-3.16.1.jar
irons_spellbooks	irons_spellbooks:template_spell_book_model	irons_spellbooks.jar
irons_spellbooks	irons_spellbooks:template_spell_book_model	irons_spellbooks-1.21.1-3.16.1.jar
irons_spellbooks	irons_spellbooks:template_spell_book_model_open	irons_spellbooks.jar
irons_spellbooks	irons_spellbooks:template_spell_book_model_open	irons_spellbooks-1.21.1-3.16.1.jar
irons_spellbooks	irons_spellbooks:template_verylarge_sword	irons_spellbooks.jar
irons_spellbooks	irons_spellbooks:template_verylarge_sword	irons_spellbooks-1.21.1-3.16.1.jar
irons_spellbooks	irons_spellbooks:timeless_slurry	irons_spellbooks.jar
irons_spellbooks	irons_spellbooks:timeless_slurry	irons_spellbooks-1.21.1-3.16.1.jar
irons_spellbooks	irons_spellbooks:tincture_of_forgetfulness	irons_spellbooks-1.21.1-3.16.1.jar
irons_spellbooks	irons_spellbooks:truthseeker	irons_spellbooks.jar
irons_spellbooks	irons_spellbooks:truthseeker	irons_spellbooks-1.21.1-3.16.1.jar
irons_spellbooks	irons_spellbooks:twilight_gale	irons_spellbooks-1.21.1-3.16.1.jar
irons_spellbooks	irons_spellbooks:twilight_gale_handheld	irons_spellbooks-1.21.1-3.16.1.jar
irons_spellbooks	irons_spellbooks:twilight_gale_throwing	irons_spellbooks-1.21.1-3.16.1.jar
irons_spellbooks	irons_spellbooks:tyros_statue	irons_spellbooks-1.21.1-3.16.1.jar
irons_spellbooks	irons_spellbooks:unchained_book	irons_spellbooks-1.21.1-3.16.1.jar
irons_spellbooks	irons_spellbooks:uncommon_ink	irons_spellbooks.jar
irons_spellbooks	irons_spellbooks:uncommon_ink	irons_spellbooks-1.21.1-3.16.1.jar
irons_spellbooks	irons_spellbooks:upgrade_orb	irons_spellbooks.jar
irons_spellbooks	irons_spellbooks:upgrade_orb	irons_spellbooks-1.21.1-3.16.1.jar
irons_spellbooks	irons_spellbooks:villager_spell_book	irons_spellbooks.jar
irons_spellbooks	irons_spellbooks:villager_spell_book	irons_spellbooks-1.21.1-3.16.1.jar
irons_spellbooks	irons_spellbooks:visibility_ring	irons_spellbooks.jar
irons_spellbooks	irons_spellbooks:visibility_ring	irons_spellbooks-1.21.1-3.16.1.jar
irons_spellbooks	irons_spellbooks:wandering_magician_boots	irons_spellbooks.jar
irons_spellbooks	irons_spellbooks:wandering_magician_boots	irons_spellbooks-1.21.1-3.16.1.jar
irons_spellbooks	irons_spellbooks:wandering_magician_chestplate	irons_spellbooks.jar
irons_spellbooks	irons_spellbooks:wandering_magician_chestplate	irons_spellbooks-1.21.1-3.16.1.jar
irons_spellbooks	irons_spellbooks:wandering_magician_helmet	irons_spellbooks.jar
irons_spellbooks	irons_spellbooks:wandering_magician_helmet	irons_spellbooks-1.21.1-3.16.1.jar
irons_spellbooks	irons_spellbooks:wandering_magician_leggings	irons_spellbooks.jar
irons_spellbooks	irons_spellbooks:wandering_magician_leggings	irons_spellbooks-1.21.1-3.16.1.jar
irons_spellbooks	irons_spellbooks:wayward_compass	irons_spellbooks.jar
irons_spellbooks	irons_spellbooks:wayward_compass	irons_spellbooks-1.21.1-3.16.1.jar
irons_spellbooks	irons_spellbooks:weapon_parts	irons_spellbooks.jar
irons_spellbooks	irons_spellbooks:weapon_parts	irons_spellbooks-1.21.1-3.16.1.jar
irons_spellbooks	irons_spellbooks:weapon_schematics	irons_spellbooks.jar
irons_spellbooks	irons_spellbooks:weapon_schematics	irons_spellbooks-1.21.1-3.16.1.jar
irons_spellbooks	irons_spellbooks:wicked_bone_ring	irons_spellbooks-1.21.1-3.16.1.jar
irons_spellbooks	irons_spellbooks:wimpy_spell_book	irons_spellbooks.jar
irons_spellbooks	irons_spellbooks:wimpy_spell_book	irons_spellbooks-1.21.1-3.16.1.jar
irons_spellbooks	irons_spellbooks:wisewood_bookshelf	irons_spellbooks.jar
irons_spellbooks	irons_spellbooks:wisewood_bookshelf	irons_spellbooks-1.21.1-3.16.1.jar
irons_spellbooks	irons_spellbooks:wisewood_chiseled_bookshelf	irons_spellbooks.jar
irons_spellbooks	irons_spellbooks:wisewood_chiseled_bookshelf	irons_spellbooks-1.21.1-3.16.1.jar
irons_spellbooks	irons_spellbooks:wisewood_planks	irons_spellbooks.jar
irons_spellbooks	irons_spellbooks:wisewood_planks	irons_spellbooks-1.21.1-3.16.1.jar
irons_spellbooks	irons_spellbooks:wizard_boots	irons_spellbooks-1.21.1-3.16.1.jar
irons_spellbooks	irons_spellbooks:wizard_chestplate	irons_spellbooks-1.21.1-3.16.1.jar
irons_spellbooks	irons_spellbooks:wizard_hat	irons_spellbooks.jar
irons_spellbooks	irons_spellbooks:wizard_hat	irons_spellbooks-1.21.1-3.16.1.jar
irons_spellbooks	irons_spellbooks:wizard_helmet	irons_spellbooks-1.21.1-3.16.1.jar
irons_spellbooks	irons_spellbooks:wizard_helmet_hat	irons_spellbooks-1.21.1-3.16.1.jar
irons_spellbooks	irons_spellbooks:wizard_leggings	irons_spellbooks-1.21.1-3.16.1.jar
l2complements	l2complements:black_fire_charge	l2complements-3.1.3.jar
l2complements	l2complements:blackstone_core	l2complements-3.1.3.jar
l2complements	l2complements:captured_shulker_bullet	l2complements-3.1.3.jar
l2complements	l2complements:captured_wind	l2complements-3.1.3.jar
l2complements	l2complements:cursed_droplet	l2complements-3.1.3.jar
l2complements	l2complements:diffusion_wand	l2complements-3.1.3.jar
l2complements	l2complements:enchanted_totemic_apple	l2complements-3.1.3.jar
l2complements	l2complements:enchanted_totemic_carrot	l2complements-3.1.3.jar
l2complements	l2complements:eternal_anvil	l2complements-3.1.3.jar
l2complements	l2complements:eternal_totem_of_dream	l2complements-3.1.3.jar
l2complements	l2complements:eternal_upgrade_smithing_template	l2complements-3.1.3.jar
l2complements	l2complements:eternium_axe	l2complements-3.1.3.jar
l2complements	l2complements:eternium_block	l2complements-3.1.3.jar
l2complements	l2complements:eternium_boots	l2complements-3.1.3.jar
l2complements	l2complements:eternium_chestplate	l2complements-3.1.3.jar
l2complements	l2complements:eternium_helmet	l2complements-3.1.3.jar
l2complements	l2complements:eternium_hoe	l2complements-3.1.3.jar
l2complements	l2complements:eternium_ingot	l2complements-3.1.3.jar
l2complements	l2complements:eternium_leggings	l2complements-3.1.3.jar
l2complements	l2complements:eternium_nugget	l2complements-3.1.3.jar
l2complements	l2complements:eternium_pickaxe	l2complements-3.1.3.jar
l2complements	l2complements:eternium_shovel	l2complements-3.1.3.jar
l2complements	l2complements:eternium_sword	l2complements-3.1.3.jar
l2complements	l2complements:explosion_shard	l2complements-3.1.3.jar
l2complements	l2complements:flame_upgrade_smithing_template	l2complements-3.1.3.jar
l2complements	l2complements:force_field	l2complements-3.1.3.jar
l2complements	l2complements:fragile_warp_stone	l2complements-3.1.3.jar
l2complements	l2complements:frost_upgrade_smithing_template	l2complements-3.1.3.jar
l2complements	l2complements:guardian_eye	l2complements-3.1.3.jar
l2complements	l2complements:guardian_rune	l2complements-3.1.3.jar
l2complements	l2complements:gun	l2complements-3.1.3.jar
l2complements	l2complements:hard_ice	l2complements-3.1.3.jar
l2complements	l2complements:heirophant_green	l2complements-3.1.3.jar
l2complements	l2complements:hellfire_wand	l2complements-3.1.3.jar
l2complements	l2complements:life_essence	l2complements-3.1.3.jar
l2complements	l2complements:material_swap_smithing_template	l2complements-3.1.3.jar
l2complements	l2complements:piglin_rune	l2complements-3.1.3.jar
l2complements	l2complements:poseidite_axe	l2complements-3.1.3.jar
l2complements	l2complements:poseidite_block	l2complements-3.1.3.jar
l2complements	l2complements:poseidite_boots	l2complements-3.1.3.jar
l2complements	l2complements:poseidite_chestplate	l2complements-3.1.3.jar
l2complements	l2complements:poseidite_helmet	l2complements-3.1.3.jar
l2complements	l2complements:poseidite_hoe	l2complements-3.1.3.jar
l2complements	l2complements:poseidite_ingot	l2complements-3.1.3.jar
l2complements	l2complements:poseidite_leggings	l2complements-3.1.3.jar
l2complements	l2complements:poseidite_nugget	l2complements-3.1.3.jar
l2complements	l2complements:poseidite_pickaxe	l2complements-3.1.3.jar
l2complements	l2complements:poseidite_shovel	l2complements-3.1.3.jar
l2complements	l2complements:poseidite_sword	l2complements-3.1.3.jar
l2complements	l2complements:reinforced_warp_stone	l2complements-3.1.3.jar
l2complements	l2complements:resonant_feather	l2complements-3.1.3.jar
l2complements	l2complements:scepter_of_boreas	l2complements-3.1.3.jar
l2complements	l2complements:scepter_of_helios	l2complements-3.1.3.jar
l2complements	l2complements:sculkium_axe	l2complements-3.1.3.jar
l2complements	l2complements:sculkium_block	l2complements-3.1.3.jar
l2complements	l2complements:sculkium_boots	l2complements-3.1.3.jar
l2complements	l2complements:sculkium_chestplate	l2complements-3.1.3.jar
l2complements	l2complements:sculkium_helmet	l2complements-3.1.3.jar
l2complements	l2complements:sculkium_hoe	l2complements-3.1.3.jar
l2complements	l2complements:sculkium_ingot	l2complements-3.1.3.jar
l2complements	l2complements:sculkium_leggings	l2complements-3.1.3.jar
l2complements	l2complements:sculkium_nugget	l2complements-3.1.3.jar
l2complements	l2complements:sculkium_pickaxe	l2complements-3.1.3.jar
l2complements	l2complements:sculkium_shovel	l2complements-3.1.3.jar
l2complements	l2complements:sculkium_sword	l2complements-3.1.3.jar
l2complements	l2complements:shulkerate_axe	l2complements-3.1.3.jar
l2complements	l2complements:shulkerate_block	l2complements-3.1.3.jar
l2complements	l2complements:shulkerate_boots	l2complements-3.1.3.jar
l2complements	l2complements:shulkerate_chestplate	l2complements-3.1.3.jar
l2complements	l2complements:shulkerate_helmet	l2complements-3.1.3.jar
l2complements	l2complements:shulkerate_hoe	l2complements-3.1.3.jar
l2complements	l2complements:shulkerate_ingot	l2complements-3.1.3.jar
l2complements	l2complements:shulkerate_leggings	l2complements-3.1.3.jar
l2complements	l2complements:shulkerate_nugget	l2complements-3.1.3.jar
l2complements	l2complements:shulkerate_pickaxe	l2complements-3.1.3.jar
l2complements	l2complements:shulkerate_shovel	l2complements-3.1.3.jar
l2complements	l2complements:shulkerate_sword	l2complements-3.1.3.jar
l2complements	l2complements:sonic_shooter	l2complements-3.1.3.jar
l2complements	l2complements:sonic_shooter_0	l2complements-3.1.3.jar
l2complements	l2complements:sonic_shooter_1	l2complements-3.1.3.jar
l2complements	l2complements:sonic_shooter_2	l2complements-3.1.3.jar
l2complements	l2complements:sonic_shooter_3	l2complements-3.1.3.jar
l2complements	l2complements:soul_fire_charge	l2complements-3.1.3.jar
l2complements	l2complements:soul_flame	l2complements-3.1.3.jar
l2complements	l2complements:space_shard	l2complements-3.1.3.jar
l2complements	l2complements:storm_core	l2complements-3.1.3.jar
l2complements	l2complements:strong_fire_charge	l2complements-3.1.3.jar
l2complements	l2complements:sun_membrane	l2complements-3.1.3.jar
l2complements	l2complements:totem_of_dream	l2complements-3.1.3.jar
l2complements	l2complements:totem_of_the_sea	l2complements-3.1.3.jar
l2complements	l2complements:totemic_apple	l2complements-3.1.3.jar
l2complements	l2complements:totemic_carrot	l2complements-3.1.3.jar
l2complements	l2complements:totemic_gold_axe	l2complements-3.1.3.jar
l2complements	l2complements:totemic_gold_block	l2complements-3.1.3.jar
l2complements	l2complements:totemic_gold_boots	l2complements-3.1.3.jar
l2complements	l2complements:totemic_gold_chestplate	l2complements-3.1.3.jar
l2complements	l2complements:totemic_gold_helmet	l2complements-3.1.3.jar
l2complements	l2complements:totemic_gold_hoe	l2complements-3.1.3.jar
l2complements	l2complements:totemic_gold_ingot	l2complements-3.1.3.jar
l2complements	l2complements:totemic_gold_leggings	l2complements-3.1.3.jar
l2complements	l2complements:totemic_gold_nugget	l2complements-3.1.3.jar
l2complements	l2complements:totemic_gold_pickaxe	l2complements-3.1.3.jar
l2complements	l2complements:totemic_gold_shovel	l2complements-3.1.3.jar
l2complements	l2complements:totemic_gold_sword	l2complements-3.1.3.jar
l2complements	l2complements:void_eye	l2complements-3.1.3.jar
l2complements	l2complements:warden_bone_shard	l2complements-3.1.3.jar
l2complements	l2complements:wind_capture_bottle	l2complements-3.1.3.jar
l2complements	l2complements:winterstorm_wand	l2complements-3.1.3.jar
l2hostility	l2hostility:abrahadabra	l2hostility-3.0.18.jar
l2hostility	l2hostility:abyssal_thorn	l2hostility-3.0.18.jar
l2hostility	l2hostility:adaptive	l2hostility-3.0.18.jar
l2hostility	l2hostility:arena	l2hostility-3.0.18.jar
l2hostility	l2hostility:blindness	l2hostility-3.0.18.jar
l2hostility	l2hostility:book	l2hostility-3.0.18.jar
l2hostility	l2hostility:book_of_omniscience	l2hostility-3.0.18.jar
l2hostility	l2hostility:book_of_reprint	l2hostility-3.0.18.jar
l2hostility	l2hostility:booster_potion	l2hostility-3.0.18.jar
l2hostility	l2hostility:bottle_of_curse	l2hostility-3.0.18.jar
l2hostility	l2hostility:bottle_of_sanity	l2hostility-3.0.18.jar
l2hostility	l2hostility:chaos_block	l2hostility-3.0.18.jar
l2hostility	l2hostility:chaos_ingot	l2hostility-3.0.18.jar
l2hostility	l2hostility:charm_of_looting_1	l2hostility-3.0.18.jar
l2hostility	l2hostility:charm_of_looting_2	l2hostility-3.0.18.jar
l2hostility	l2hostility:charm_of_looting_3	l2hostility-3.0.18.jar
l2hostility	l2hostility:charm_of_looting_4	l2hostility-3.0.18.jar
l2hostility	l2hostility:corrosion	l2hostility-3.0.18.jar
l2hostility	l2hostility:counter_strike	l2hostility-3.0.18.jar
l2hostility	l2hostility:curse_of_envy	l2hostility-3.0.18.jar
l2hostility	l2hostility:curse_of_gluttony	l2hostility-3.0.18.jar
l2hostility	l2hostility:curse_of_greed	l2hostility-3.0.18.jar
l2hostility	l2hostility:curse_of_lust	l2hostility-3.0.18.jar
l2hostility	l2hostility:curse_of_pride	l2hostility-3.0.18.jar
l2hostility	l2hostility:curse_of_sloth	l2hostility-3.0.18.jar
l2hostility	l2hostility:curse_of_wrath	l2hostility-3.0.18.jar
l2hostility	l2hostility:cursed	l2hostility-3.0.18.jar
l2hostility	l2hostility:dementor	l2hostility-3.0.18.jar
l2hostility	l2hostility:detector_glasses	l2hostility-3.0.18.jar
l2hostility	l2hostility:dispell	l2hostility-3.0.18.jar
l2hostility	l2hostility:divinity_cross	l2hostility-3.0.18.jar
l2hostility	l2hostility:divinity_light	l2hostility-3.0.18.jar
l2hostility	l2hostility:drain	l2hostility-3.0.18.jar
l2hostility	l2hostility:erosion	l2hostility-3.0.18.jar
l2hostility	l2hostility:eternal_witch_charge	l2hostility-3.0.18.jar
l2hostility	l2hostility:fiery	l2hostility-3.0.18.jar
l2hostility	l2hostility:flaming_thorn	l2hostility-3.0.18.jar
l2hostility	l2hostility:freezing	l2hostility-3.0.18.jar
l2hostility	l2hostility:gravity	l2hostility-3.0.18.jar
l2hostility	l2hostility:greed_of_nidhoggur	l2hostility-3.0.18.jar
l2hostility	l2hostility:grenade	l2hostility-3.0.18.jar
l2hostility	l2hostility:growth	l2hostility-3.0.18.jar
l2hostility	l2hostility:hostility_beacon	l2hostility-3.0.18.jar
l2hostility	l2hostility:hostility_detector	l2hostility-3.0.18.jar
l2hostility	l2hostility:hostility_essence	l2hostility-3.0.18.jar
l2hostility	l2hostility:hostility_orb	l2hostility-3.0.18.jar
l2hostility	l2hostility:hostility_spawner	l2hostility-3.0.18.jar
l2hostility	l2hostility:imagine_breaker	l2hostility-3.0.18.jar
l2hostility	l2hostility:infinity_glove	l2hostility-3.0.18.jar
l2hostility	l2hostility:invisible	l2hostility-3.0.18.jar
l2hostility	l2hostility:killer_aura	l2hostility-3.0.18.jar
l2hostility	l2hostility:levitation	l2hostility-3.0.18.jar
l2hostility	l2hostility:master	l2hostility-3.0.18.jar
l2hostility	l2hostility:miracle_block	l2hostility-3.0.18.jar
l2hostility	l2hostility:miracle_ingot	l2hostility-3.0.18.jar
l2hostility	l2hostility:miracle_powder	l2hostility-3.0.18.jar
l2hostility	l2hostility:moonwalk	l2hostility-3.0.18.jar
l2hostility	l2hostility:nausea	l2hostility-3.0.18.jar
l2hostility	l2hostility:oddeyes_glasses	l2hostility-3.0.18.jar
l2hostility	l2hostility:platinum_star	l2hostility-3.0.18.jar
l2hostility	l2hostility:pocket_of_restoration	l2hostility-3.0.18.jar
l2hostility	l2hostility:pocket_of_restoration_full	l2hostility-3.0.18.jar
l2hostility	l2hostility:poison	l2hostility-3.0.18.jar
l2hostility	l2hostility:protection	l2hostility-3.0.18.jar
l2hostility	l2hostility:pulling	l2hostility-3.0.18.jar
l2hostility	l2hostility:ragnarok	l2hostility-3.0.18.jar
l2hostility	l2hostility:reflect	l2hostility-3.0.18.jar
l2hostility	l2hostility:regenerate	l2hostility-3.0.18.jar
l2hostility	l2hostility:repelling	l2hostility-3.0.18.jar
l2hostility	l2hostility:reprint	l2hostility-3.0.18.jar
l2hostility	l2hostility:ring_of_corrosion	l2hostility-3.0.18.jar
l2hostility	l2hostility:ring_of_divinity	l2hostility-3.0.18.jar
l2hostility	l2hostility:ring_of_healing	l2hostility-3.0.18.jar
l2hostility	l2hostility:ring_of_incarceration	l2hostility-3.0.18.jar
l2hostility	l2hostility:ring_of_life	l2hostility-3.0.18.jar
l2hostility	l2hostility:ring_of_ocean	l2hostility-3.0.18.jar
l2hostility	l2hostility:ring_of_reflection	l2hostility-3.0.18.jar
l2hostility	l2hostility:sealed_item	l2hostility-3.0.18.jar
l2hostility	l2hostility:shulker	l2hostility-3.0.18.jar
l2hostility	l2hostility:slowness	l2hostility-3.0.18.jar
l2hostility	l2hostility:soul_burner	l2hostility-3.0.18.jar
l2hostility	l2hostility:speedy	l2hostility-3.0.18.jar
l2hostility	l2hostility:split	l2hostility-3.0.18.jar
l2hostility	l2hostility:tank	l2hostility-3.0.18.jar
l2hostility	l2hostility:teleport	l2hostility-3.0.18.jar
l2hostility	l2hostility:trait_adder_wand	l2hostility-3.0.18.jar
l2hostility	l2hostility:triple_strip_cape	l2hostility-3.0.18.jar
l2hostility	l2hostility:undying	l2hostility-3.0.18.jar
l2hostility	l2hostility:weakness	l2hostility-3.0.18.jar
l2hostility	l2hostility:witch_charge	l2hostility-3.0.18.jar
l2hostility	l2hostility:witch_droplet	l2hostility-3.0.18.jar
l2hostility	l2hostility:witch_wand	l2hostility-3.0.18.jar
l2hostility	l2hostility:wither	l2hostility-3.0.18.jar
legendarymage	legendarymage:legendary_guide	legendarymage-1.0.9.jar
legendarymage	legendarymage:mod_icon	legendarymage-1.0.9.jar
legendarymage	legendarymage:music_disc_when_you_look_at_me	legendarymage-1.0.9.jar
legendarymage	legendarymage:scroll_element	legendarymage-1.0.9.jar
lootr	lootr:decorated_pot	lootr-neoforge-1.21.1-1.11.37.121.jar
lootr	lootr:lootr_barrel	lootr-neoforge-1.21.1-1.11.37.121.jar
lootr	lootr:lootr_chest	lootr-neoforge-1.21.1-1.11.37.121.jar
lootr	lootr:lootr_inventory	lootr-neoforge-1.21.1-1.11.37.121.jar
lootr	lootr:lootr_opened_barrel	lootr-neoforge-1.21.1-1.11.37.121.jar
lootr	lootr:lootr_shulker	lootr-neoforge-1.21.1-1.11.37.121.jar
lootr	lootr:lootr_trapped_chest	lootr-neoforge-1.21.1-1.11.37.121.jar
lootr	lootr:suspicious_gravel	lootr-neoforge-1.21.1-1.11.37.121.jar
lootr	lootr:suspicious_sand	lootr-neoforge-1.21.1-1.11.37.121.jar
lootr	lootr:trophy	lootr-neoforge-1.21.1-1.11.37.121.jar
magistuarmory	magistuarmory:antlers_decoration	epic-knights-1.21.1-neoforge-10.12.jar
magistuarmory	magistuarmory:apostolic_cross_pattern	epic-knights-1.21.1-neoforge-10.12.jar
magistuarmory	magistuarmory:armet	epic-knights-1.21.1-neoforge-10.12.jar
magistuarmory	magistuarmory:armet_with_plume	epic-knights-1.21.1-neoforge-10.12.jar
magistuarmory	magistuarmory:barbedclub	epic-knights-1.21.1-neoforge-10.12.jar
magistuarmory	magistuarmory:barbute	epic-knights-1.21.1-neoforge-10.12.jar
magistuarmory	magistuarmory:barding	epic-knights-1.21.1-neoforge-10.12.jar
magistuarmory	magistuarmory:bascinet	epic-knights-1.21.1-neoforge-10.12.jar
magistuarmory	magistuarmory:bear_decoration	epic-knights-1.21.1-neoforge-10.12.jar
magistuarmory	magistuarmory:big_plume_decoration	epic-knights-1.21.1-neoforge-10.12.jar
magistuarmory	magistuarmory:blacksmith_hammer	epic-knights-1.21.1-neoforge-10.12.jar
magistuarmory	magistuarmory:bowl_pattern	epic-knights-1.21.1-neoforge-10.12.jar
magistuarmory	magistuarmory:brigandine_boots	epic-knights-1.21.1-neoforge-10.12.jar
magistuarmory	magistuarmory:brigandine_chestplate	epic-knights-1.21.1-neoforge-10.12.jar
magistuarmory	magistuarmory:bronze_ahlspiess	epic-knights-1.21.1-neoforge-10.12.jar
magistuarmory	magistuarmory:bronze_ahlspiess_blocking	epic-knights-1.21.1-neoforge-10.12.jar
magistuarmory	magistuarmory:bronze_bastardsword	epic-knights-1.21.1-neoforge-10.12.jar
magistuarmory	magistuarmory:bronze_bastardsword_blocking	epic-knights-1.21.1-neoforge-10.12.jar
magistuarmory	magistuarmory:bronze_buckler	epic-knights-1.21.1-neoforge-10.12.jar
magistuarmory	magistuarmory:bronze_buckler_blocking	epic-knights-1.21.1-neoforge-10.12.jar
magistuarmory	magistuarmory:bronze_chainmorgenstern	epic-knights-1.21.1-neoforge-10.12.jar
magistuarmory	magistuarmory:bronze_chivalrylance	epic-knights-1.21.1-neoforge-10.12.jar
magistuarmory	magistuarmory:bronze_chivalrylance_raised	epic-knights-1.21.1-neoforge-10.12.jar
magistuarmory	magistuarmory:bronze_claymore	epic-knights-1.21.1-neoforge-10.12.jar
magistuarmory	magistuarmory:bronze_claymore_blocking	epic-knights-1.21.1-neoforge-10.12.jar
magistuarmory	magistuarmory:bronze_concavehalberd	epic-knights-1.21.1-neoforge-10.12.jar
magistuarmory	magistuarmory:bronze_concavehalberd_blocking	epic-knights-1.21.1-neoforge-10.12.jar
magistuarmory	magistuarmory:bronze_ellipticalshield	epic-knights-1.21.1-neoforge-10.12.jar
magistuarmory	magistuarmory:bronze_ellipticalshield_blocking	epic-knights-1.21.1-neoforge-10.12.jar
magistuarmory	magistuarmory:bronze_estoc	epic-knights-1.21.1-neoforge-10.12.jar
magistuarmory	magistuarmory:bronze_estoc_blocking	epic-knights-1.21.1-neoforge-10.12.jar
magistuarmory	magistuarmory:bronze_flamebladedsword	epic-knights-1.21.1-neoforge-10.12.jar
magistuarmory	magistuarmory:bronze_flamebladedsword_blocking	epic-knights-1.21.1-neoforge-10.12.jar
magistuarmory	magistuarmory:bronze_guisarme	epic-knights-1.21.1-neoforge-10.12.jar
magistuarmory	magistuarmory:bronze_guisarme_blocking	epic-knights-1.21.1-neoforge-10.12.jar
magistuarmory	magistuarmory:bronze_heatershield	epic-knights-1.21.1-neoforge-10.12.jar
magistuarmory	magistuarmory:bronze_heatershield_blocking	epic-knights-1.21.1-neoforge-10.12.jar
magistuarmory	magistuarmory:bronze_heavymace	epic-knights-1.21.1-neoforge-10.12.jar
magistuarmory	magistuarmory:bronze_heavywarhammer	epic-knights-1.21.1-neoforge-10.12.jar
magistuarmory	magistuarmory:bronze_ingot	epic-knights-1.21.1-neoforge-10.12.jar
magistuarmory	magistuarmory:bronze_katzbalger	epic-knights-1.21.1-neoforge-10.12.jar
magistuarmory	magistuarmory:bronze_kiteshield	epic-knights-1.21.1-neoforge-10.12.jar
magistuarmory	magistuarmory:bronze_kiteshield_blocking	epic-knights-1.21.1-neoforge-10.12.jar
magistuarmory	magistuarmory:bronze_lochaberaxe	epic-knights-1.21.1-neoforge-10.12.jar
magistuarmory	magistuarmory:bronze_lochaberaxe_blocking	epic-knights-1.21.1-neoforge-10.12.jar
magistuarmory	magistuarmory:bronze_lucernhammer	epic-knights-1.21.1-neoforge-10.12.jar
magistuarmory	magistuarmory:bronze_morgenstern	epic-knights-1.21.1-neoforge-10.12.jar
magistuarmory	magistuarmory:bronze_pavese	epic-knights-1.21.1-neoforge-10.12.jar
magistuarmory	magistuarmory:bronze_pavese_blocking	epic-knights-1.21.1-neoforge-10.12.jar
magistuarmory	magistuarmory:bronze_pike	epic-knights-1.21.1-neoforge-10.12.jar
magistuarmory	magistuarmory:bronze_ranseur	epic-knights-1.21.1-neoforge-10.12.jar
magistuarmory	magistuarmory:bronze_ranseur_blocking	epic-knights-1.21.1-neoforge-10.12.jar
magistuarmory	magistuarmory:bronze_rondache	epic-knights-1.21.1-neoforge-10.12.jar
magistuarmory	magistuarmory:bronze_rondache_blocking	epic-knights-1.21.1-neoforge-10.12.jar
magistuarmory	magistuarmory:bronze_roundshield	epic-knights-1.21.1-neoforge-10.12.jar
magistuarmory	magistuarmory:bronze_roundshield_blocking	epic-knights-1.21.1-neoforge-10.12.jar
magistuarmory	magistuarmory:bronze_shortsword	epic-knights-1.21.1-neoforge-10.12.jar
magistuarmory	magistuarmory:bronze_stylet	epic-knights-1.21.1-neoforge-10.12.jar
magistuarmory	magistuarmory:bronze_target	epic-knights-1.21.1-neoforge-10.12.jar
magistuarmory	magistuarmory:bronze_target_blocking	epic-knights-1.21.1-neoforge-10.12.jar
magistuarmory	magistuarmory:bronze_tartsche	epic-knights-1.21.1-neoforge-10.12.jar
magistuarmory	magistuarmory:bronze_tartsche_blocking	epic-knights-1.21.1-neoforge-10.12.jar
magistuarmory	magistuarmory:bronze_zweihander	epic-knights-1.21.1-neoforge-10.12.jar
magistuarmory	magistuarmory:bronze_zweihander_blocking	epic-knights-1.21.1-neoforge-10.12.jar
magistuarmory	magistuarmory:buckler	epic-knights-1.21.1-neoforge-10.12.jar
magistuarmory	magistuarmory:buckler_blocking	epic-knights-1.21.1-neoforge-10.12.jar
magistuarmory	magistuarmory:bull_pattern	epic-knights-1.21.1-neoforge-10.12.jar
magistuarmory	magistuarmory:bullhorns_decoration	epic-knights-1.21.1-neoforge-10.12.jar
magistuarmory	magistuarmory:ceremonial_boots	epic-knights-1.21.1-neoforge-10.12.jar
magistuarmory	magistuarmory:ceremonial_chestplate	epic-knights-1.21.1-neoforge-10.12.jar
magistuarmory	magistuarmory:ceremonialarmet	epic-knights-1.21.1-neoforge-10.12.jar
magistuarmory	magistuarmory:ceremonialarmet_with_plume	epic-knights-1.21.1-neoforge-10.12.jar
magistuarmory	magistuarmory:chainmail_boots	epic-knights-1.21.1-neoforge-10.12.jar
magistuarmory	magistuarmory:chainmail_chestplate	epic-knights-1.21.1-neoforge-10.12.jar
magistuarmory	magistuarmory:chainmail_helmet	epic-knights-1.21.1-neoforge-10.12.jar
magistuarmory	magistuarmory:chainmail_horse_armor	epic-knights-1.21.1-neoforge-10.12.jar
magistuarmory	magistuarmory:chainmail_leggings	epic-knights-1.21.1-neoforge-10.12.jar
magistuarmory	magistuarmory:chess_pattern	epic-knights-1.21.1-neoforge-10.12.jar
magistuarmory	magistuarmory:club	epic-knights-1.21.1-neoforge-10.12.jar
magistuarmory	magistuarmory:coif	epic-knights-1.21.1-neoforge-10.12.jar
magistuarmory	magistuarmory:copper_ahlspiess	epic-knights-1.21.1-neoforge-10.12.jar
magistuarmory	magistuarmory:copper_ahlspiess_blocking	epic-knights-1.21.1-neoforge-10.12.jar
magistuarmory	magistuarmory:copper_bastardsword	epic-knights-1.21.1-neoforge-10.12.jar
magistuarmory	magistuarmory:copper_bastardsword_blocking	epic-knights-1.21.1-neoforge-10.12.jar
magistuarmory	magistuarmory:copper_buckler	epic-knights-1.21.1-neoforge-10.12.jar
magistuarmory	magistuarmory:copper_buckler_blocking	epic-knights-1.21.1-neoforge-10.12.jar
magistuarmory	magistuarmory:copper_chainmorgenstern	epic-knights-1.21.1-neoforge-10.12.jar
magistuarmory	magistuarmory:copper_chivalrylance	epic-knights-1.21.1-neoforge-10.12.jar
magistuarmory	magistuarmory:copper_chivalrylance_raised	epic-knights-1.21.1-neoforge-10.12.jar
magistuarmory	magistuarmory:copper_claymore	epic-knights-1.21.1-neoforge-10.12.jar
magistuarmory	magistuarmory:copper_claymore_blocking	epic-knights-1.21.1-neoforge-10.12.jar
magistuarmory	magistuarmory:copper_concavehalberd	epic-knights-1.21.1-neoforge-10.12.jar
magistuarmory	magistuarmory:copper_concavehalberd_blocking	epic-knights-1.21.1-neoforge-10.12.jar
magistuarmory	magistuarmory:copper_ellipticalshield	epic-knights-1.21.1-neoforge-10.12.jar
magistuarmory	magistuarmory:copper_ellipticalshield_blocking	epic-knights-1.21.1-neoforge-10.12.jar
magistuarmory	magistuarmory:copper_estoc	epic-knights-1.21.1-neoforge-10.12.jar
magistuarmory	magistuarmory:copper_estoc_blocking	epic-knights-1.21.1-neoforge-10.12.jar
magistuarmory	magistuarmory:copper_flamebladedsword	epic-knights-1.21.1-neoforge-10.12.jar
magistuarmory	magistuarmory:copper_flamebladedsword_blocking	epic-knights-1.21.1-neoforge-10.12.jar
magistuarmory	magistuarmory:copper_guisarme	epic-knights-1.21.1-neoforge-10.12.jar
magistuarmory	magistuarmory:copper_guisarme_blocking	epic-knights-1.21.1-neoforge-10.12.jar
magistuarmory	magistuarmory:copper_heatershield	epic-knights-1.21.1-neoforge-10.12.jar
magistuarmory	magistuarmory:copper_heatershield_blocking	epic-knights-1.21.1-neoforge-10.12.jar
magistuarmory	magistuarmory:copper_heavymace	epic-knights-1.21.1-neoforge-10.12.jar
magistuarmory	magistuarmory:copper_heavywarhammer	epic-knights-1.21.1-neoforge-10.12.jar
magistuarmory	magistuarmory:copper_katzbalger	epic-knights-1.21.1-neoforge-10.12.jar
magistuarmory	magistuarmory:copper_kiteshield	epic-knights-1.21.1-neoforge-10.12.jar
magistuarmory	magistuarmory:copper_kiteshield_blocking	epic-knights-1.21.1-neoforge-10.12.jar
magistuarmory	magistuarmory:copper_lochaberaxe	epic-knights-1.21.1-neoforge-10.12.jar
magistuarmory	magistuarmory:copper_lochaberaxe_blocking	epic-knights-1.21.1-neoforge-10.12.jar
magistuarmory	magistuarmory:copper_lucernhammer	epic-knights-1.21.1-neoforge-10.12.jar
magistuarmory	magistuarmory:copper_morgenstern	epic-knights-1.21.1-neoforge-10.12.jar
magistuarmory	magistuarmory:copper_pavese	epic-knights-1.21.1-neoforge-10.12.jar
magistuarmory	magistuarmory:copper_pavese_blocking	epic-knights-1.21.1-neoforge-10.12.jar
magistuarmory	magistuarmory:copper_pike	epic-knights-1.21.1-neoforge-10.12.jar
magistuarmory	magistuarmory:copper_ranseur	epic-knights-1.21.1-neoforge-10.12.jar
magistuarmory	magistuarmory:copper_ranseur_blocking	epic-knights-1.21.1-neoforge-10.12.jar
magistuarmory	magistuarmory:copper_rondache	epic-knights-1.21.1-neoforge-10.12.jar
magistuarmory	magistuarmory:copper_rondache_blocking	epic-knights-1.21.1-neoforge-10.12.jar
magistuarmory	magistuarmory:copper_roundshield	epic-knights-1.21.1-neoforge-10.12.jar
magistuarmory	magistuarmory:copper_roundshield_blocking	epic-knights-1.21.1-neoforge-10.12.jar
magistuarmory	magistuarmory:copper_shortsword	epic-knights-1.21.1-neoforge-10.12.jar
magistuarmory	magistuarmory:copper_stylet	epic-knights-1.21.1-neoforge-10.12.jar
magistuarmory	magistuarmory:copper_target	epic-knights-1.21.1-neoforge-10.12.jar
magistuarmory	magistuarmory:copper_target_blocking	epic-knights-1.21.1-neoforge-10.12.jar
magistuarmory	magistuarmory:copper_tartsche	epic-knights-1.21.1-neoforge-10.12.jar
magistuarmory	magistuarmory:copper_tartsche_blocking	epic-knights-1.21.1-neoforge-10.12.jar
magistuarmory	magistuarmory:copper_zweihander	epic-knights-1.21.1-neoforge-10.12.jar
magistuarmory	magistuarmory:copper_zweihander_blocking	epic-knights-1.21.1-neoforge-10.12.jar
magistuarmory	magistuarmory:corruptedroundshield	epic-knights-1.21.1-neoforge-10.12.jar
magistuarmory	magistuarmory:corruptedroundshield_blocking	epic-knights-1.21.1-neoforge-10.12.jar
magistuarmory	magistuarmory:crown_decoration	epic-knights-1.21.1-neoforge-10.12.jar
magistuarmory	magistuarmory:crusader_boots	epic-knights-1.21.1-neoforge-10.12.jar
magistuarmory	magistuarmory:crusader_chestplate	epic-knights-1.21.1-neoforge-10.12.jar
magistuarmory	magistuarmory:crusader_cross_pattern	epic-knights-1.21.1-neoforge-10.12.jar
magistuarmory	magistuarmory:crusader_leggings	epic-knights-1.21.1-neoforge-10.12.jar
magistuarmory	magistuarmory:cuirassier_boots	epic-knights-1.21.1-neoforge-10.12.jar
magistuarmory	magistuarmory:cuirassier_chestplate	epic-knights-1.21.1-neoforge-10.12.jar
magistuarmory	magistuarmory:cuirassier_helmet	epic-knights-1.21.1-neoforge-10.12.jar
magistuarmory	magistuarmory:cuirassier_leggings	epic-knights-1.21.1-neoforge-10.12.jar
magistuarmory	magistuarmory:dark_plackart_decoration	epic-knights-1.21.1-neoforge-10.12.jar
magistuarmory	magistuarmory:darkening_template	epic-knights-1.21.1-neoforge-10.12.jar
magistuarmory	magistuarmory:demon_horns_decoration	epic-knights-1.21.1-neoforge-10.12.jar
magistuarmory	magistuarmory:diamond_ahlspiess	epic-knights-1.21.1-neoforge-10.12.jar
magistuarmory	magistuarmory:diamond_ahlspiess_blocking	epic-knights-1.21.1-neoforge-10.12.jar
magistuarmory	magistuarmory:diamond_bastardsword	epic-knights-1.21.1-neoforge-10.12.jar
magistuarmory	magistuarmory:diamond_bastardsword_blocking	epic-knights-1.21.1-neoforge-10.12.jar
magistuarmory	magistuarmory:diamond_buckler	epic-knights-1.21.1-neoforge-10.12.jar
magistuarmory	magistuarmory:diamond_buckler_blocking	epic-knights-1.21.1-neoforge-10.12.jar
magistuarmory	magistuarmory:diamond_chainmorgenstern	epic-knights-1.21.1-neoforge-10.12.jar
magistuarmory	magistuarmory:diamond_chivalrylance	epic-knights-1.21.1-neoforge-10.12.jar
magistuarmory	magistuarmory:diamond_chivalrylance_raised	epic-knights-1.21.1-neoforge-10.12.jar
magistuarmory	magistuarmory:diamond_claymore	epic-knights-1.21.1-neoforge-10.12.jar
magistuarmory	magistuarmory:diamond_claymore_blocking	epic-knights-1.21.1-neoforge-10.12.jar
magistuarmory	magistuarmory:diamond_concavehalberd	epic-knights-1.21.1-neoforge-10.12.jar
magistuarmory	magistuarmory:diamond_concavehalberd_blocking	epic-knights-1.21.1-neoforge-10.12.jar
magistuarmory	magistuarmory:diamond_ellipticalshield	epic-knights-1.21.1-neoforge-10.12.jar
magistuarmory	magistuarmory:diamond_ellipticalshield_blocking	epic-knights-1.21.1-neoforge-10.12.jar
magistuarmory	magistuarmory:diamond_estoc	epic-knights-1.21.1-neoforge-10.12.jar
magistuarmory	magistuarmory:diamond_estoc_blocking	epic-knights-1.21.1-neoforge-10.12.jar
magistuarmory	magistuarmory:diamond_flamebladedsword	epic-knights-1.21.1-neoforge-10.12.jar
magistuarmory	magistuarmory:diamond_flamebladedsword_blocking	epic-knights-1.21.1-neoforge-10.12.jar
magistuarmory	magistuarmory:diamond_guisarme	epic-knights-1.21.1-neoforge-10.12.jar
magistuarmory	magistuarmory:diamond_guisarme_blocking	epic-knights-1.21.1-neoforge-10.12.jar
magistuarmory	magistuarmory:diamond_heatershield	epic-knights-1.21.1-neoforge-10.12.jar
magistuarmory	magistuarmory:diamond_heatershield_blocking	epic-knights-1.21.1-neoforge-10.12.jar
magistuarmory	magistuarmory:diamond_heavymace	epic-knights-1.21.1-neoforge-10.12.jar
magistuarmory	magistuarmory:diamond_heavywarhammer	epic-knights-1.21.1-neoforge-10.12.jar
magistuarmory	magistuarmory:diamond_katzbalger	epic-knights-1.21.1-neoforge-10.12.jar
magistuarmory	magistuarmory:diamond_kiteshield	epic-knights-1.21.1-neoforge-10.12.jar
magistuarmory	magistuarmory:diamond_kiteshield_blocking	epic-knights-1.21.1-neoforge-10.12.jar
magistuarmory	magistuarmory:diamond_lochaberaxe	epic-knights-1.21.1-neoforge-10.12.jar
magistuarmory	magistuarmory:diamond_lochaberaxe_blocking	epic-knights-1.21.1-neoforge-10.12.jar
magistuarmory	magistuarmory:diamond_lucernhammer	epic-knights-1.21.1-neoforge-10.12.jar
magistuarmory	magistuarmory:diamond_morgenstern	epic-knights-1.21.1-neoforge-10.12.jar
magistuarmory	magistuarmory:diamond_pavese	epic-knights-1.21.1-neoforge-10.12.jar
magistuarmory	magistuarmory:diamond_pavese_blocking	epic-knights-1.21.1-neoforge-10.12.jar
magistuarmory	magistuarmory:diamond_pike	epic-knights-1.21.1-neoforge-10.12.jar
magistuarmory	magistuarmory:diamond_ranseur	epic-knights-1.21.1-neoforge-10.12.jar
magistuarmory	magistuarmory:diamond_ranseur_blocking	epic-knights-1.21.1-neoforge-10.12.jar
magistuarmory	magistuarmory:diamond_rondache	epic-knights-1.21.1-neoforge-10.12.jar
magistuarmory	magistuarmory:diamond_rondache_blocking	epic-knights-1.21.1-neoforge-10.12.jar
magistuarmory	magistuarmory:diamond_roundshield	epic-knights-1.21.1-neoforge-10.12.jar
magistuarmory	magistuarmory:diamond_roundshield_blocking	epic-knights-1.21.1-neoforge-10.12.jar
magistuarmory	magistuarmory:diamond_shortsword	epic-knights-1.21.1-neoforge-10.12.jar
magistuarmory	magistuarmory:diamond_stylet	epic-knights-1.21.1-neoforge-10.12.jar
magistuarmory	magistuarmory:diamond_target	epic-knights-1.21.1-neoforge-10.12.jar
magistuarmory	magistuarmory:diamond_target_blocking	epic-knights-1.21.1-neoforge-10.12.jar
magistuarmory	magistuarmory:diamond_tartsche	epic-knights-1.21.1-neoforge-10.12.jar
magistuarmory	magistuarmory:diamond_tartsche_blocking	epic-knights-1.21.1-neoforge-10.12.jar
magistuarmory	magistuarmory:diamond_zweihander	epic-knights-1.21.1-neoforge-10.12.jar
magistuarmory	magistuarmory:diamond_zweihander_blocking	epic-knights-1.21.1-neoforge-10.12.jar
magistuarmory	magistuarmory:dragon_decoration	epic-knights-1.21.1-neoforge-10.12.jar
magistuarmory	magistuarmory:dragon_pattern	epic-knights-1.21.1-neoforge-10.12.jar
magistuarmory	magistuarmory:duck_decoration	epic-knights-1.21.1-neoforge-10.12.jar
magistuarmory	magistuarmory:eagle_pattern	epic-knights-1.21.1-neoforge-10.12.jar
magistuarmory	magistuarmory:ecranche_decoration	epic-knights-1.21.1-neoforge-10.12.jar
magistuarmory	magistuarmory:ellipticalshield	epic-knights-1.21.1-neoforge-10.12.jar
magistuarmory	magistuarmory:ellipticalshield_blocking	epic-knights-1.21.1-neoforge-10.12.jar
magistuarmory	magistuarmory:face_helmet	epic-knights-1.21.1-neoforge-10.12.jar
magistuarmory	magistuarmory:feathers_decoration	epic-knights-1.21.1-neoforge-10.12.jar
magistuarmory	magistuarmory:flowercrown_decoration	epic-knights-1.21.1-neoforge-10.12.jar
magistuarmory	magistuarmory:gambeson_boots	epic-knights-1.21.1-neoforge-10.12.jar
magistuarmory	magistuarmory:gambeson_chestplate	epic-knights-1.21.1-neoforge-10.12.jar
magistuarmory	magistuarmory:gazelle_horns_decoration	epic-knights-1.21.1-neoforge-10.12.jar
magistuarmory	magistuarmory:gilding_template	epic-knights-1.21.1-neoforge-10.12.jar
magistuarmory	magistuarmory:gold_ahlspiess	epic-knights-1.21.1-neoforge-10.12.jar
magistuarmory	magistuarmory:gold_ahlspiess_blocking	epic-knights-1.21.1-neoforge-10.12.jar
magistuarmory	magistuarmory:gold_bastardsword	epic-knights-1.21.1-neoforge-10.12.jar
magistuarmory	magistuarmory:gold_bastardsword_blocking	epic-knights-1.21.1-neoforge-10.12.jar
magistuarmory	magistuarmory:gold_buckler	epic-knights-1.21.1-neoforge-10.12.jar
magistuarmory	magistuarmory:gold_buckler_blocking	epic-knights-1.21.1-neoforge-10.12.jar
magistuarmory	magistuarmory:gold_chainmorgenstern	epic-knights-1.21.1-neoforge-10.12.jar
magistuarmory	magistuarmory:gold_chivalrylance	epic-knights-1.21.1-neoforge-10.12.jar
magistuarmory	magistuarmory:gold_chivalrylance_raised	epic-knights-1.21.1-neoforge-10.12.jar
magistuarmory	magistuarmory:gold_claymore	epic-knights-1.21.1-neoforge-10.12.jar
magistuarmory	magistuarmory:gold_claymore_blocking	epic-knights-1.21.1-neoforge-10.12.jar
magistuarmory	magistuarmory:gold_concavehalberd	epic-knights-1.21.1-neoforge-10.12.jar
magistuarmory	magistuarmory:gold_concavehalberd_blocking	epic-knights-1.21.1-neoforge-10.12.jar
magistuarmory	magistuarmory:gold_ellipticalshield	epic-knights-1.21.1-neoforge-10.12.jar
magistuarmory	magistuarmory:gold_ellipticalshield_blocking	epic-knights-1.21.1-neoforge-10.12.jar
magistuarmory	magistuarmory:gold_estoc	epic-knights-1.21.1-neoforge-10.12.jar
magistuarmory	magistuarmory:gold_estoc_blocking	epic-knights-1.21.1-neoforge-10.12.jar
magistuarmory	magistuarmory:gold_flamebladedsword	epic-knights-1.21.1-neoforge-10.12.jar
magistuarmory	magistuarmory:gold_flamebladedsword_blocking	epic-knights-1.21.1-neoforge-10.12.jar
magistuarmory	magistuarmory:gold_guisarme	epic-knights-1.21.1-neoforge-10.12.jar
magistuarmory	magistuarmory:gold_guisarme_blocking	epic-knights-1.21.1-neoforge-10.12.jar
magistuarmory	magistuarmory:gold_heatershield	epic-knights-1.21.1-neoforge-10.12.jar
magistuarmory	magistuarmory:gold_heatershield_blocking	epic-knights-1.21.1-neoforge-10.12.jar
magistuarmory	magistuarmory:gold_heavymace	epic-knights-1.21.1-neoforge-10.12.jar
magistuarmory	magistuarmory:gold_heavywarhammer	epic-knights-1.21.1-neoforge-10.12.jar
magistuarmory	magistuarmory:gold_katzbalger	epic-knights-1.21.1-neoforge-10.12.jar
magistuarmory	magistuarmory:gold_kiteshield	epic-knights-1.21.1-neoforge-10.12.jar
magistuarmory	magistuarmory:gold_kiteshield_blocking	epic-knights-1.21.1-neoforge-10.12.jar
magistuarmory	magistuarmory:gold_lochaberaxe	epic-knights-1.21.1-neoforge-10.12.jar
magistuarmory	magistuarmory:gold_lochaberaxe_blocking	epic-knights-1.21.1-neoforge-10.12.jar
magistuarmory	magistuarmory:gold_lucernhammer	epic-knights-1.21.1-neoforge-10.12.jar
magistuarmory	magistuarmory:gold_morgenstern	epic-knights-1.21.1-neoforge-10.12.jar
magistuarmory	magistuarmory:gold_pavese	epic-knights-1.21.1-neoforge-10.12.jar
magistuarmory	magistuarmory:gold_pavese_blocking	epic-knights-1.21.1-neoforge-10.12.jar
magistuarmory	magistuarmory:gold_pike	epic-knights-1.21.1-neoforge-10.12.jar
magistuarmory	magistuarmory:gold_ranseur	epic-knights-1.21.1-neoforge-10.12.jar
magistuarmory	magistuarmory:gold_ranseur_blocking	epic-knights-1.21.1-neoforge-10.12.jar
magistuarmory	magistuarmory:gold_rondache	epic-knights-1.21.1-neoforge-10.12.jar
magistuarmory	magistuarmory:gold_rondache_blocking	epic-knights-1.21.1-neoforge-10.12.jar
magistuarmory	magistuarmory:gold_roundshield	epic-knights-1.21.1-neoforge-10.12.jar
magistuarmory	magistuarmory:gold_roundshield_blocking	epic-knights-1.21.1-neoforge-10.12.jar
magistuarmory	magistuarmory:gold_shortsword	epic-knights-1.21.1-neoforge-10.12.jar
magistuarmory	magistuarmory:gold_stylet	epic-knights-1.21.1-neoforge-10.12.jar
magistuarmory	magistuarmory:gold_target	epic-knights-1.21.1-neoforge-10.12.jar
magistuarmory	magistuarmory:gold_target_blocking	epic-knights-1.21.1-neoforge-10.12.jar
magistuarmory	magistuarmory:gold_tartsche	epic-knights-1.21.1-neoforge-10.12.jar
magistuarmory	magistuarmory:gold_tartsche_blocking	epic-knights-1.21.1-neoforge-10.12.jar
magistuarmory	magistuarmory:gold_zweihander	epic-knights-1.21.1-neoforge-10.12.jar
magistuarmory	magistuarmory:gold_zweihander_blocking	epic-knights-1.21.1-neoforge-10.12.jar
magistuarmory	magistuarmory:gothic_boots	epic-knights-1.21.1-neoforge-10.12.jar
magistuarmory	magistuarmory:gothic_chestplate	epic-knights-1.21.1-neoforge-10.12.jar
magistuarmory	magistuarmory:gothic_leggings	epic-knights-1.21.1-neoforge-10.12.jar
magistuarmory	magistuarmory:grand_bascinet	epic-knights-1.21.1-neoforge-10.12.jar
magistuarmory	magistuarmory:greathelm	epic-knights-1.21.1-neoforge-10.12.jar
magistuarmory	magistuarmory:griffin_decoration	epic-knights-1.21.1-neoforge-10.12.jar
magistuarmory	magistuarmory:halfarmor_chestplate	epic-knights-1.21.1-neoforge-10.12.jar
magistuarmory	magistuarmory:heatershield	epic-knights-1.21.1-neoforge-10.12.jar
magistuarmory	magistuarmory:heatershield_blocking	epic-knights-1.21.1-neoforge-10.12.jar
magistuarmory	magistuarmory:heavy_crossbow	epic-knights-1.21.1-neoforge-10.12.jar
magistuarmory	magistuarmory:heavy_crossbow_arrow	epic-knights-1.21.1-neoforge-10.12.jar
magistuarmory	magistuarmory:heavy_crossbow_firework	epic-knights-1.21.1-neoforge-10.12.jar
magistuarmory	magistuarmory:heavy_crossbow_pulling_0	epic-knights-1.21.1-neoforge-10.12.jar
magistuarmory	magistuarmory:heavy_crossbow_pulling_1	epic-knights-1.21.1-neoforge-10.12.jar
magistuarmory	magistuarmory:heavy_crossbow_pulling_2	epic-knights-1.21.1-neoforge-10.12.jar
magistuarmory	magistuarmory:hilt	epic-knights-1.21.1-neoforge-10.12.jar
magistuarmory	magistuarmory:hood_decoration	epic-knights-1.21.1-neoforge-10.12.jar
magistuarmory	magistuarmory:horse_decoration	epic-knights-1.21.1-neoforge-10.12.jar
magistuarmory	magistuarmory:horse_pattern	epic-knights-1.21.1-neoforge-10.12.jar
magistuarmory	magistuarmory:iron_ahlspiess	epic-knights-1.21.1-neoforge-10.12.jar
magistuarmory	magistuarmory:iron_ahlspiess_blocking	epic-knights-1.21.1-neoforge-10.12.jar
magistuarmory	magistuarmory:iron_bastardsword	epic-knights-1.21.1-neoforge-10.12.jar
magistuarmory	magistuarmory:iron_bastardsword_blocking	epic-knights-1.21.1-neoforge-10.12.jar
magistuarmory	magistuarmory:iron_buckler	epic-knights-1.21.1-neoforge-10.12.jar
magistuarmory	magistuarmory:iron_buckler_blocking	epic-knights-1.21.1-neoforge-10.12.jar
magistuarmory	magistuarmory:iron_chainmorgenstern	epic-knights-1.21.1-neoforge-10.12.jar
magistuarmory	magistuarmory:iron_chivalrylance	epic-knights-1.21.1-neoforge-10.12.jar
magistuarmory	magistuarmory:iron_chivalrylance_raised	epic-knights-1.21.1-neoforge-10.12.jar
magistuarmory	magistuarmory:iron_claymore	epic-knights-1.21.1-neoforge-10.12.jar
magistuarmory	magistuarmory:iron_claymore_blocking	epic-knights-1.21.1-neoforge-10.12.jar
magistuarmory	magistuarmory:iron_concavehalberd	epic-knights-1.21.1-neoforge-10.12.jar
magistuarmory	magistuarmory:iron_concavehalberd_blocking	epic-knights-1.21.1-neoforge-10.12.jar
magistuarmory	magistuarmory:iron_ellipticalshield	epic-knights-1.21.1-neoforge-10.12.jar
magistuarmory	magistuarmory:iron_ellipticalshield_blocking	epic-knights-1.21.1-neoforge-10.12.jar
magistuarmory	magistuarmory:iron_estoc	epic-knights-1.21.1-neoforge-10.12.jar
magistuarmory	magistuarmory:iron_estoc_blocking	epic-knights-1.21.1-neoforge-10.12.jar
magistuarmory	magistuarmory:iron_flamebladedsword	epic-knights-1.21.1-neoforge-10.12.jar
magistuarmory	magistuarmory:iron_flamebladedsword_blocking	epic-knights-1.21.1-neoforge-10.12.jar
magistuarmory	magistuarmory:iron_guisarme	epic-knights-1.21.1-neoforge-10.12.jar
magistuarmory	magistuarmory:iron_guisarme_blocking	epic-knights-1.21.1-neoforge-10.12.jar
magistuarmory	magistuarmory:iron_heatershield	epic-knights-1.21.1-neoforge-10.12.jar
magistuarmory	magistuarmory:iron_heatershield_blocking	epic-knights-1.21.1-neoforge-10.12.jar
magistuarmory	magistuarmory:iron_heavymace	epic-knights-1.21.1-neoforge-10.12.jar
magistuarmory	magistuarmory:iron_heavywarhammer	epic-knights-1.21.1-neoforge-10.12.jar
magistuarmory	magistuarmory:iron_katzbalger	epic-knights-1.21.1-neoforge-10.12.jar
magistuarmory	magistuarmory:iron_kiteshield	epic-knights-1.21.1-neoforge-10.12.jar
magistuarmory	magistuarmory:iron_kiteshield_blocking	epic-knights-1.21.1-neoforge-10.12.jar
magistuarmory	magistuarmory:iron_lochaberaxe	epic-knights-1.21.1-neoforge-10.12.jar
magistuarmory	magistuarmory:iron_lochaberaxe_blocking	epic-knights-1.21.1-neoforge-10.12.jar
magistuarmory	magistuarmory:iron_lucernhammer	epic-knights-1.21.1-neoforge-10.12.jar
magistuarmory	magistuarmory:iron_morgenstern	epic-knights-1.21.1-neoforge-10.12.jar
magistuarmory	magistuarmory:iron_pavese	epic-knights-1.21.1-neoforge-10.12.jar
magistuarmory	magistuarmory:iron_pavese_blocking	epic-knights-1.21.1-neoforge-10.12.jar
magistuarmory	magistuarmory:iron_pike	epic-knights-1.21.1-neoforge-10.12.jar
magistuarmory	magistuarmory:iron_ranseur	epic-knights-1.21.1-neoforge-10.12.jar
magistuarmory	magistuarmory:iron_ranseur_blocking	epic-knights-1.21.1-neoforge-10.12.jar
magistuarmory	magistuarmory:iron_rondache	epic-knights-1.21.1-neoforge-10.12.jar
magistuarmory	magistuarmory:iron_rondache_blocking	epic-knights-1.21.1-neoforge-10.12.jar
magistuarmory	magistuarmory:iron_roundshield	epic-knights-1.21.1-neoforge-10.12.jar
magistuarmory	magistuarmory:iron_roundshield_blocking	epic-knights-1.21.1-neoforge-10.12.jar
magistuarmory	magistuarmory:iron_shortsword	epic-knights-1.21.1-neoforge-10.12.jar
magistuarmory	magistuarmory:iron_stylet	epic-knights-1.21.1-neoforge-10.12.jar
magistuarmory	magistuarmory:iron_target	epic-knights-1.21.1-neoforge-10.12.jar
magistuarmory	magistuarmory:iron_target_blocking	epic-knights-1.21.1-neoforge-10.12.jar
magistuarmory	magistuarmory:iron_tartsche	epic-knights-1.21.1-neoforge-10.12.jar
magistuarmory	magistuarmory:iron_tartsche_blocking	epic-knights-1.21.1-neoforge-10.12.jar
magistuarmory	magistuarmory:iron_zweihander	epic-knights-1.21.1-neoforge-10.12.jar
magistuarmory	magistuarmory:iron_zweihander_blocking	epic-knights-1.21.1-neoforge-10.12.jar
magistuarmory	magistuarmory:jousting_boots	epic-knights-1.21.1-neoforge-10.12.jar
magistuarmory	magistuarmory:jousting_chestplate	epic-knights-1.21.1-neoforge-10.12.jar
magistuarmory	magistuarmory:jousting_leggings	epic-knights-1.21.1-neoforge-10.12.jar
magistuarmory	magistuarmory:kastenbrust_boots	epic-knights-1.21.1-neoforge-10.12.jar
magistuarmory	magistuarmory:kastenbrust_chestplate	epic-knights-1.21.1-neoforge-10.12.jar
magistuarmory	magistuarmory:kastenbrust_leggings	epic-knights-1.21.1-neoforge-10.12.jar
magistuarmory	magistuarmory:kettlehat	epic-knights-1.21.1-neoforge-10.12.jar
magistuarmory	magistuarmory:kiteshield	epic-knights-1.21.1-neoforge-10.12.jar
magistuarmory	magistuarmory:kiteshield_blocking	epic-knights-1.21.1-neoforge-10.12.jar
magistuarmory	magistuarmory:knight_boots	epic-knights-1.21.1-neoforge-10.12.jar
magistuarmory	magistuarmory:knight_chestplate	epic-knights-1.21.1-neoforge-10.12.jar
magistuarmory	magistuarmory:knight_leggings	epic-knights-1.21.1-neoforge-10.12.jar
magistuarmory	magistuarmory:lamellar_boots	epic-knights-1.21.1-neoforge-10.12.jar
magistuarmory	magistuarmory:lamellar_chestplate	epic-knights-1.21.1-neoforge-10.12.jar
magistuarmory	magistuarmory:lamellar_rows	epic-knights-1.21.1-neoforge-10.12.jar
magistuarmory	magistuarmory:leather_strip	epic-knights-1.21.1-neoforge-10.12.jar
magistuarmory	magistuarmory:lily_decoration	epic-knights-1.21.1-neoforge-10.12.jar
magistuarmory	magistuarmory:lily_pattern	epic-knights-1.21.1-neoforge-10.12.jar
magistuarmory	magistuarmory:lion_decoration	epic-knights-1.21.1-neoforge-10.12.jar
magistuarmory	magistuarmory:lion1_pattern	epic-knights-1.21.1-neoforge-10.12.jar
magistuarmory	magistuarmory:lion2_pattern	epic-knights-1.21.1-neoforge-10.12.jar
magistuarmory	magistuarmory:longbow	epic-knights-1.21.1-neoforge-10.12.jar
magistuarmory	magistuarmory:longbow_pulling_0	epic-knights-1.21.1-neoforge-10.12.jar
magistuarmory	magistuarmory:longbow_pulling_1	epic-knights-1.21.1-neoforge-10.12.jar
magistuarmory	magistuarmory:longbow_pulling_2	epic-knights-1.21.1-neoforge-10.12.jar
magistuarmory	magistuarmory:maximilian_boots	epic-knights-1.21.1-neoforge-10.12.jar
magistuarmory	magistuarmory:maximilian_chestplate	epic-knights-1.21.1-neoforge-10.12.jar
magistuarmory	magistuarmory:maximilian_helmet	epic-knights-1.21.1-neoforge-10.12.jar
magistuarmory	magistuarmory:maximilian_leggings	epic-knights-1.21.1-neoforge-10.12.jar
magistuarmory	magistuarmory:medieval_bag	epic-knights-1.21.1-neoforge-10.12.jar
magistuarmory	magistuarmory:messer_sword	epic-knights-1.21.1-neoforge-10.12.jar
magistuarmory	magistuarmory:messer_sword_blocking	epic-knights-1.21.1-neoforge-10.12.jar
magistuarmory	magistuarmory:minicrown_decoration	epic-knights-1.21.1-neoforge-10.12.jar
magistuarmory	magistuarmory:netherite_ahlspiess	epic-knights-1.21.1-neoforge-10.12.jar
magistuarmory	magistuarmory:netherite_ahlspiess_blocking	epic-knights-1.21.1-neoforge-10.12.jar
magistuarmory	magistuarmory:netherite_bastardsword	epic-knights-1.21.1-neoforge-10.12.jar
magistuarmory	magistuarmory:netherite_bastardsword_blocking	epic-knights-1.21.1-neoforge-10.12.jar
magistuarmory	magistuarmory:netherite_buckler	epic-knights-1.21.1-neoforge-10.12.jar
magistuarmory	magistuarmory:netherite_buckler_blocking	epic-knights-1.21.1-neoforge-10.12.jar
magistuarmory	magistuarmory:netherite_chainmorgenstern	epic-knights-1.21.1-neoforge-10.12.jar
magistuarmory	magistuarmory:netherite_chivalrylance	epic-knights-1.21.1-neoforge-10.12.jar
magistuarmory	magistuarmory:netherite_chivalrylance_raised	epic-knights-1.21.1-neoforge-10.12.jar
magistuarmory	magistuarmory:netherite_claymore	epic-knights-1.21.1-neoforge-10.12.jar
magistuarmory	magistuarmory:netherite_claymore_blocking	epic-knights-1.21.1-neoforge-10.12.jar
magistuarmory	magistuarmory:netherite_concavehalberd	epic-knights-1.21.1-neoforge-10.12.jar
magistuarmory	magistuarmory:netherite_concavehalberd_blocking	epic-knights-1.21.1-neoforge-10.12.jar
magistuarmory	magistuarmory:netherite_ellipticalshield	epic-knights-1.21.1-neoforge-10.12.jar
magistuarmory	magistuarmory:netherite_ellipticalshield_blocking	epic-knights-1.21.1-neoforge-10.12.jar
magistuarmory	magistuarmory:netherite_estoc	epic-knights-1.21.1-neoforge-10.12.jar
magistuarmory	magistuarmory:netherite_estoc_blocking	epic-knights-1.21.1-neoforge-10.12.jar
magistuarmory	magistuarmory:netherite_flamebladedsword	epic-knights-1.21.1-neoforge-10.12.jar
magistuarmory	magistuarmory:netherite_flamebladedsword_blocking	epic-knights-1.21.1-neoforge-10.12.jar
magistuarmory	magistuarmory:netherite_guisarme	epic-knights-1.21.1-neoforge-10.12.jar
magistuarmory	magistuarmory:netherite_guisarme_blocking	epic-knights-1.21.1-neoforge-10.12.jar
magistuarmory	magistuarmory:netherite_heatershield	epic-knights-1.21.1-neoforge-10.12.jar
magistuarmory	magistuarmory:netherite_heatershield_blocking	epic-knights-1.21.1-neoforge-10.12.jar
magistuarmory	magistuarmory:netherite_heavymace	epic-knights-1.21.1-neoforge-10.12.jar
magistuarmory	magistuarmory:netherite_heavywarhammer	epic-knights-1.21.1-neoforge-10.12.jar
magistuarmory	magistuarmory:netherite_katzbalger	epic-knights-1.21.1-neoforge-10.12.jar
magistuarmory	magistuarmory:netherite_kiteshield	epic-knights-1.21.1-neoforge-10.12.jar
magistuarmory	magistuarmory:netherite_kiteshield_blocking	epic-knights-1.21.1-neoforge-10.12.jar
magistuarmory	magistuarmory:netherite_lochaberaxe	epic-knights-1.21.1-neoforge-10.12.jar
magistuarmory	magistuarmory:netherite_lochaberaxe_blocking	epic-knights-1.21.1-neoforge-10.12.jar
magistuarmory	magistuarmory:netherite_lucernhammer	epic-knights-1.21.1-neoforge-10.12.jar
magistuarmory	magistuarmory:netherite_morgenstern	epic-knights-1.21.1-neoforge-10.12.jar
magistuarmory	magistuarmory:netherite_pavese	epic-knights-1.21.1-neoforge-10.12.jar
magistuarmory	magistuarmory:netherite_pavese_blocking	epic-knights-1.21.1-neoforge-10.12.jar
magistuarmory	magistuarmory:netherite_pike	epic-knights-1.21.1-neoforge-10.12.jar
magistuarmory	magistuarmory:netherite_ranseur	epic-knights-1.21.1-neoforge-10.12.jar
magistuarmory	magistuarmory:netherite_ranseur_blocking	epic-knights-1.21.1-neoforge-10.12.jar
magistuarmory	magistuarmory:netherite_rondache	epic-knights-1.21.1-neoforge-10.12.jar
magistuarmory	magistuarmory:netherite_rondache_blocking	epic-knights-1.21.1-neoforge-10.12.jar
magistuarmory	magistuarmory:netherite_roundshield	epic-knights-1.21.1-neoforge-10.12.jar
magistuarmory	magistuarmory:netherite_roundshield_blocking	epic-knights-1.21.1-neoforge-10.12.jar
magistuarmory	magistuarmory:netherite_shortsword	epic-knights-1.21.1-neoforge-10.12.jar
magistuarmory	magistuarmory:netherite_stylet	epic-knights-1.21.1-neoforge-10.12.jar
magistuarmory	magistuarmory:netherite_target	epic-knights-1.21.1-neoforge-10.12.jar
magistuarmory	magistuarmory:netherite_target_blocking	epic-knights-1.21.1-neoforge-10.12.jar
magistuarmory	magistuarmory:netherite_tartsche	epic-knights-1.21.1-neoforge-10.12.jar
magistuarmory	magistuarmory:netherite_tartsche_blocking	epic-knights-1.21.1-neoforge-10.12.jar
magistuarmory	magistuarmory:netherite_zweihander	epic-knights-1.21.1-neoforge-10.12.jar
magistuarmory	magistuarmory:netherite_zweihander_blocking	epic-knights-1.21.1-neoforge-10.12.jar
magistuarmory	magistuarmory:noble_sword	epic-knights-1.21.1-neoforge-10.12.jar
magistuarmory	magistuarmory:noble_sword_blocking	epic-knights-1.21.1-neoforge-10.12.jar
magistuarmory	magistuarmory:norman_helmet	epic-knights-1.21.1-neoforge-10.12.jar
magistuarmory	magistuarmory:orthodox_cross_pattern	epic-knights-1.21.1-neoforge-10.12.jar
magistuarmory	magistuarmory:pantyhose	epic-knights-1.21.1-neoforge-10.12.jar
magistuarmory	magistuarmory:pavese	epic-knights-1.21.1-neoforge-10.12.jar
magistuarmory	magistuarmory:pavese_blocking	epic-knights-1.21.1-neoforge-10.12.jar
magistuarmory	magistuarmory:pitchfork	epic-knights-1.21.1-neoforge-10.12.jar
magistuarmory	magistuarmory:platemail_boots	epic-knights-1.21.1-neoforge-10.12.jar
magistuarmory	magistuarmory:platemail_chestplate	epic-knights-1.21.1-neoforge-10.12.jar
magistuarmory	magistuarmory:platemail_leggings	epic-knights-1.21.1-neoforge-10.12.jar
magistuarmory	magistuarmory:plume_left_decoration	epic-knights-1.21.1-neoforge-10.12.jar
magistuarmory	magistuarmory:plume_middle_decoration	epic-knights-1.21.1-neoforge-10.12.jar
magistuarmory	magistuarmory:plume_right_decoration	epic-knights-1.21.1-neoforge-10.12.jar
magistuarmory	magistuarmory:pole	epic-knights-1.21.1-neoforge-10.12.jar
magistuarmory	magistuarmory:rondache	epic-knights-1.21.1-neoforge-10.12.jar
magistuarmory	magistuarmory:rondache_blocking	epic-knights-1.21.1-neoforge-10.12.jar
magistuarmory	magistuarmory:rondel_decoration	epic-knights-1.21.1-neoforge-10.12.jar
magistuarmory	magistuarmory:roundshield	epic-knights-1.21.1-neoforge-10.12.jar
magistuarmory	magistuarmory:roundshield_blocking	epic-knights-1.21.1-neoforge-10.12.jar
magistuarmory	magistuarmory:rusted_bastardsword	epic-knights-1.21.1-neoforge-10.12.jar
magistuarmory	magistuarmory:rusted_bastardsword_blocking	epic-knights-1.21.1-neoforge-10.12.jar
magistuarmory	magistuarmory:rusted_heavymace	epic-knights-1.21.1-neoforge-10.12.jar
magistuarmory	magistuarmory:rustedbarbute	epic-knights-1.21.1-neoforge-10.12.jar
magistuarmory	magistuarmory:rustedchainmail_boots	epic-knights-1.21.1-neoforge-10.12.jar
magistuarmory	magistuarmory:rustedchainmail_chestplate	epic-knights-1.21.1-neoforge-10.12.jar
magistuarmory	magistuarmory:rustedchainmail_helmet	epic-knights-1.21.1-neoforge-10.12.jar
magistuarmory	magistuarmory:rustedchainmail_leggings	epic-knights-1.21.1-neoforge-10.12.jar
magistuarmory	magistuarmory:rustedcrusader_boots	epic-knights-1.21.1-neoforge-10.12.jar
magistuarmory	magistuarmory:rustedcrusader_chestplate	epic-knights-1.21.1-neoforge-10.12.jar
magistuarmory	magistuarmory:rustedgreathelm	epic-knights-1.21.1-neoforge-10.12.jar
magistuarmory	magistuarmory:rustedhalfarmor_chestplate	epic-knights-1.21.1-neoforge-10.12.jar
magistuarmory	magistuarmory:rustedkettlehat	epic-knights-1.21.1-neoforge-10.12.jar
magistuarmory	magistuarmory:rustednorman_helmet	epic-knights-1.21.1-neoforge-10.12.jar
magistuarmory	magistuarmory:sallet	epic-knights-1.21.1-neoforge-10.12.jar
magistuarmory	magistuarmory:shishak	epic-knights-1.21.1-neoforge-10.12.jar
magistuarmory	magistuarmory:silver_ahlspiess	epic-knights-1.21.1-neoforge-10.12.jar
magistuarmory	magistuarmory:silver_ahlspiess_blocking	epic-knights-1.21.1-neoforge-10.12.jar
magistuarmory	magistuarmory:silver_bastardsword	epic-knights-1.21.1-neoforge-10.12.jar
magistuarmory	magistuarmory:silver_bastardsword_blocking	epic-knights-1.21.1-neoforge-10.12.jar
magistuarmory	magistuarmory:silver_buckler	epic-knights-1.21.1-neoforge-10.12.jar
magistuarmory	magistuarmory:silver_buckler_blocking	epic-knights-1.21.1-neoforge-10.12.jar
magistuarmory	magistuarmory:silver_chainmorgenstern	epic-knights-1.21.1-neoforge-10.12.jar
magistuarmory	magistuarmory:silver_chivalrylance	epic-knights-1.21.1-neoforge-10.12.jar
magistuarmory	magistuarmory:silver_chivalrylance_raised	epic-knights-1.21.1-neoforge-10.12.jar
magistuarmory	magistuarmory:silver_claymore	epic-knights-1.21.1-neoforge-10.12.jar
magistuarmory	magistuarmory:silver_claymore_blocking	epic-knights-1.21.1-neoforge-10.12.jar
magistuarmory	magistuarmory:silver_concavehalberd	epic-knights-1.21.1-neoforge-10.12.jar
magistuarmory	magistuarmory:silver_concavehalberd_blocking	epic-knights-1.21.1-neoforge-10.12.jar
magistuarmory	magistuarmory:silver_ellipticalshield	epic-knights-1.21.1-neoforge-10.12.jar
magistuarmory	magistuarmory:silver_ellipticalshield_blocking	epic-knights-1.21.1-neoforge-10.12.jar
magistuarmory	magistuarmory:silver_estoc	epic-knights-1.21.1-neoforge-10.12.jar
magistuarmory	magistuarmory:silver_estoc_blocking	epic-knights-1.21.1-neoforge-10.12.jar
magistuarmory	magistuarmory:silver_flamebladedsword	epic-knights-1.21.1-neoforge-10.12.jar
magistuarmory	magistuarmory:silver_flamebladedsword_blocking	epic-knights-1.21.1-neoforge-10.12.jar
magistuarmory	magistuarmory:silver_guisarme	epic-knights-1.21.1-neoforge-10.12.jar
magistuarmory	magistuarmory:silver_guisarme_blocking	epic-knights-1.21.1-neoforge-10.12.jar
magistuarmory	magistuarmory:silver_heatershield	epic-knights-1.21.1-neoforge-10.12.jar
magistuarmory	magistuarmory:silver_heatershield_blocking	epic-knights-1.21.1-neoforge-10.12.jar
magistuarmory	magistuarmory:silver_heavymace	epic-knights-1.21.1-neoforge-10.12.jar
magistuarmory	magistuarmory:silver_heavywarhammer	epic-knights-1.21.1-neoforge-10.12.jar
magistuarmory	magistuarmory:silver_ingot	epic-knights-1.21.1-neoforge-10.12.jar
magistuarmory	magistuarmory:silver_katzbalger	epic-knights-1.21.1-neoforge-10.12.jar
magistuarmory	magistuarmory:silver_kiteshield	epic-knights-1.21.1-neoforge-10.12.jar
magistuarmory	magistuarmory:silver_kiteshield_blocking	epic-knights-1.21.1-neoforge-10.12.jar
magistuarmory	magistuarmory:silver_lochaberaxe	epic-knights-1.21.1-neoforge-10.12.jar
magistuarmory	magistuarmory:silver_lochaberaxe_blocking	epic-knights-1.21.1-neoforge-10.12.jar
magistuarmory	magistuarmory:silver_lucernhammer	epic-knights-1.21.1-neoforge-10.12.jar
magistuarmory	magistuarmory:silver_morgenstern	epic-knights-1.21.1-neoforge-10.12.jar
magistuarmory	magistuarmory:silver_pavese	epic-knights-1.21.1-neoforge-10.12.jar
magistuarmory	magistuarmory:silver_pavese_blocking	epic-knights-1.21.1-neoforge-10.12.jar
magistuarmory	magistuarmory:silver_pike	epic-knights-1.21.1-neoforge-10.12.jar
magistuarmory	magistuarmory:silver_ranseur	epic-knights-1.21.1-neoforge-10.12.jar
magistuarmory	magistuarmory:silver_ranseur_blocking	epic-knights-1.21.1-neoforge-10.12.jar
magistuarmory	magistuarmory:silver_rondache	epic-knights-1.21.1-neoforge-10.12.jar
magistuarmory	magistuarmory:silver_rondache_blocking	epic-knights-1.21.1-neoforge-10.12.jar
magistuarmory	magistuarmory:silver_roundshield	epic-knights-1.21.1-neoforge-10.12.jar
magistuarmory	magistuarmory:silver_roundshield_blocking	epic-knights-1.21.1-neoforge-10.12.jar
magistuarmory	magistuarmory:silver_shortsword	epic-knights-1.21.1-neoforge-10.12.jar
magistuarmory	magistuarmory:silver_stylet	epic-knights-1.21.1-neoforge-10.12.jar
magistuarmory	magistuarmory:silver_target	epic-knights-1.21.1-neoforge-10.12.jar
magistuarmory	magistuarmory:silver_target_blocking	epic-knights-1.21.1-neoforge-10.12.jar
magistuarmory	magistuarmory:silver_tartsche	epic-knights-1.21.1-neoforge-10.12.jar
magistuarmory	magistuarmory:silver_tartsche_blocking	epic-knights-1.21.1-neoforge-10.12.jar
magistuarmory	magistuarmory:silver_zweihander	epic-knights-1.21.1-neoforge-10.12.jar
magistuarmory	magistuarmory:silver_zweihander_blocking	epic-knights-1.21.1-neoforge-10.12.jar
magistuarmory	magistuarmory:small_steel_plate	epic-knights-1.21.1-neoforge-10.12.jar
magistuarmory	magistuarmory:snake_pattern	epic-knights-1.21.1-neoforge-10.12.jar
magistuarmory	magistuarmory:spike_decoration	epic-knights-1.21.1-neoforge-10.12.jar
magistuarmory	magistuarmory:standard	epic-knights-1.21.1-neoforge-10.12.jar
magistuarmory	magistuarmory:stechhelm	epic-knights-1.21.1-neoforge-10.12.jar
magistuarmory	magistuarmory:steel_ahlspiess	epic-knights-1.21.1-neoforge-10.12.jar
magistuarmory	magistuarmory:steel_ahlspiess_blocking	epic-knights-1.21.1-neoforge-10.12.jar
magistuarmory	magistuarmory:steel_bastardsword	epic-knights-1.21.1-neoforge-10.12.jar
magistuarmory	magistuarmory:steel_bastardsword_blocking	epic-knights-1.21.1-neoforge-10.12.jar
magistuarmory	magistuarmory:steel_buckler	epic-knights-1.21.1-neoforge-10.12.jar
magistuarmory	magistuarmory:steel_buckler_blocking	epic-knights-1.21.1-neoforge-10.12.jar
magistuarmory	magistuarmory:steel_chain	epic-knights-1.21.1-neoforge-10.12.jar
magistuarmory	magistuarmory:steel_chainmail	epic-knights-1.21.1-neoforge-10.12.jar
magistuarmory	magistuarmory:steel_chainmorgenstern	epic-knights-1.21.1-neoforge-10.12.jar
magistuarmory	magistuarmory:steel_chivalrylance	epic-knights-1.21.1-neoforge-10.12.jar
magistuarmory	magistuarmory:steel_chivalrylance_raised	epic-knights-1.21.1-neoforge-10.12.jar
magistuarmory	magistuarmory:steel_claymore	epic-knights-1.21.1-neoforge-10.12.jar
magistuarmory	magistuarmory:steel_claymore_blocking	epic-knights-1.21.1-neoforge-10.12.jar
magistuarmory	magistuarmory:steel_concavehalberd	epic-knights-1.21.1-neoforge-10.12.jar
magistuarmory	magistuarmory:steel_concavehalberd_blocking	epic-knights-1.21.1-neoforge-10.12.jar
magistuarmory	magistuarmory:steel_ellipticalshield	epic-knights-1.21.1-neoforge-10.12.jar
magistuarmory	magistuarmory:steel_ellipticalshield_blocking	epic-knights-1.21.1-neoforge-10.12.jar
magistuarmory	magistuarmory:steel_estoc	epic-knights-1.21.1-neoforge-10.12.jar
magistuarmory	magistuarmory:steel_estoc_blocking	epic-knights-1.21.1-neoforge-10.12.jar
magistuarmory	magistuarmory:steel_flamebladedsword	epic-knights-1.21.1-neoforge-10.12.jar
magistuarmory	magistuarmory:steel_flamebladedsword_blocking	epic-knights-1.21.1-neoforge-10.12.jar
magistuarmory	magistuarmory:steel_guisarme	epic-knights-1.21.1-neoforge-10.12.jar
magistuarmory	magistuarmory:steel_guisarme_blocking	epic-knights-1.21.1-neoforge-10.12.jar
magistuarmory	magistuarmory:steel_heatershield	epic-knights-1.21.1-neoforge-10.12.jar
magistuarmory	magistuarmory:steel_heatershield_blocking	epic-knights-1.21.1-neoforge-10.12.jar
magistuarmory	magistuarmory:steel_heavymace	epic-knights-1.21.1-neoforge-10.12.jar
magistuarmory	magistuarmory:steel_heavywarhammer	epic-knights-1.21.1-neoforge-10.12.jar
magistuarmory	magistuarmory:steel_ingot	epic-knights-1.21.1-neoforge-10.12.jar
magistuarmory	magistuarmory:steel_katzbalger	epic-knights-1.21.1-neoforge-10.12.jar
magistuarmory	magistuarmory:steel_kiteshield	epic-knights-1.21.1-neoforge-10.12.jar
magistuarmory	magistuarmory:steel_kiteshield_blocking	epic-knights-1.21.1-neoforge-10.12.jar
magistuarmory	magistuarmory:steel_lochaberaxe	epic-knights-1.21.1-neoforge-10.12.jar
magistuarmory	magistuarmory:steel_lochaberaxe_blocking	epic-knights-1.21.1-neoforge-10.12.jar
magistuarmory	magistuarmory:steel_lucernhammer	epic-knights-1.21.1-neoforge-10.12.jar
magistuarmory	magistuarmory:steel_morgenstern	epic-knights-1.21.1-neoforge-10.12.jar
magistuarmory	magistuarmory:steel_nugget	epic-knights-1.21.1-neoforge-10.12.jar
magistuarmory	magistuarmory:steel_pavese	epic-knights-1.21.1-neoforge-10.12.jar
magistuarmory	magistuarmory:steel_pavese_blocking	epic-knights-1.21.1-neoforge-10.12.jar
magistuarmory	magistuarmory:steel_pike	epic-knights-1.21.1-neoforge-10.12.jar
magistuarmory	magistuarmory:steel_plate	epic-knights-1.21.1-neoforge-10.12.jar
magistuarmory	magistuarmory:steel_ranseur	epic-knights-1.21.1-neoforge-10.12.jar
magistuarmory	magistuarmory:steel_ranseur_blocking	epic-knights-1.21.1-neoforge-10.12.jar
magistuarmory	magistuarmory:steel_ring	epic-knights-1.21.1-neoforge-10.12.jar
magistuarmory	magistuarmory:steel_rondache	epic-knights-1.21.1-neoforge-10.12.jar
magistuarmory	magistuarmory:steel_rondache_blocking	epic-knights-1.21.1-neoforge-10.12.jar
magistuarmory	magistuarmory:steel_roundshield	epic-knights-1.21.1-neoforge-10.12.jar
magistuarmory	magistuarmory:steel_roundshield_blocking	epic-knights-1.21.1-neoforge-10.12.jar
magistuarmory	magistuarmory:steel_shortsword	epic-knights-1.21.1-neoforge-10.12.jar
magistuarmory	magistuarmory:steel_stylet	epic-knights-1.21.1-neoforge-10.12.jar
magistuarmory	magistuarmory:steel_target	epic-knights-1.21.1-neoforge-10.12.jar
magistuarmory	magistuarmory:steel_target_blocking	epic-knights-1.21.1-neoforge-10.12.jar
magistuarmory	magistuarmory:steel_tartsche	epic-knights-1.21.1-neoforge-10.12.jar
magistuarmory	magistuarmory:steel_tartsche_blocking	epic-knights-1.21.1-neoforge-10.12.jar
magistuarmory	magistuarmory:steel_zweihander	epic-knights-1.21.1-neoforge-10.12.jar
magistuarmory	magistuarmory:steel_zweihander_blocking	epic-knights-1.21.1-neoforge-10.12.jar
magistuarmory	magistuarmory:stone_ahlspiess	epic-knights-1.21.1-neoforge-10.12.jar
magistuarmory	magistuarmory:stone_ahlspiess_blocking	epic-knights-1.21.1-neoforge-10.12.jar
magistuarmory	magistuarmory:stone_bastardsword	epic-knights-1.21.1-neoforge-10.12.jar
magistuarmory	magistuarmory:stone_bastardsword_blocking	epic-knights-1.21.1-neoforge-10.12.jar
magistuarmory	magistuarmory:stone_buckler	epic-knights-1.21.1-neoforge-10.12.jar
magistuarmory	magistuarmory:stone_buckler_blocking	epic-knights-1.21.1-neoforge-10.12.jar
magistuarmory	magistuarmory:stone_chainmorgenstern	epic-knights-1.21.1-neoforge-10.12.jar
magistuarmory	magistuarmory:stone_chivalrylance	epic-knights-1.21.1-neoforge-10.12.jar
magistuarmory	magistuarmory:stone_chivalrylance_raised	epic-knights-1.21.1-neoforge-10.12.jar
magistuarmory	magistuarmory:stone_claymore	epic-knights-1.21.1-neoforge-10.12.jar
magistuarmory	magistuarmory:stone_claymore_blocking	epic-knights-1.21.1-neoforge-10.12.jar
magistuarmory	magistuarmory:stone_concavehalberd	epic-knights-1.21.1-neoforge-10.12.jar
magistuarmory	magistuarmory:stone_concavehalberd_blocking	epic-knights-1.21.1-neoforge-10.12.jar
magistuarmory	magistuarmory:stone_ellipticalshield	epic-knights-1.21.1-neoforge-10.12.jar
magistuarmory	magistuarmory:stone_ellipticalshield_blocking	epic-knights-1.21.1-neoforge-10.12.jar
magistuarmory	magistuarmory:stone_estoc	epic-knights-1.21.1-neoforge-10.12.jar
magistuarmory	magistuarmory:stone_estoc_blocking	epic-knights-1.21.1-neoforge-10.12.jar
magistuarmory	magistuarmory:stone_flamebladedsword	epic-knights-1.21.1-neoforge-10.12.jar
magistuarmory	magistuarmory:stone_flamebladedsword_blocking	epic-knights-1.21.1-neoforge-10.12.jar
magistuarmory	magistuarmory:stone_guisarme	epic-knights-1.21.1-neoforge-10.12.jar
magistuarmory	magistuarmory:stone_guisarme_blocking	epic-knights-1.21.1-neoforge-10.12.jar
magistuarmory	magistuarmory:stone_heatershield	epic-knights-1.21.1-neoforge-10.12.jar
magistuarmory	magistuarmory:stone_heatershield_blocking	epic-knights-1.21.1-neoforge-10.12.jar
magistuarmory	magistuarmory:stone_heavymace	epic-knights-1.21.1-neoforge-10.12.jar
magistuarmory	magistuarmory:stone_heavywarhammer	epic-knights-1.21.1-neoforge-10.12.jar
magistuarmory	magistuarmory:stone_katzbalger	epic-knights-1.21.1-neoforge-10.12.jar
magistuarmory	magistuarmory:stone_kiteshield	epic-knights-1.21.1-neoforge-10.12.jar
magistuarmory	magistuarmory:stone_kiteshield_blocking	epic-knights-1.21.1-neoforge-10.12.jar
magistuarmory	magistuarmory:stone_lochaberaxe	epic-knights-1.21.1-neoforge-10.12.jar
magistuarmory	magistuarmory:stone_lochaberaxe_blocking	epic-knights-1.21.1-neoforge-10.12.jar
magistuarmory	magistuarmory:stone_lucernhammer	epic-knights-1.21.1-neoforge-10.12.jar
magistuarmory	magistuarmory:stone_morgenstern	epic-knights-1.21.1-neoforge-10.12.jar
magistuarmory	magistuarmory:stone_pavese	epic-knights-1.21.1-neoforge-10.12.jar
magistuarmory	magistuarmory:stone_pavese_blocking	epic-knights-1.21.1-neoforge-10.12.jar
magistuarmory	magistuarmory:stone_pike	epic-knights-1.21.1-neoforge-10.12.jar
magistuarmory	magistuarmory:stone_ranseur	epic-knights-1.21.1-neoforge-10.12.jar
magistuarmory	magistuarmory:stone_ranseur_blocking	epic-knights-1.21.1-neoforge-10.12.jar
magistuarmory	magistuarmory:stone_rondache	epic-knights-1.21.1-neoforge-10.12.jar
magistuarmory	magistuarmory:stone_rondache_blocking	epic-knights-1.21.1-neoforge-10.12.jar
magistuarmory	magistuarmory:stone_roundshield	epic-knights-1.21.1-neoforge-10.12.jar
magistuarmory	magistuarmory:stone_roundshield_blocking	epic-knights-1.21.1-neoforge-10.12.jar
magistuarmory	magistuarmory:stone_shortsword	epic-knights-1.21.1-neoforge-10.12.jar
magistuarmory	magistuarmory:stone_stylet	epic-knights-1.21.1-neoforge-10.12.jar
magistuarmory	magistuarmory:stone_target	epic-knights-1.21.1-neoforge-10.12.jar
magistuarmory	magistuarmory:stone_target_blocking	epic-knights-1.21.1-neoforge-10.12.jar
magistuarmory	magistuarmory:stone_tartsche	epic-knights-1.21.1-neoforge-10.12.jar
magistuarmory	magistuarmory:stone_tartsche_blocking	epic-knights-1.21.1-neoforge-10.12.jar
magistuarmory	magistuarmory:stone_zweihander	epic-knights-1.21.1-neoforge-10.12.jar
magistuarmory	magistuarmory:stone_zweihander_blocking	epic-knights-1.21.1-neoforge-10.12.jar
magistuarmory	magistuarmory:sun_pattern	epic-knights-1.21.1-neoforge-10.12.jar
magistuarmory	magistuarmory:swords_pattern	epic-knights-1.21.1-neoforge-10.12.jar
magistuarmory	magistuarmory:target	epic-knights-1.21.1-neoforge-10.12.jar
magistuarmory	magistuarmory:target_blocking	epic-knights-1.21.1-neoforge-10.12.jar
magistuarmory	magistuarmory:tartsche	epic-knights-1.21.1-neoforge-10.12.jar
magistuarmory	magistuarmory:tartsche_blocking	epic-knights-1.21.1-neoforge-10.12.jar
magistuarmory	magistuarmory:tin_ahlspiess	epic-knights-1.21.1-neoforge-10.12.jar
magistuarmory	magistuarmory:tin_ahlspiess_blocking	epic-knights-1.21.1-neoforge-10.12.jar
magistuarmory	magistuarmory:tin_bastardsword	epic-knights-1.21.1-neoforge-10.12.jar
magistuarmory	magistuarmory:tin_bastardsword_blocking	epic-knights-1.21.1-neoforge-10.12.jar
magistuarmory	magistuarmory:tin_buckler	epic-knights-1.21.1-neoforge-10.12.jar
magistuarmory	magistuarmory:tin_buckler_blocking	epic-knights-1.21.1-neoforge-10.12.jar
magistuarmory	magistuarmory:tin_chainmorgenstern	epic-knights-1.21.1-neoforge-10.12.jar
magistuarmory	magistuarmory:tin_chivalrylance	epic-knights-1.21.1-neoforge-10.12.jar
magistuarmory	magistuarmory:tin_chivalrylance_raised	epic-knights-1.21.1-neoforge-10.12.jar
magistuarmory	magistuarmory:tin_claymore	epic-knights-1.21.1-neoforge-10.12.jar
magistuarmory	magistuarmory:tin_claymore_blocking	epic-knights-1.21.1-neoforge-10.12.jar
magistuarmory	magistuarmory:tin_concavehalberd	epic-knights-1.21.1-neoforge-10.12.jar
magistuarmory	magistuarmory:tin_concavehalberd_blocking	epic-knights-1.21.1-neoforge-10.12.jar
magistuarmory	magistuarmory:tin_ellipticalshield	epic-knights-1.21.1-neoforge-10.12.jar
magistuarmory	magistuarmory:tin_ellipticalshield_blocking	epic-knights-1.21.1-neoforge-10.12.jar
magistuarmory	magistuarmory:tin_estoc	epic-knights-1.21.1-neoforge-10.12.jar
magistuarmory	magistuarmory:tin_estoc_blocking	epic-knights-1.21.1-neoforge-10.12.jar
magistuarmory	magistuarmory:tin_flamebladedsword	epic-knights-1.21.1-neoforge-10.12.jar
magistuarmory	magistuarmory:tin_flamebladedsword_blocking	epic-knights-1.21.1-neoforge-10.12.jar
magistuarmory	magistuarmory:tin_guisarme	epic-knights-1.21.1-neoforge-10.12.jar
magistuarmory	magistuarmory:tin_guisarme_blocking	epic-knights-1.21.1-neoforge-10.12.jar
magistuarmory	magistuarmory:tin_heatershield	epic-knights-1.21.1-neoforge-10.12.jar
magistuarmory	magistuarmory:tin_heatershield_blocking	epic-knights-1.21.1-neoforge-10.12.jar
magistuarmory	magistuarmory:tin_heavymace	epic-knights-1.21.1-neoforge-10.12.jar
magistuarmory	magistuarmory:tin_heavywarhammer	epic-knights-1.21.1-neoforge-10.12.jar
magistuarmory	magistuarmory:tin_ingot	epic-knights-1.21.1-neoforge-10.12.jar
magistuarmory	magistuarmory:tin_katzbalger	epic-knights-1.21.1-neoforge-10.12.jar
magistuarmory	magistuarmory:tin_kiteshield	epic-knights-1.21.1-neoforge-10.12.jar
magistuarmory	magistuarmory:tin_kiteshield_blocking	epic-knights-1.21.1-neoforge-10.12.jar
magistuarmory	magistuarmory:tin_lochaberaxe	epic-knights-1.21.1-neoforge-10.12.jar
magistuarmory	magistuarmory:tin_lochaberaxe_blocking	epic-knights-1.21.1-neoforge-10.12.jar
magistuarmory	magistuarmory:tin_lucernhammer	epic-knights-1.21.1-neoforge-10.12.jar
magistuarmory	magistuarmory:tin_morgenstern	epic-knights-1.21.1-neoforge-10.12.jar
magistuarmory	magistuarmory:tin_pavese	epic-knights-1.21.1-neoforge-10.12.jar
magistuarmory	magistuarmory:tin_pavese_blocking	epic-knights-1.21.1-neoforge-10.12.jar
magistuarmory	magistuarmory:tin_pike	epic-knights-1.21.1-neoforge-10.12.jar
magistuarmory	magistuarmory:tin_ranseur	epic-knights-1.21.1-neoforge-10.12.jar
magistuarmory	magistuarmory:tin_ranseur_blocking	epic-knights-1.21.1-neoforge-10.12.jar
magistuarmory	magistuarmory:tin_rondache	epic-knights-1.21.1-neoforge-10.12.jar
magistuarmory	magistuarmory:tin_rondache_blocking	epic-knights-1.21.1-neoforge-10.12.jar
magistuarmory	magistuarmory:tin_roundshield	epic-knights-1.21.1-neoforge-10.12.jar
magistuarmory	magistuarmory:tin_roundshield_blocking	epic-knights-1.21.1-neoforge-10.12.jar
magistuarmory	magistuarmory:tin_shortsword	epic-knights-1.21.1-neoforge-10.12.jar
magistuarmory	magistuarmory:tin_stylet	epic-knights-1.21.1-neoforge-10.12.jar
magistuarmory	magistuarmory:tin_target	epic-knights-1.21.1-neoforge-10.12.jar
magistuarmory	magistuarmory:tin_target_blocking	epic-knights-1.21.1-neoforge-10.12.jar
magistuarmory	magistuarmory:tin_tartsche	epic-knights-1.21.1-neoforge-10.12.jar
magistuarmory	magistuarmory:tin_tartsche_blocking	epic-knights-1.21.1-neoforge-10.12.jar
magistuarmory	magistuarmory:tin_zweihander	epic-knights-1.21.1-neoforge-10.12.jar
magistuarmory	magistuarmory:tin_zweihander_blocking	epic-knights-1.21.1-neoforge-10.12.jar
magistuarmory	magistuarmory:torse_and_mantle_decoration	epic-knights-1.21.1-neoforge-10.12.jar
magistuarmory	magistuarmory:torse_decoration	epic-knights-1.21.1-neoforge-10.12.jar
magistuarmory	magistuarmory:tower_pattern	epic-knights-1.21.1-neoforge-10.12.jar
magistuarmory	magistuarmory:tree_pattern	epic-knights-1.21.1-neoforge-10.12.jar
magistuarmory	magistuarmory:two_headed_eagle_pattern	epic-knights-1.21.1-neoforge-10.12.jar
magistuarmory	magistuarmory:two_plumes_decoration	epic-knights-1.21.1-neoforge-10.12.jar
magistuarmory	magistuarmory:unicorn_decoration	epic-knights-1.21.1-neoforge-10.12.jar
magistuarmory	magistuarmory:viking_horns_decoration	epic-knights-1.21.1-neoforge-10.12.jar
magistuarmory	magistuarmory:wingedhussar_chestplate	epic-knights-1.21.1-neoforge-10.12.jar
magistuarmory	magistuarmory:wood_ahlspiess	epic-knights-1.21.1-neoforge-10.12.jar
magistuarmory	magistuarmory:wood_ahlspiess_blocking	epic-knights-1.21.1-neoforge-10.12.jar
magistuarmory	magistuarmory:wood_bastardsword	epic-knights-1.21.1-neoforge-10.12.jar
magistuarmory	magistuarmory:wood_bastardsword_blocking	epic-knights-1.21.1-neoforge-10.12.jar
magistuarmory	magistuarmory:wood_buckler	epic-knights-1.21.1-neoforge-10.12.jar
magistuarmory	magistuarmory:wood_buckler_blocking	epic-knights-1.21.1-neoforge-10.12.jar
magistuarmory	magistuarmory:wood_chainmorgenstern	epic-knights-1.21.1-neoforge-10.12.jar
magistuarmory	magistuarmory:wood_chivalrylance	epic-knights-1.21.1-neoforge-10.12.jar
magistuarmory	magistuarmory:wood_chivalrylance_raised	epic-knights-1.21.1-neoforge-10.12.jar
magistuarmory	magistuarmory:wood_claymore	epic-knights-1.21.1-neoforge-10.12.jar
magistuarmory	magistuarmory:wood_claymore_blocking	epic-knights-1.21.1-neoforge-10.12.jar
magistuarmory	magistuarmory:wood_concavehalberd	epic-knights-1.21.1-neoforge-10.12.jar
magistuarmory	magistuarmory:wood_concavehalberd_blocking	epic-knights-1.21.1-neoforge-10.12.jar
magistuarmory	magistuarmory:wood_ellipticalshield	epic-knights-1.21.1-neoforge-10.12.jar
magistuarmory	magistuarmory:wood_ellipticalshield_blocking	epic-knights-1.21.1-neoforge-10.12.jar
magistuarmory	magistuarmory:wood_estoc	epic-knights-1.21.1-neoforge-10.12.jar
magistuarmory	magistuarmory:wood_estoc_blocking	epic-knights-1.21.1-neoforge-10.12.jar
magistuarmory	magistuarmory:wood_flamebladedsword	epic-knights-1.21.1-neoforge-10.12.jar
magistuarmory	magistuarmory:wood_flamebladedsword_blocking	epic-knights-1.21.1-neoforge-10.12.jar
magistuarmory	magistuarmory:wood_guisarme	epic-knights-1.21.1-neoforge-10.12.jar
magistuarmory	magistuarmory:wood_guisarme_blocking	epic-knights-1.21.1-neoforge-10.12.jar
magistuarmory	magistuarmory:wood_heatershield	epic-knights-1.21.1-neoforge-10.12.jar
magistuarmory	magistuarmory:wood_heatershield_blocking	epic-knights-1.21.1-neoforge-10.12.jar
magistuarmory	magistuarmory:wood_heavymace	epic-knights-1.21.1-neoforge-10.12.jar
magistuarmory	magistuarmory:wood_heavywarhammer	epic-knights-1.21.1-neoforge-10.12.jar
magistuarmory	magistuarmory:wood_katzbalger	epic-knights-1.21.1-neoforge-10.12.jar
magistuarmory	magistuarmory:wood_kiteshield	epic-knights-1.21.1-neoforge-10.12.jar
magistuarmory	magistuarmory:wood_kiteshield_blocking	epic-knights-1.21.1-neoforge-10.12.jar
magistuarmory	magistuarmory:wood_lochaberaxe	epic-knights-1.21.1-neoforge-10.12.jar
magistuarmory	magistuarmory:wood_lochaberaxe_blocking	epic-knights-1.21.1-neoforge-10.12.jar
magistuarmory	magistuarmory:wood_lucernhammer	epic-knights-1.21.1-neoforge-10.12.jar
magistuarmory	magistuarmory:wood_morgenstern	epic-knights-1.21.1-neoforge-10.12.jar
magistuarmory	magistuarmory:wood_pavese	epic-knights-1.21.1-neoforge-10.12.jar
magistuarmory	magistuarmory:wood_pavese_blocking	epic-knights-1.21.1-neoforge-10.12.jar
magistuarmory	magistuarmory:wood_pike	epic-knights-1.21.1-neoforge-10.12.jar
magistuarmory	magistuarmory:wood_ranseur	epic-knights-1.21.1-neoforge-10.12.jar
magistuarmory	magistuarmory:wood_ranseur_blocking	epic-knights-1.21.1-neoforge-10.12.jar
magistuarmory	magistuarmory:wood_rondache	epic-knights-1.21.1-neoforge-10.12.jar
magistuarmory	magistuarmory:wood_rondache_blocking	epic-knights-1.21.1-neoforge-10.12.jar
magistuarmory	magistuarmory:wood_roundshield	epic-knights-1.21.1-neoforge-10.12.jar
magistuarmory	magistuarmory:wood_roundshield_blocking	epic-knights-1.21.1-neoforge-10.12.jar
magistuarmory	magistuarmory:wood_shortsword	epic-knights-1.21.1-neoforge-10.12.jar
magistuarmory	magistuarmory:wood_stylet	epic-knights-1.21.1-neoforge-10.12.jar
magistuarmory	magistuarmory:wood_target	epic-knights-1.21.1-neoforge-10.12.jar
magistuarmory	magistuarmory:wood_target_blocking	epic-knights-1.21.1-neoforge-10.12.jar
magistuarmory	magistuarmory:wood_tartsche	epic-knights-1.21.1-neoforge-10.12.jar
magistuarmory	magistuarmory:wood_tartsche_blocking	epic-knights-1.21.1-neoforge-10.12.jar
magistuarmory	magistuarmory:wood_zweihander	epic-knights-1.21.1-neoforge-10.12.jar
magistuarmory	magistuarmory:wood_zweihander_blocking	epic-knights-1.21.1-neoforge-10.12.jar
magistuarmory	magistuarmory:woolen_fabric	epic-knights-1.21.1-neoforge-10.12.jar
magistuarmory	magistuarmory:xivcenturyknight_boots	epic-knights-1.21.1-neoforge-10.12.jar
magistuarmory	magistuarmory:xivcenturyknight_chestplate	epic-knights-1.21.1-neoforge-10.12.jar
magistuarmory	magistuarmory:xivcenturyknight_leggings	epic-knights-1.21.1-neoforge-10.12.jar
magistuarmoryaddon	magistuarmoryaddon:alla_tedesca_boots	epic-knights-addon-2.5-1.21.1-neoforge.jar
magistuarmoryaddon	magistuarmoryaddon:alla_tedesca_chestplate	epic-knights-addon-2.5-1.21.1-neoforge.jar
magistuarmoryaddon	magistuarmoryaddon:articulated_chestplate	epic-knights-addon-2.5-1.21.1-neoforge.jar
magistuarmoryaddon	magistuarmoryaddon:articulated_pauldrons_decoration	epic-knights-addon-2.5-1.21.1-neoforge.jar
magistuarmoryaddon	magistuarmoryaddon:articulated_shoulder_defenses_decoration	epic-knights-addon-2.5-1.21.1-neoforge.jar
magistuarmoryaddon	magistuarmoryaddon:avant_boots	epic-knights-addon-2.5-1.21.1-neoforge.jar
magistuarmoryaddon	magistuarmoryaddon:avant_chestplate	epic-knights-addon-2.5-1.21.1-neoforge.jar
magistuarmoryaddon	magistuarmoryaddon:avant_leggings	epic-knights-addon-2.5-1.21.1-neoforge.jar
magistuarmoryaddon	magistuarmoryaddon:bellows_maximilian_helmet	epic-knights-addon-2.5-1.21.1-neoforge.jar
magistuarmoryaddon	magistuarmoryaddon:bicoque	epic-knights-addon-2.5-1.21.1-neoforge.jar
magistuarmoryaddon	magistuarmoryaddon:black_cross_medieval_cloak_decoration	epic-knights-addon-2.5-1.21.1-neoforge.jar
magistuarmoryaddon	magistuarmoryaddon:black_puff_and_slash_chestplate	epic-knights-addon-2.5-1.21.1-neoforge.jar
magistuarmoryaddon	magistuarmoryaddon:black_puff_and_slash_leggings	epic-knights-addon-2.5-1.21.1-neoforge.jar
magistuarmoryaddon	magistuarmoryaddon:black_puff_and_slash_sleeves_decoration	epic-knights-addon-2.5-1.21.1-neoforge.jar
magistuarmoryaddon	magistuarmoryaddon:blue_puff_and_slash_chestplate	epic-knights-addon-2.5-1.21.1-neoforge.jar
magistuarmoryaddon	magistuarmoryaddon:blue_puff_and_slash_leggings	epic-knights-addon-2.5-1.21.1-neoforge.jar
magistuarmoryaddon	magistuarmoryaddon:blue_puff_and_slash_sleeves_decoration	epic-knights-addon-2.5-1.21.1-neoforge.jar
magistuarmoryaddon	magistuarmoryaddon:british_armet	epic-knights-addon-2.5-1.21.1-neoforge.jar
magistuarmoryaddon	magistuarmoryaddon:brown_puff_and_slash_chestplate	epic-knights-addon-2.5-1.21.1-neoforge.jar
magistuarmoryaddon	magistuarmoryaddon:brown_puff_and_slash_leggings	epic-knights-addon-2.5-1.21.1-neoforge.jar
magistuarmoryaddon	magistuarmoryaddon:brown_puff_and_slash_sleeves_decoration	epic-knights-addon-2.5-1.21.1-neoforge.jar
magistuarmoryaddon	magistuarmoryaddon:burgundian_kettlehat	epic-knights-addon-2.5-1.21.1-neoforge.jar
magistuarmoryaddon	magistuarmoryaddon:cabasset	epic-knights-addon-2.5-1.21.1-neoforge.jar
magistuarmoryaddon	magistuarmoryaddon:ceremonial_half_armor	epic-knights-addon-2.5-1.21.1-neoforge.jar
magistuarmoryaddon	magistuarmoryaddon:ceremonial_kastenbrust_boots	epic-knights-addon-2.5-1.21.1-neoforge.jar
magistuarmoryaddon	magistuarmoryaddon:ceremonial_kastenbrust_chestplate	epic-knights-addon-2.5-1.21.1-neoforge.jar
magistuarmoryaddon	magistuarmoryaddon:cervelliere	epic-knights-addon-2.5-1.21.1-neoforge.jar
magistuarmoryaddon	magistuarmoryaddon:chained_gambeson	epic-knights-addon-2.5-1.21.1-neoforge.jar
magistuarmoryaddon	magistuarmoryaddon:chained_gambeson_boots	epic-knights-addon-2.5-1.21.1-neoforge.jar
magistuarmoryaddon	magistuarmoryaddon:chainmail_gloves_decoration	epic-knights-addon-2.5-1.21.1-neoforge.jar
magistuarmoryaddon	magistuarmoryaddon:chainmail_hood_decoration	epic-knights-addon-2.5-1.21.1-neoforge.jar
magistuarmoryaddon	magistuarmoryaddon:chapel	epic-knights-addon-2.5-1.21.1-neoforge.jar
magistuarmoryaddon	magistuarmoryaddon:close_helmet	epic-knights-addon-2.5-1.21.1-neoforge.jar
magistuarmoryaddon	magistuarmoryaddon:closed_barbute	epic-knights-addon-2.5-1.21.1-neoforge.jar
magistuarmoryaddon	magistuarmoryaddon:closed_burgonet	epic-knights-addon-2.5-1.21.1-neoforge.jar
magistuarmoryaddon	magistuarmoryaddon:coat_of_plates_boots	epic-knights-addon-2.5-1.21.1-neoforge.jar
magistuarmoryaddon	magistuarmoryaddon:coat_of_plates_chestplate	epic-knights-addon-2.5-1.21.1-neoforge.jar
magistuarmoryaddon	magistuarmoryaddon:codpiece_decoration	epic-knights-addon-2.5-1.21.1-neoforge.jar
magistuarmoryaddon	magistuarmoryaddon:composite_gloves_decoration	epic-knights-addon-2.5-1.21.1-neoforge.jar
magistuarmoryaddon	magistuarmoryaddon:condottiero_cap	epic-knights-addon-2.5-1.21.1-neoforge.jar
magistuarmoryaddon	magistuarmoryaddon:cuman_captain_helmet	epic-knights-addon-2.5-1.21.1-neoforge.jar
magistuarmoryaddon	magistuarmoryaddon:cuman_helmet	epic-knights-addon-2.5-1.21.1-neoforge.jar
magistuarmoryaddon	magistuarmoryaddon:cyan_puff_and_slash_chestplate	epic-knights-addon-2.5-1.21.1-neoforge.jar
magistuarmoryaddon	magistuarmoryaddon:cyan_puff_and_slash_leggings	epic-knights-addon-2.5-1.21.1-neoforge.jar
magistuarmoryaddon	magistuarmoryaddon:cyan_puff_and_slash_sleeves_decoration	epic-knights-addon-2.5-1.21.1-neoforge.jar
magistuarmoryaddon	magistuarmoryaddon:dark_barding	epic-knights-addon-2.5-1.21.1-neoforge.jar
magistuarmoryaddon	magistuarmoryaddon:dark_bellows_maximilian_helmet	epic-knights-addon-2.5-1.21.1-neoforge.jar
magistuarmoryaddon	magistuarmoryaddon:dark_codpiece_decoration	epic-knights-addon-2.5-1.21.1-neoforge.jar
magistuarmoryaddon	magistuarmoryaddon:dark_crusader_boots	epic-knights-addon-2.5-1.21.1-neoforge.jar
magistuarmoryaddon	magistuarmoryaddon:dark_crusader_chestplate	epic-knights-addon-2.5-1.21.1-neoforge.jar
magistuarmoryaddon	magistuarmoryaddon:dark_crusader_helmet	epic-knights-addon-2.5-1.21.1-neoforge.jar
magistuarmoryaddon	magistuarmoryaddon:dark_crusader_leggings	epic-knights-addon-2.5-1.21.1-neoforge.jar
magistuarmoryaddon	magistuarmoryaddon:dark_early_cabasset	epic-knights-addon-2.5-1.21.1-neoforge.jar
magistuarmoryaddon	magistuarmoryaddon:dark_gilded_greenwich_armet	epic-knights-addon-2.5-1.21.1-neoforge.jar
magistuarmoryaddon	magistuarmoryaddon:dark_gilded_greenwich_boots	epic-knights-addon-2.5-1.21.1-neoforge.jar
magistuarmoryaddon	magistuarmoryaddon:dark_gilded_greenwich_chestplate	epic-knights-addon-2.5-1.21.1-neoforge.jar
magistuarmoryaddon	magistuarmoryaddon:dark_gilded_parade_boots	epic-knights-addon-2.5-1.21.1-neoforge.jar
magistuarmoryaddon	magistuarmoryaddon:dark_gilded_parade_burgonet	epic-knights-addon-2.5-1.21.1-neoforge.jar
magistuarmoryaddon	magistuarmoryaddon:dark_gilded_parade_chestplate	epic-knights-addon-2.5-1.21.1-neoforge.jar
magistuarmoryaddon	magistuarmoryaddon:dark_gorget_decoration	epic-knights-addon-2.5-1.21.1-neoforge.jar
magistuarmoryaddon	magistuarmoryaddon:dark_gothic_boots	epic-knights-addon-2.5-1.21.1-neoforge.jar
magistuarmoryaddon	magistuarmoryaddon:dark_gothic_chestplate	epic-knights-addon-2.5-1.21.1-neoforge.jar
magistuarmoryaddon	magistuarmoryaddon:dark_gothic_helmet	epic-knights-addon-2.5-1.21.1-neoforge.jar
magistuarmoryaddon	magistuarmoryaddon:dark_gothic_leggings	epic-knights-addon-2.5-1.21.1-neoforge.jar
magistuarmoryaddon	magistuarmoryaddon:dark_grand_bascinet	epic-knights-addon-2.5-1.21.1-neoforge.jar
magistuarmoryaddon	magistuarmoryaddon:dark_greenwich_armet	epic-knights-addon-2.5-1.21.1-neoforge.jar
magistuarmoryaddon	magistuarmoryaddon:dark_greenwich_boots	epic-knights-addon-2.5-1.21.1-neoforge.jar
magistuarmoryaddon	magistuarmoryaddon:dark_greenwich_chestplate	epic-knights-addon-2.5-1.21.1-neoforge.jar
magistuarmoryaddon	magistuarmoryaddon:dark_heavy_brigandine_boots	epic-knights-addon-2.5-1.21.1-neoforge.jar
magistuarmoryaddon	magistuarmoryaddon:dark_heavy_brigandine_chestplate	epic-knights-addon-2.5-1.21.1-neoforge.jar
magistuarmoryaddon	magistuarmoryaddon:dark_heavy_brigandine_leggings	epic-knights-addon-2.5-1.21.1-neoforge.jar
magistuarmoryaddon	magistuarmoryaddon:dark_heavy_cuirassier_boots	epic-knights-addon-2.5-1.21.1-neoforge.jar
magistuarmoryaddon	magistuarmoryaddon:dark_heavy_cuirassier_chestplate	epic-knights-addon-2.5-1.21.1-neoforge.jar
magistuarmoryaddon	magistuarmoryaddon:dark_heavy_shoulder_pad_decoration	epic-knights-addon-2.5-1.21.1-neoforge.jar
magistuarmoryaddon	magistuarmoryaddon:dark_helmet_rondel_decoration	epic-knights-addon-2.5-1.21.1-neoforge.jar
magistuarmoryaddon	magistuarmoryaddon:dark_jousting_boots	epic-knights-addon-2.5-1.21.1-neoforge.jar
magistuarmoryaddon	magistuarmoryaddon:dark_jousting_chestplate	epic-knights-addon-2.5-1.21.1-neoforge.jar
magistuarmoryaddon	magistuarmoryaddon:dark_jousting_helmet	epic-knights-addon-2.5-1.21.1-neoforge.jar
magistuarmoryaddon	magistuarmoryaddon:dark_jousting_leggings	epic-knights-addon-2.5-1.21.1-neoforge.jar
magistuarmoryaddon	magistuarmoryaddon:dark_kastenbrust_boots	epic-knights-addon-2.5-1.21.1-neoforge.jar
magistuarmoryaddon	magistuarmoryaddon:dark_kastenbrust_chestplate	epic-knights-addon-2.5-1.21.1-neoforge.jar
magistuarmoryaddon	magistuarmoryaddon:dark_kastenbrust_leggings	epic-knights-addon-2.5-1.21.1-neoforge.jar
magistuarmoryaddon	magistuarmoryaddon:dark_knight_boots	epic-knights-addon-2.5-1.21.1-neoforge.jar
magistuarmoryaddon	magistuarmoryaddon:dark_knight_chestplate	epic-knights-addon-2.5-1.21.1-neoforge.jar
magistuarmoryaddon	magistuarmoryaddon:dark_knight_helmet	epic-knights-addon-2.5-1.21.1-neoforge.jar
magistuarmoryaddon	magistuarmoryaddon:dark_knight_helmet_with_plume	epic-knights-addon-2.5-1.21.1-neoforge.jar
magistuarmoryaddon	magistuarmoryaddon:dark_knight_leggings	epic-knights-addon-2.5-1.21.1-neoforge.jar
magistuarmoryaddon	magistuarmoryaddon:dark_late_sallet	epic-knights-addon-2.5-1.21.1-neoforge.jar
magistuarmoryaddon	magistuarmoryaddon:dark_maximilian_boots	epic-knights-addon-2.5-1.21.1-neoforge.jar
magistuarmoryaddon	magistuarmoryaddon:dark_maximilian_chestplate	epic-knights-addon-2.5-1.21.1-neoforge.jar
magistuarmoryaddon	magistuarmoryaddon:dark_maximilian_helmet	epic-knights-addon-2.5-1.21.1-neoforge.jar
magistuarmoryaddon	magistuarmoryaddon:dark_maximilian_leggings	epic-knights-addon-2.5-1.21.1-neoforge.jar
magistuarmoryaddon	magistuarmoryaddon:dark_peascod_chestplate	epic-knights-addon-2.5-1.21.1-neoforge.jar
magistuarmoryaddon	magistuarmoryaddon:dark_plackart_decoration	epic-knights-addon-2.5-1.21.1-neoforge.jar
magistuarmoryaddon	magistuarmoryaddon:dark_proto_maximilian_boots	epic-knights-addon-2.5-1.21.1-neoforge.jar
magistuarmoryaddon	magistuarmoryaddon:dark_proto_maximilian_chestplate	epic-knights-addon-2.5-1.21.1-neoforge.jar
magistuarmoryaddon	magistuarmoryaddon:dark_rondel	epic-knights-addon-2.5-1.21.1-neoforge.jar
magistuarmoryaddon	magistuarmoryaddon:dark_rondel_decoration	epic-knights-addon-2.5-1.21.1-neoforge.jar
magistuarmoryaddon	magistuarmoryaddon:dark_shoulder_pads_decoration	epic-knights-addon-2.5-1.21.1-neoforge.jar
magistuarmoryaddon	magistuarmoryaddon:dark_soulder_pads	epic-knights-addon-2.5-1.21.1-neoforge.jar
magistuarmoryaddon	magistuarmoryaddon:dark_steel_skirt_decoration	epic-knights-addon-2.5-1.21.1-neoforge.jar
magistuarmoryaddon	magistuarmoryaddon:darkblued_armet	epic-knights-addon-2.5-1.21.1-neoforge.jar
magistuarmoryaddon	magistuarmoryaddon:darkblued_armet_with_plume	epic-knights-addon-2.5-1.21.1-neoforge.jar
magistuarmoryaddon	magistuarmoryaddon:darkblued_gothic_boots	epic-knights-addon-2.5-1.21.1-neoforge.jar
magistuarmoryaddon	magistuarmoryaddon:darkblued_gothic_chestplate	epic-knights-addon-2.5-1.21.1-neoforge.jar
magistuarmoryaddon	magistuarmoryaddon:darkblued_gothic_leggings	epic-knights-addon-2.5-1.21.1-neoforge.jar
magistuarmoryaddon	magistuarmoryaddon:darkblued_greenwich_armet	epic-knights-addon-2.5-1.21.1-neoforge.jar
magistuarmoryaddon	magistuarmoryaddon:darkblued_greenwich_boots	epic-knights-addon-2.5-1.21.1-neoforge.jar
magistuarmoryaddon	magistuarmoryaddon:darkblued_greenwich_chestplate	epic-knights-addon-2.5-1.21.1-neoforge.jar
magistuarmoryaddon	magistuarmoryaddon:darkblued_kastenbrust_boots	epic-knights-addon-2.5-1.21.1-neoforge.jar
magistuarmoryaddon	magistuarmoryaddon:darkblued_kastenbrust_chestplate	epic-knights-addon-2.5-1.21.1-neoforge.jar
magistuarmoryaddon	magistuarmoryaddon:darkblued_kastenbrust_leggings	epic-knights-addon-2.5-1.21.1-neoforge.jar
magistuarmoryaddon	magistuarmoryaddon:darkblued_knight_boots	epic-knights-addon-2.5-1.21.1-neoforge.jar
magistuarmoryaddon	magistuarmoryaddon:darkblued_knight_chestplate	epic-knights-addon-2.5-1.21.1-neoforge.jar
magistuarmoryaddon	magistuarmoryaddon:darkblued_knight_leggings	epic-knights-addon-2.5-1.21.1-neoforge.jar
magistuarmoryaddon	magistuarmoryaddon:darkblued_maximilian_boots	epic-knights-addon-2.5-1.21.1-neoforge.jar
magistuarmoryaddon	magistuarmoryaddon:darkblued_maximilian_chestplate	epic-knights-addon-2.5-1.21.1-neoforge.jar
magistuarmoryaddon	magistuarmoryaddon:darkblued_maximilian_helmet	epic-knights-addon-2.5-1.21.1-neoforge.jar
magistuarmoryaddon	magistuarmoryaddon:darkblued_maximilian_leggings	epic-knights-addon-2.5-1.21.1-neoforge.jar
magistuarmoryaddon	magistuarmoryaddon:darkblued_sallet	epic-knights-addon-2.5-1.21.1-neoforge.jar
magistuarmoryaddon	magistuarmoryaddon:darkening_template	epic-knights-addon-2.5-1.21.1-neoforge.jar
magistuarmoryaddon	magistuarmoryaddon:devilish_grotesque_maximilian_helmet	epic-knights-addon-2.5-1.21.1-neoforge.jar
magistuarmoryaddon	magistuarmoryaddon:doublet	epic-knights-addon-2.5-1.21.1-neoforge.jar
magistuarmoryaddon	magistuarmoryaddon:dragon_shoulder_pads_decoration	epic-knights-addon-2.5-1.21.1-neoforge.jar
magistuarmoryaddon	magistuarmoryaddon:early_cabasset	epic-knights-addon-2.5-1.21.1-neoforge.jar
magistuarmoryaddon	magistuarmoryaddon:early_greathelm	epic-knights-addon-2.5-1.21.1-neoforge.jar
magistuarmoryaddon	magistuarmoryaddon:embosed_parade_boots	epic-knights-addon-2.5-1.21.1-neoforge.jar
magistuarmoryaddon	magistuarmoryaddon:embosed_parade_burgonet	epic-knights-addon-2.5-1.21.1-neoforge.jar
magistuarmoryaddon	magistuarmoryaddon:embosed_parade_chestplate	epic-knights-addon-2.5-1.21.1-neoforge.jar
magistuarmoryaddon	magistuarmoryaddon:empty	epic-knights-addon-2.5-1.21.1-neoforge.jar
magistuarmoryaddon	magistuarmoryaddon:english_knight_boots	epic-knights-addon-2.5-1.21.1-neoforge.jar
magistuarmoryaddon	magistuarmoryaddon:english_knight_chestplate	epic-knights-addon-2.5-1.21.1-neoforge.jar
magistuarmoryaddon	magistuarmoryaddon:engraved_chestplate	epic-knights-addon-2.5-1.21.1-neoforge.jar
magistuarmoryaddon	magistuarmoryaddon:engraved_close_helmet	epic-knights-addon-2.5-1.21.1-neoforge.jar
magistuarmoryaddon	magistuarmoryaddon:enlglish_knight_boots	epic-knights-addon-2.5-1.21.1-neoforge.jar
magistuarmoryaddon	magistuarmoryaddon:exquisite_maximilian_helmet	epic-knights-addon-2.5-1.21.1-neoforge.jar
magistuarmoryaddon	magistuarmoryaddon:facial_grotesque_maximilian_helmet	epic-knights-addon-2.5-1.21.1-neoforge.jar
magistuarmoryaddon	magistuarmoryaddon:fancy_hat	epic-knights-addon-2.5-1.21.1-neoforge.jar
magistuarmoryaddon	magistuarmoryaddon:fox_grotesque_maximilian_helmet	epic-knights-addon-2.5-1.21.1-neoforge.jar
magistuarmoryaddon	magistuarmoryaddon:frontal_feather_decoration	epic-knights-addon-2.5-1.21.1-neoforge.jar
magistuarmoryaddon	magistuarmoryaddon:fully_gilded_armet	epic-knights-addon-2.5-1.21.1-neoforge.jar
magistuarmoryaddon	magistuarmoryaddon:fully_gilded_armet_with_plume	epic-knights-addon-2.5-1.21.1-neoforge.jar
magistuarmoryaddon	magistuarmoryaddon:fully_gilded_articulated_chestplate	epic-knights-addon-2.5-1.21.1-neoforge.jar
magistuarmoryaddon	magistuarmoryaddon:fully_gilded_gothic_boots	epic-knights-addon-2.5-1.21.1-neoforge.jar
magistuarmoryaddon	magistuarmoryaddon:fully_gilded_gothic_chestplate	epic-knights-addon-2.5-1.21.1-neoforge.jar
magistuarmoryaddon	magistuarmoryaddon:fully_gilded_gothic_leggings	epic-knights-addon-2.5-1.21.1-neoforge.jar
magistuarmoryaddon	magistuarmoryaddon:fully_gilded_grand_bascinet	epic-knights-addon-2.5-1.21.1-neoforge.jar
magistuarmoryaddon	magistuarmoryaddon:fully_gilded_greenwich_armet	epic-knights-addon-2.5-1.21.1-neoforge.jar
magistuarmoryaddon	magistuarmoryaddon:fully_gilded_greenwich_boots	epic-knights-addon-2.5-1.21.1-neoforge.jar
magistuarmoryaddon	magistuarmoryaddon:fully_gilded_greenwich_chestplate	epic-knights-addon-2.5-1.21.1-neoforge.jar
magistuarmoryaddon	magistuarmoryaddon:fully_gilded_grilled_helmet	epic-knights-addon-2.5-1.21.1-neoforge.jar
magistuarmoryaddon	magistuarmoryaddon:fully_gilded_jousting_boots	epic-knights-addon-2.5-1.21.1-neoforge.jar
magistuarmoryaddon	magistuarmoryaddon:fully_gilded_jousting_chestplate	epic-knights-addon-2.5-1.21.1-neoforge.jar
magistuarmoryaddon	magistuarmoryaddon:fully_gilded_jousting_helmet	epic-knights-addon-2.5-1.21.1-neoforge.jar
magistuarmoryaddon	magistuarmoryaddon:fully_gilded_jousting_leggings	epic-knights-addon-2.5-1.21.1-neoforge.jar
magistuarmoryaddon	magistuarmoryaddon:fully_gilded_kastenbrust_boots	epic-knights-addon-2.5-1.21.1-neoforge.jar
magistuarmoryaddon	magistuarmoryaddon:fully_gilded_kastenbrust_chestplate	epic-knights-addon-2.5-1.21.1-neoforge.jar
magistuarmoryaddon	magistuarmoryaddon:fully_gilded_kastenbrust_leggings	epic-knights-addon-2.5-1.21.1-neoforge.jar
magistuarmoryaddon	magistuarmoryaddon:fully_gilded_knight_boots	epic-knights-addon-2.5-1.21.1-neoforge.jar
magistuarmoryaddon	magistuarmoryaddon:fully_gilded_knight_chestplate	epic-knights-addon-2.5-1.21.1-neoforge.jar
magistuarmoryaddon	magistuarmoryaddon:fully_gilded_knight_leggings	epic-knights-addon-2.5-1.21.1-neoforge.jar
magistuarmoryaddon	magistuarmoryaddon:fully_gilded_maximilian_boots	epic-knights-addon-2.5-1.21.1-neoforge.jar
magistuarmoryaddon	magistuarmoryaddon:fully_gilded_maximilian_chestplate	epic-knights-addon-2.5-1.21.1-neoforge.jar
magistuarmoryaddon	magistuarmoryaddon:fully_gilded_maximilian_helmet	epic-knights-addon-2.5-1.21.1-neoforge.jar
magistuarmoryaddon	magistuarmoryaddon:fully_gilded_maximilian_leggings	epic-knights-addon-2.5-1.21.1-neoforge.jar
magistuarmoryaddon	magistuarmoryaddon:fully_gilded_milanese_armet	epic-knights-addon-2.5-1.21.1-neoforge.jar
magistuarmoryaddon	magistuarmoryaddon:fully_gilded_sallet	epic-knights-addon-2.5-1.21.1-neoforge.jar
magistuarmoryaddon	magistuarmoryaddon:fully_gilding_template	epic-knights-addon-2.5-1.21.1-neoforge.jar
magistuarmoryaddon	magistuarmoryaddon:gallowglass_boots	epic-knights-addon-2.5-1.21.1-neoforge.jar
magistuarmoryaddon	magistuarmoryaddon:gallowglass_chestplate	epic-knights-addon-2.5-1.21.1-neoforge.jar
magistuarmoryaddon	magistuarmoryaddon:gallowglass_leggings	epic-knights-addon-2.5-1.21.1-neoforge.jar
magistuarmoryaddon	magistuarmoryaddon:german_bascinet	epic-knights-addon-2.5-1.21.1-neoforge.jar
magistuarmoryaddon	magistuarmoryaddon:gilded_bellows_maximilian_helmet	epic-knights-addon-2.5-1.21.1-neoforge.jar
magistuarmoryaddon	magistuarmoryaddon:gilded_cabasset	epic-knights-addon-2.5-1.21.1-neoforge.jar
magistuarmoryaddon	magistuarmoryaddon:gilded_chainmail_chestplate	epic-knights-addon-2.5-1.21.1-neoforge.jar
magistuarmoryaddon	magistuarmoryaddon:gilded_chainmail_coif	epic-knights-addon-2.5-1.21.1-neoforge.jar
magistuarmoryaddon	magistuarmoryaddon:gilded_chainmail_gloves_decoration	epic-knights-addon-2.5-1.21.1-neoforge.jar
magistuarmoryaddon	magistuarmoryaddon:gilded_chainmail_hood_decoration	epic-knights-addon-2.5-1.21.1-neoforge.jar
magistuarmoryaddon	magistuarmoryaddon:gilded_chainmail_leggings	epic-knights-addon-2.5-1.21.1-neoforge.jar
magistuarmoryaddon	magistuarmoryaddon:gilded_close_helmet	epic-knights-addon-2.5-1.21.1-neoforge.jar
magistuarmoryaddon	magistuarmoryaddon:gilded_crusader_helmet	epic-knights-addon-2.5-1.21.1-neoforge.jar
magistuarmoryaddon	magistuarmoryaddon:gilded_dark_close_helmet	epic-knights-addon-2.5-1.21.1-neoforge.jar
magistuarmoryaddon	magistuarmoryaddon:gilded_dark_gothic_boots	epic-knights-addon-2.5-1.21.1-neoforge.jar
magistuarmoryaddon	magistuarmoryaddon:gilded_dark_gothic_chestplate	epic-knights-addon-2.5-1.21.1-neoforge.jar
magistuarmoryaddon	magistuarmoryaddon:gilded_dark_gothic_helmet	epic-knights-addon-2.5-1.21.1-neoforge.jar
magistuarmoryaddon	magistuarmoryaddon:gilded_dark_gothic_leggings	epic-knights-addon-2.5-1.21.1-neoforge.jar
magistuarmoryaddon	magistuarmoryaddon:gilded_dark_helmet_rondel_decoration	epic-knights-addon-2.5-1.21.1-neoforge.jar
magistuarmoryaddon	magistuarmoryaddon:gilded_dark_parade_burgonet	epic-knights-addon-2.5-1.21.1-neoforge.jar
magistuarmoryaddon	magistuarmoryaddon:gilded_dark_peascod_chestplate	epic-knights-addon-2.5-1.21.1-neoforge.jar
magistuarmoryaddon	magistuarmoryaddon:gilded_dark_rondel_decoration	epic-knights-addon-2.5-1.21.1-neoforge.jar
magistuarmoryaddon	magistuarmoryaddon:gilded_dark_sallet	epic-knights-addon-2.5-1.21.1-neoforge.jar
magistuarmoryaddon	magistuarmoryaddon:gilded_dark_steel_skirt_decoration	epic-knights-addon-2.5-1.21.1-neoforge.jar
magistuarmoryaddon	magistuarmoryaddon:gilded_darkblued_greenwich_armet	epic-knights-addon-2.5-1.21.1-neoforge.jar
magistuarmoryaddon	magistuarmoryaddon:gilded_darkblued_greenwich_boots	epic-knights-addon-2.5-1.21.1-neoforge.jar
magistuarmoryaddon	magistuarmoryaddon:gilded_darkblued_greenwich_chestplate	epic-knights-addon-2.5-1.21.1-neoforge.jar
magistuarmoryaddon	magistuarmoryaddon:gilded_darkblued_greenwich_close_helmet	epic-knights-addon-2.5-1.21.1-neoforge.jar
magistuarmoryaddon	magistuarmoryaddon:gilded_early_cabasset	epic-knights-addon-2.5-1.21.1-neoforge.jar
magistuarmoryaddon	magistuarmoryaddon:gilded_exquisite_maximilian_helmet	epic-knights-addon-2.5-1.21.1-neoforge.jar
magistuarmoryaddon	magistuarmoryaddon:gilded_fox_grotesque_maximilian_helmet	epic-knights-addon-2.5-1.21.1-neoforge.jar
magistuarmoryaddon	magistuarmoryaddon:gilded_gorget_decoration	epic-knights-addon-2.5-1.21.1-neoforge.jar
magistuarmoryaddon	magistuarmoryaddon:gilded_gothic_boots	epic-knights-addon-2.5-1.21.1-neoforge.jar
magistuarmoryaddon	magistuarmoryaddon:gilded_gothic_chestplate	epic-knights-addon-2.5-1.21.1-neoforge.jar
magistuarmoryaddon	magistuarmoryaddon:gilded_gothic_leggins	epic-knights-addon-2.5-1.21.1-neoforge.jar
magistuarmoryaddon	magistuarmoryaddon:gilded_grand_bascinet	epic-knights-addon-2.5-1.21.1-neoforge.jar
magistuarmoryaddon	magistuarmoryaddon:gilded_greathelm	epic-knights-addon-2.5-1.21.1-neoforge.jar
magistuarmoryaddon	magistuarmoryaddon:gilded_greenwich_armet	epic-knights-addon-2.5-1.21.1-neoforge.jar
magistuarmoryaddon	magistuarmoryaddon:gilded_greenwich_boots	epic-knights-addon-2.5-1.21.1-neoforge.jar
magistuarmoryaddon	magistuarmoryaddon:gilded_greenwich_chestplate	epic-knights-addon-2.5-1.21.1-neoforge.jar
magistuarmoryaddon	magistuarmoryaddon:gilded_greenwich_close_helmet	epic-knights-addon-2.5-1.21.1-neoforge.jar
magistuarmoryaddon	magistuarmoryaddon:gilded_grilled_helmet	epic-knights-addon-2.5-1.21.1-neoforge.jar
magistuarmoryaddon	magistuarmoryaddon:gilded_half_armor	epic-knights-addon-2.5-1.21.1-neoforge.jar
magistuarmoryaddon	magistuarmoryaddon:gilded_heavy_brigandine_boots	epic-knights-addon-2.5-1.21.1-neoforge.jar
magistuarmoryaddon	magistuarmoryaddon:gilded_heavy_brigandine_chestplate	epic-knights-addon-2.5-1.21.1-neoforge.jar
magistuarmoryaddon	magistuarmoryaddon:gilded_heavy_brigandine_leggings	epic-knights-addon-2.5-1.21.1-neoforge.jar
magistuarmoryaddon	magistuarmoryaddon:gilded_helmet_rondel_decoration	epic-knights-addon-2.5-1.21.1-neoforge.jar
magistuarmoryaddon	magistuarmoryaddon:gilded_maximilian_boots	epic-knights-addon-2.5-1.21.1-neoforge.jar
magistuarmoryaddon	magistuarmoryaddon:gilded_maximilian_chestplate	epic-knights-addon-2.5-1.21.1-neoforge.jar
magistuarmoryaddon	magistuarmoryaddon:gilded_maximilian_helmet	epic-knights-addon-2.5-1.21.1-neoforge.jar
magistuarmoryaddon	magistuarmoryaddon:gilded_maximillian_helmet	epic-knights-addon-2.5-1.21.1-neoforge.jar
magistuarmoryaddon	magistuarmoryaddon:gilded_peascod_chestplate	epic-knights-addon-2.5-1.21.1-neoforge.jar
magistuarmoryaddon	magistuarmoryaddon:gilded_plackart_decoration	epic-knights-addon-2.5-1.21.1-neoforge.jar
magistuarmoryaddon	magistuarmoryaddon:gilded_rivited_gauntlets_decoration	epic-knights-addon-2.5-1.21.1-neoforge.jar
magistuarmoryaddon	magistuarmoryaddon:gilded_rondel	epic-knights-addon-2.5-1.21.1-neoforge.jar
magistuarmoryaddon	magistuarmoryaddon:gilded_rondel_decoration	epic-knights-addon-2.5-1.21.1-neoforge.jar
magistuarmoryaddon	magistuarmoryaddon:gilded_sallet	epic-knights-addon-2.5-1.21.1-neoforge.jar
magistuarmoryaddon	magistuarmoryaddon:gilded_shoulder_pads	epic-knights-addon-2.5-1.21.1-neoforge.jar
magistuarmoryaddon	magistuarmoryaddon:gilded_shoulder_pads_decoration	epic-knights-addon-2.5-1.21.1-neoforge.jar
magistuarmoryaddon	magistuarmoryaddon:gilded_steel_puff_and_slash_boots	epic-knights-addon-2.5-1.21.1-neoforge.jar
magistuarmoryaddon	magistuarmoryaddon:gilded_steel_puff_and_slash_chestplate	epic-knights-addon-2.5-1.21.1-neoforge.jar
magistuarmoryaddon	magistuarmoryaddon:gilded_steel_skirt_decoration	epic-knights-addon-2.5-1.21.1-neoforge.jar
magistuarmoryaddon	magistuarmoryaddon:gilded_sugarloaf_helmet	epic-knights-addon-2.5-1.21.1-neoforge.jar
magistuarmoryaddon	magistuarmoryaddon:gilded_xivcenturyknight_boots	epic-knights-addon-2.5-1.21.1-neoforge.jar
magistuarmoryaddon	magistuarmoryaddon:gilded_xivcenturyknight_chestplate	epic-knights-addon-2.5-1.21.1-neoforge.jar
magistuarmoryaddon	magistuarmoryaddon:gilded_xivcenturyknight_leggings	epic-knights-addon-2.5-1.21.1-neoforge.jar
magistuarmoryaddon	magistuarmoryaddon:gilding_template	epic-knights-addon-2.5-1.21.1-neoforge.jar
magistuarmoryaddon	magistuarmoryaddon:giornea_decoration	epic-knights-addon-2.5-1.21.1-neoforge.jar
magistuarmoryaddon	magistuarmoryaddon:golden_ball_decoration	epic-knights-addon-2.5-1.21.1-neoforge.jar
magistuarmoryaddon	magistuarmoryaddon:golden_cross_necklace_decoration	epic-knights-addon-2.5-1.21.1-neoforge.jar
magistuarmoryaddon	magistuarmoryaddon:golden_necklace_decoration	epic-knights-addon-2.5-1.21.1-neoforge.jar
magistuarmoryaddon	magistuarmoryaddon:golden_pince_nez_decoration	epic-knights-addon-2.5-1.21.1-neoforge.jar
magistuarmoryaddon	magistuarmoryaddon:goose_decoration	epic-knights-addon-2.5-1.21.1-neoforge.jar
magistuarmoryaddon	magistuarmoryaddon:gorget_decoration	epic-knights-addon-2.5-1.21.1-neoforge.jar
magistuarmoryaddon	magistuarmoryaddon:grand_bascinet	epic-knights-addon-2.5-1.21.1-neoforge.jar
magistuarmoryaddon	magistuarmoryaddon:gray_puff_and_slash_chestplate	epic-knights-addon-2.5-1.21.1-neoforge.jar
magistuarmoryaddon	magistuarmoryaddon:gray_puff_and_slash_leggings	epic-knights-addon-2.5-1.21.1-neoforge.jar
magistuarmoryaddon	magistuarmoryaddon:gray_puff_and_slash_sleeves_decoration	epic-knights-addon-2.5-1.21.1-neoforge.jar
magistuarmoryaddon	magistuarmoryaddon:green_puff_and_slash_chestplate	epic-knights-addon-2.5-1.21.1-neoforge.jar
magistuarmoryaddon	magistuarmoryaddon:green_puff_and_slash_leggings	epic-knights-addon-2.5-1.21.1-neoforge.jar
magistuarmoryaddon	magistuarmoryaddon:green_puff_and_slash_sleeves_decoration	epic-knights-addon-2.5-1.21.1-neoforge.jar
magistuarmoryaddon	magistuarmoryaddon:greenwich_armet	epic-knights-addon-2.5-1.21.1-neoforge.jar
magistuarmoryaddon	magistuarmoryaddon:greenwich_boots	epic-knights-addon-2.5-1.21.1-neoforge.jar
magistuarmoryaddon	magistuarmoryaddon:greenwich_chestplate	epic-knights-addon-2.5-1.21.1-neoforge.jar
magistuarmoryaddon	magistuarmoryaddon:greenwich_leggins	epic-knights-addon-2.5-1.21.1-neoforge.jar
magistuarmoryaddon	magistuarmoryaddon:grilled_helmet	epic-knights-addon-2.5-1.21.1-neoforge.jar
magistuarmoryaddon	magistuarmoryaddon:hanging_cloth_decoration	epic-knights-addon-2.5-1.21.1-neoforge.jar
magistuarmoryaddon	magistuarmoryaddon:heavy_brigandine_boots	epic-knights-addon-2.5-1.21.1-neoforge.jar
magistuarmoryaddon	magistuarmoryaddon:heavy_brigandine_chestplate	epic-knights-addon-2.5-1.21.1-neoforge.jar
magistuarmoryaddon	magistuarmoryaddon:heavy_brigandine_leggings	epic-knights-addon-2.5-1.21.1-neoforge.jar
magistuarmoryaddon	magistuarmoryaddon:heavy_cuirassier_boots	epic-knights-addon-2.5-1.21.1-neoforge.jar
magistuarmoryaddon	magistuarmoryaddon:heavy_cuirassier_chestplate	epic-knights-addon-2.5-1.21.1-neoforge.jar
magistuarmoryaddon	magistuarmoryaddon:heavy_shoulder_pad_decoration	epic-knights-addon-2.5-1.21.1-neoforge.jar
magistuarmoryaddon	magistuarmoryaddon:helmet_rondel_decoration	epic-knights-addon-2.5-1.21.1-neoforge.jar
magistuarmoryaddon	magistuarmoryaddon:horse_tail_decoration	epic-knights-addon-2.5-1.21.1-neoforge.jar
magistuarmoryaddon	magistuarmoryaddon:horseman_pick	epic-knights-addon-2.5-1.21.1-neoforge.jar
magistuarmoryaddon	magistuarmoryaddon:klappvisor_bascinet	epic-knights-addon-2.5-1.21.1-neoforge.jar
magistuarmoryaddon	magistuarmoryaddon:kulah_khud	epic-knights-addon-2.5-1.21.1-neoforge.jar
magistuarmoryaddon	magistuarmoryaddon:landsknecht_black_hat	epic-knights-addon-2.5-1.21.1-neoforge.jar
magistuarmoryaddon	magistuarmoryaddon:landsknecht_black_hat_decoration	epic-knights-addon-2.5-1.21.1-neoforge.jar
magistuarmoryaddon	magistuarmoryaddon:landsknecht_blue_hat	epic-knights-addon-2.5-1.21.1-neoforge.jar
magistuarmoryaddon	magistuarmoryaddon:landsknecht_blue_hat_decoration	epic-knights-addon-2.5-1.21.1-neoforge.jar
magistuarmoryaddon	magistuarmoryaddon:landsknecht_brown_hat	epic-knights-addon-2.5-1.21.1-neoforge.jar
magistuarmoryaddon	magistuarmoryaddon:landsknecht_brown_hat_decoration	epic-knights-addon-2.5-1.21.1-neoforge.jar
magistuarmoryaddon	magistuarmoryaddon:landsknecht_cyan_hat	epic-knights-addon-2.5-1.21.1-neoforge.jar
magistuarmoryaddon	magistuarmoryaddon:landsknecht_cyan_hat_decoration	epic-knights-addon-2.5-1.21.1-neoforge.jar
magistuarmoryaddon	magistuarmoryaddon:landsknecht_feathers_decoration	epic-knights-addon-2.5-1.21.1-neoforge.jar
magistuarmoryaddon	magistuarmoryaddon:landsknecht_gray_hat	epic-knights-addon-2.5-1.21.1-neoforge.jar
magistuarmoryaddon	magistuarmoryaddon:landsknecht_gray_hat_decoration	epic-knights-addon-2.5-1.21.1-neoforge.jar
magistuarmoryaddon	magistuarmoryaddon:landsknecht_green_hat	epic-knights-addon-2.5-1.21.1-neoforge.jar
magistuarmoryaddon	magistuarmoryaddon:landsknecht_green_hat_decoration	epic-knights-addon-2.5-1.21.1-neoforge.jar
magistuarmoryaddon	magistuarmoryaddon:landsknecht_light_blue_hat	epic-knights-addon-2.5-1.21.1-neoforge.jar
magistuarmoryaddon	magistuarmoryaddon:landsknecht_light_blue_hat_decoration	epic-knights-addon-2.5-1.21.1-neoforge.jar
magistuarmoryaddon	magistuarmoryaddon:landsknecht_light_gray_hat	epic-knights-addon-2.5-1.21.1-neoforge.jar
magistuarmoryaddon	magistuarmoryaddon:landsknecht_light_gray_hat_decoration	epic-knights-addon-2.5-1.21.1-neoforge.jar
magistuarmoryaddon	magistuarmoryaddon:landsknecht_lime_hat	epic-knights-addon-2.5-1.21.1-neoforge.jar
magistuarmoryaddon	magistuarmoryaddon:landsknecht_lime_hat_decoration	epic-knights-addon-2.5-1.21.1-neoforge.jar
magistuarmoryaddon	magistuarmoryaddon:landsknecht_magenta_hat	epic-knights-addon-2.5-1.21.1-neoforge.jar
magistuarmoryaddon	magistuarmoryaddon:landsknecht_magenta_hat_decoration	epic-knights-addon-2.5-1.21.1-neoforge.jar
magistuarmoryaddon	magistuarmoryaddon:landsknecht_orange_hat	epic-knights-addon-2.5-1.21.1-neoforge.jar
magistuarmoryaddon	magistuarmoryaddon:landsknecht_orange_hat_decoration	epic-knights-addon-2.5-1.21.1-neoforge.jar
magistuarmoryaddon	magistuarmoryaddon:landsknecht_pink_hat	epic-knights-addon-2.5-1.21.1-neoforge.jar
magistuarmoryaddon	magistuarmoryaddon:landsknecht_pink_hat_decoration	epic-knights-addon-2.5-1.21.1-neoforge.jar
magistuarmoryaddon	magistuarmoryaddon:landsknecht_purple_hat	epic-knights-addon-2.5-1.21.1-neoforge.jar
magistuarmoryaddon	magistuarmoryaddon:landsknecht_purple_hat_decoration	epic-knights-addon-2.5-1.21.1-neoforge.jar
magistuarmoryaddon	magistuarmoryaddon:landsknecht_red_hat	epic-knights-addon-2.5-1.21.1-neoforge.jar
magistuarmoryaddon	magistuarmoryaddon:landsknecht_red_hat_decoration	epic-knights-addon-2.5-1.21.1-neoforge.jar
magistuarmoryaddon	magistuarmoryaddon:landsknecht_white_hat	epic-knights-addon-2.5-1.21.1-neoforge.jar
magistuarmoryaddon	magistuarmoryaddon:landsknecht_white_hat_decoration	epic-knights-addon-2.5-1.21.1-neoforge.jar
magistuarmoryaddon	magistuarmoryaddon:landsknecht_yellow_hat	epic-knights-addon-2.5-1.21.1-neoforge.jar
magistuarmoryaddon	magistuarmoryaddon:landsknecht_yellow_hat_decoration	epic-knights-addon-2.5-1.21.1-neoforge.jar
magistuarmoryaddon	magistuarmoryaddon:late_bascinet	epic-knights-addon-2.5-1.21.1-neoforge.jar
magistuarmoryaddon	magistuarmoryaddon:late_burgonet	epic-knights-addon-2.5-1.21.1-neoforge.jar
magistuarmoryaddon	magistuarmoryaddon:late_greathelm	epic-knights-addon-2.5-1.21.1-neoforge.jar
magistuarmoryaddon	magistuarmoryaddon:late_kettlehat	epic-knights-addon-2.5-1.21.1-neoforge.jar
magistuarmoryaddon	magistuarmoryaddon:late_sallet	epic-knights-addon-2.5-1.21.1-neoforge.jar
magistuarmoryaddon	magistuarmoryaddon:leather_gloves_decoration	epic-knights-addon-2.5-1.21.1-neoforge.jar
magistuarmoryaddon	magistuarmoryaddon:light_blue_puff_and_slash_chestplate	epic-knights-addon-2.5-1.21.1-neoforge.jar
magistuarmoryaddon	magistuarmoryaddon:light_blue_puff_and_slash_leggings	epic-knights-addon-2.5-1.21.1-neoforge.jar
magistuarmoryaddon	magistuarmoryaddon:light_blue_puff_and_slash_sleeves_decoration	epic-knights-addon-2.5-1.21.1-neoforge.jar
magistuarmoryaddon	magistuarmoryaddon:light_burgonet	epic-knights-addon-2.5-1.21.1-neoforge.jar
magistuarmoryaddon	magistuarmoryaddon:light_cuman_helmet	epic-knights-addon-2.5-1.21.1-neoforge.jar
magistuarmoryaddon	magistuarmoryaddon:light_gray_puff_and_slash_chestplate	epic-knights-addon-2.5-1.21.1-neoforge.jar
magistuarmoryaddon	magistuarmoryaddon:light_gray_puff_and_slash_leggings	epic-knights-addon-2.5-1.21.1-neoforge.jar
magistuarmoryaddon	magistuarmoryaddon:light_gray_puff_and_slash_sleeves_decoration	epic-knights-addon-2.5-1.21.1-neoforge.jar
magistuarmoryaddon	magistuarmoryaddon:lime_puff_and_slash_chestplate	epic-knights-addon-2.5-1.21.1-neoforge.jar
magistuarmoryaddon	magistuarmoryaddon:lime_puff_and_slash_leggings	epic-knights-addon-2.5-1.21.1-neoforge.jar
magistuarmoryaddon	magistuarmoryaddon:lime_puff_and_slash_sleeves_decoration	epic-knights-addon-2.5-1.21.1-neoforge.jar
magistuarmoryaddon	magistuarmoryaddon:linen_coif	epic-knights-addon-2.5-1.21.1-neoforge.jar
magistuarmoryaddon	magistuarmoryaddon:lion_helmet	epic-knights-addon-2.5-1.21.1-neoforge.jar
magistuarmoryaddon	magistuarmoryaddon:lobster_tailed_helmet	epic-knights-addon-2.5-1.21.1-neoforge.jar
magistuarmoryaddon	magistuarmoryaddon:magenta_puff_and_slash_chestplate	epic-knights-addon-2.5-1.21.1-neoforge.jar
magistuarmoryaddon	magistuarmoryaddon:magenta_puff_and_slash_leggings	epic-knights-addon-2.5-1.21.1-neoforge.jar
magistuarmoryaddon	magistuarmoryaddon:magenta_puff_and_slash_sleeves_decoration	epic-knights-addon-2.5-1.21.1-neoforge.jar
magistuarmoryaddon	magistuarmoryaddon:mail_haubergeon	epic-knights-addon-2.5-1.21.1-neoforge.jar
magistuarmoryaddon	magistuarmoryaddon:mamluk_helmet	epic-knights-addon-2.5-1.21.1-neoforge.jar
magistuarmoryaddon	magistuarmoryaddon:maximilian_burgonet	epic-knights-addon-2.5-1.21.1-neoforge.jar
magistuarmoryaddon	magistuarmoryaddon:medieval_cloak_decoration	epic-knights-addon-2.5-1.21.1-neoforge.jar
magistuarmoryaddon	magistuarmoryaddon:milanese_armet	epic-knights-addon-2.5-1.21.1-neoforge.jar
magistuarmoryaddon	magistuarmoryaddon:mirror_boots	epic-knights-addon-2.5-1.21.1-neoforge.jar
magistuarmoryaddon	magistuarmoryaddon:mirror_chestplate	epic-knights-addon-2.5-1.21.1-neoforge.jar
magistuarmoryaddon	magistuarmoryaddon:morion	epic-knights-addon-2.5-1.21.1-neoforge.jar
magistuarmoryaddon	magistuarmoryaddon:mustache_grotesque_helmet	epic-knights-addon-2.5-1.21.1-neoforge.jar
magistuarmoryaddon	magistuarmoryaddon:opened_sallet	epic-knights-addon-2.5-1.21.1-neoforge.jar
magistuarmoryaddon	magistuarmoryaddon:orange_puff_and_slash_chestplate	epic-knights-addon-2.5-1.21.1-neoforge.jar
magistuarmoryaddon	magistuarmoryaddon:orange_puff_and_slash_leggings	epic-knights-addon-2.5-1.21.1-neoforge.jar
magistuarmoryaddon	magistuarmoryaddon:orange_puff_and_slash_sleeves_decoration	epic-knights-addon-2.5-1.21.1-neoforge.jar
magistuarmoryaddon	magistuarmoryaddon:patrician_tuher_helmet	epic-knights-addon-2.5-1.21.1-neoforge.jar
magistuarmoryaddon	magistuarmoryaddon:peascod_chestplate	epic-knights-addon-2.5-1.21.1-neoforge.jar
magistuarmoryaddon	magistuarmoryaddon:pikeman_boots	epic-knights-addon-2.5-1.21.1-neoforge.jar
magistuarmoryaddon	magistuarmoryaddon:pikeman_chestplate	epic-knights-addon-2.5-1.21.1-neoforge.jar
magistuarmoryaddon	magistuarmoryaddon:pink_puff_and_slash_chestplate	epic-knights-addon-2.5-1.21.1-neoforge.jar
magistuarmoryaddon	magistuarmoryaddon:pink_puff_and_slash_leggings	epic-knights-addon-2.5-1.21.1-neoforge.jar
magistuarmoryaddon	magistuarmoryaddon:pink_puff_and_slash_sleeves_decoration	epic-knights-addon-2.5-1.21.1-neoforge.jar
magistuarmoryaddon	magistuarmoryaddon:plackart_decoration	epic-knights-addon-2.5-1.21.1-neoforge.jar
magistuarmoryaddon	magistuarmoryaddon:plated_chainmail_gloves_decoration	epic-knights-addon-2.5-1.21.1-neoforge.jar
magistuarmoryaddon	magistuarmoryaddon:pothelm	epic-knights-addon-2.5-1.21.1-neoforge.jar
magistuarmoryaddon	magistuarmoryaddon:proto_maximilian_boots	epic-knights-addon-2.5-1.21.1-neoforge.jar
magistuarmoryaddon	magistuarmoryaddon:proto_maximilian_chestplate	epic-knights-addon-2.5-1.21.1-neoforge.jar
magistuarmoryaddon	magistuarmoryaddon:puff_and_slash_boots	epic-knights-addon-2.5-1.21.1-neoforge.jar
magistuarmoryaddon	magistuarmoryaddon:puff_and_slash_robe_decoration	epic-knights-addon-2.5-1.21.1-neoforge.jar
magistuarmoryaddon	magistuarmoryaddon:purple_puff_and_slash_chestplate	epic-knights-addon-2.5-1.21.1-neoforge.jar
magistuarmoryaddon	magistuarmoryaddon:purple_puff_and_slash_leggings	epic-knights-addon-2.5-1.21.1-neoforge.jar
magistuarmoryaddon	magistuarmoryaddon:purple_puff_and_slash_sleeves_decoration	epic-knights-addon-2.5-1.21.1-neoforge.jar
magistuarmoryaddon	magistuarmoryaddon:ram_horns_decoration	epic-knights-addon-2.5-1.21.1-neoforge.jar
magistuarmoryaddon	magistuarmoryaddon:red_cross_medieval_cloak_decoration	epic-knights-addon-2.5-1.21.1-neoforge.jar
magistuarmoryaddon	magistuarmoryaddon:red_crusader_helmet	epic-knights-addon-2.5-1.21.1-neoforge.jar
magistuarmoryaddon	magistuarmoryaddon:red_greathelm	epic-knights-addon-2.5-1.21.1-neoforge.jar
magistuarmoryaddon	magistuarmoryaddon:red_puff_and_slash_chestplate	epic-knights-addon-2.5-1.21.1-neoforge.jar
magistuarmoryaddon	magistuarmoryaddon:red_puff_and_slash_leggings	epic-knights-addon-2.5-1.21.1-neoforge.jar
magistuarmoryaddon	magistuarmoryaddon:red_puff_and_slash_sleeves_decoration	epic-knights-addon-2.5-1.21.1-neoforge.jar
magistuarmoryaddon	magistuarmoryaddon:rich_saxon_sword	epic-knights-addon-2.5-1.21.1-neoforge.jar
magistuarmoryaddon	magistuarmoryaddon:rivited_gauntlets_decoration	epic-knights-addon-2.5-1.21.1-neoforge.jar
magistuarmoryaddon	magistuarmoryaddon:royal_plume_decoration	epic-knights-addon-2.5-1.21.1-neoforge.jar
magistuarmoryaddon	magistuarmoryaddon:sallet_without_neck_protection	epic-knights-addon-2.5-1.21.1-neoforge.jar
magistuarmoryaddon	magistuarmoryaddon:sallet_without_visor	epic-knights-addon-2.5-1.21.1-neoforge.jar
magistuarmoryaddon	magistuarmoryaddon:saracen_boots	epic-knights-addon-2.5-1.21.1-neoforge.jar
magistuarmoryaddon	magistuarmoryaddon:saracen_chestplate	epic-knights-addon-2.5-1.21.1-neoforge.jar
magistuarmoryaddon	magistuarmoryaddon:saracen_helmet	epic-knights-addon-2.5-1.21.1-neoforge.jar
magistuarmoryaddon	magistuarmoryaddon:savoyard_helmet	epic-knights-addon-2.5-1.21.1-neoforge.jar
magistuarmoryaddon	magistuarmoryaddon:scale_helmet	epic-knights-addon-2.5-1.21.1-neoforge.jar
magistuarmoryaddon	magistuarmoryaddon:shoes	epic-knights-addon-2.5-1.21.1-neoforge.jar
magistuarmoryaddon	magistuarmoryaddon:shoulder_pads_decoration	epic-knights-addon-2.5-1.21.1-neoforge.jar
magistuarmoryaddon	magistuarmoryaddon:silver_cross_necklace_decoration	epic-knights-addon-2.5-1.21.1-neoforge.jar
magistuarmoryaddon	magistuarmoryaddon:silver_necklace_decoration	epic-knights-addon-2.5-1.21.1-neoforge.jar
magistuarmoryaddon	magistuarmoryaddon:silver_nugget	epic-knights-addon-2.5-1.21.1-neoforge.jar
magistuarmoryaddon	magistuarmoryaddon:silvered_dark_bellows_maximilian_helmet	epic-knights-addon-2.5-1.21.1-neoforge.jar
magistuarmoryaddon	magistuarmoryaddon:silvered_dark_chestplate	epic-knights-addon-2.5-1.21.1-neoforge.jar
magistuarmoryaddon	magistuarmoryaddon:silvered_dark_half_armor	epic-knights-addon-2.5-1.21.1-neoforge.jar
magistuarmoryaddon	magistuarmoryaddon:silvered_dark_maximilian_boots	epic-knights-addon-2.5-1.21.1-neoforge.jar
magistuarmoryaddon	magistuarmoryaddon:silvered_dark_maximilian_chestplate	epic-knights-addon-2.5-1.21.1-neoforge.jar
magistuarmoryaddon	magistuarmoryaddon:silvered_dark_maximilian_helmet	epic-knights-addon-2.5-1.21.1-neoforge.jar
magistuarmoryaddon	magistuarmoryaddon:splint_boots	epic-knights-addon-2.5-1.21.1-neoforge.jar
magistuarmoryaddon	magistuarmoryaddon:splint_chestplate	epic-knights-addon-2.5-1.21.1-neoforge.jar
magistuarmoryaddon	magistuarmoryaddon:splint_leggings	epic-knights-addon-2.5-1.21.1-neoforge.jar
magistuarmoryaddon	magistuarmoryaddon:square_besagews_decoration	epic-knights-addon-2.5-1.21.1-neoforge.jar
magistuarmoryaddon	magistuarmoryaddon:steel_arming_sword_type_xiii	epic-knights-addon-2.5-1.21.1-neoforge.jar
magistuarmoryaddon	magistuarmoryaddon:steel_arming_sword_type_xiv	epic-knights-addon-2.5-1.21.1-neoforge.jar
magistuarmoryaddon	magistuarmoryaddon:steel_arming_sword_type_xv	epic-knights-addon-2.5-1.21.1-neoforge.jar
magistuarmoryaddon	magistuarmoryaddon:steel_bar_mace	epic-knights-addon-2.5-1.21.1-neoforge.jar
magistuarmoryaddon	magistuarmoryaddon:steel_battleaxe	epic-knights-addon-2.5-1.21.1-neoforge.jar
magistuarmoryaddon	magistuarmoryaddon:steel_billhook	epic-knights-addon-2.5-1.21.1-neoforge.jar
magistuarmoryaddon	magistuarmoryaddon:steel_billhook_blocking	epic-knights-addon-2.5-1.21.1-neoforge.jar
magistuarmoryaddon	magistuarmoryaddon:steel_boar_spear	epic-knights-addon-2.5-1.21.1-neoforge.jar
magistuarmoryaddon	magistuarmoryaddon:steel_boar_spear_blocking	epic-knights-addon-2.5-1.21.1-neoforge.jar
magistuarmoryaddon	magistuarmoryaddon:steel_bollock_dagger	epic-knights-addon-2.5-1.21.1-neoforge.jar
magistuarmoryaddon	magistuarmoryaddon:steel_broadaxe	epic-knights-addon-2.5-1.21.1-neoforge.jar
magistuarmoryaddon	magistuarmoryaddon:steel_broadaxe_blocking	epic-knights-addon-2.5-1.21.1-neoforge.jar
magistuarmoryaddon	magistuarmoryaddon:steel_cavalry_sabre	epic-knights-addon-2.5-1.21.1-neoforge.jar
magistuarmoryaddon	magistuarmoryaddon:steel_cavalry_sabre_blocking	epic-knights-addon-2.5-1.21.1-neoforge.jar
magistuarmoryaddon	magistuarmoryaddon:steel_crow_beak	epic-knights-addon-2.5-1.21.1-neoforge.jar
magistuarmoryaddon	magistuarmoryaddon:steel_cutlass	epic-knights-addon-2.5-1.21.1-neoforge.jar
magistuarmoryaddon	magistuarmoryaddon:steel_cutlass_blocking	epic-knights-addon-2.5-1.21.1-neoforge.jar
magistuarmoryaddon	magistuarmoryaddon:steel_dagger	epic-knights-addon-2.5-1.21.1-neoforge.jar
magistuarmoryaddon	magistuarmoryaddon:steel_daneaxe	epic-knights-addon-2.5-1.21.1-neoforge.jar
magistuarmoryaddon	magistuarmoryaddon:steel_daneaxe_blocking	epic-knights-addon-2.5-1.21.1-neoforge.jar
magistuarmoryaddon	magistuarmoryaddon:steel_dueling_shield	epic-knights-addon-2.5-1.21.1-neoforge.jar
magistuarmoryaddon	magistuarmoryaddon:steel_dueling_shield_blocking	epic-knights-addon-2.5-1.21.1-neoforge.jar
magistuarmoryaddon	magistuarmoryaddon:steel_english_poleaxe	epic-knights-addon-2.5-1.21.1-neoforge.jar
magistuarmoryaddon	magistuarmoryaddon:steel_english_poleaxe_blocking	epic-knights-addon-2.5-1.21.1-neoforge.jar
magistuarmoryaddon	magistuarmoryaddon:steel_executioners_sword	epic-knights-addon-2.5-1.21.1-neoforge.jar
magistuarmoryaddon	magistuarmoryaddon:steel_executioners_sword_blocking	epic-knights-addon-2.5-1.21.1-neoforge.jar
magistuarmoryaddon	magistuarmoryaddon:steel_falchion	epic-knights-addon-2.5-1.21.1-neoforge.jar
magistuarmoryaddon	magistuarmoryaddon:steel_falchion_blocking	epic-knights-addon-2.5-1.21.1-neoforge.jar
magistuarmoryaddon	magistuarmoryaddon:steel_fauchard	epic-knights-addon-2.5-1.21.1-neoforge.jar
magistuarmoryaddon	magistuarmoryaddon:steel_fauchard_blocking	epic-knights-addon-2.5-1.21.1-neoforge.jar
magistuarmoryaddon	magistuarmoryaddon:steel_feder	epic-knights-addon-2.5-1.21.1-neoforge.jar
magistuarmoryaddon	magistuarmoryaddon:steel_feder_blocking	epic-knights-addon-2.5-1.21.1-neoforge.jar
magistuarmoryaddon	magistuarmoryaddon:steel_francisca_axe	epic-knights-addon-2.5-1.21.1-neoforge.jar
magistuarmoryaddon	magistuarmoryaddon:steel_french_halberd	epic-knights-addon-2.5-1.21.1-neoforge.jar
magistuarmoryaddon	magistuarmoryaddon:steel_french_halberd_blocking	epic-knights-addon-2.5-1.21.1-neoforge.jar
magistuarmoryaddon	magistuarmoryaddon:steel_galloglass_axe	epic-knights-addon-2.5-1.21.1-neoforge.jar
magistuarmoryaddon	magistuarmoryaddon:steel_gallowglass_axe	epic-knights-addon-2.5-1.21.1-neoforge.jar
magistuarmoryaddon	magistuarmoryaddon:steel_gallowglass_axe_blocking	epic-knights-addon-2.5-1.21.1-neoforge.jar
magistuarmoryaddon	magistuarmoryaddon:steel_german_greatsword	epic-knights-addon-2.5-1.21.1-neoforge.jar
magistuarmoryaddon	magistuarmoryaddon:steel_german_greatsword_blocking	epic-knights-addon-2.5-1.21.1-neoforge.jar
magistuarmoryaddon	magistuarmoryaddon:steel_glaive	epic-knights-addon-2.5-1.21.1-neoforge.jar
magistuarmoryaddon	magistuarmoryaddon:steel_glaive_blocking	epic-knights-addon-2.5-1.21.1-neoforge.jar
magistuarmoryaddon	magistuarmoryaddon:steel_goedendag	epic-knights-addon-2.5-1.21.1-neoforge.jar
magistuarmoryaddon	magistuarmoryaddon:steel_grand_falchion	epic-knights-addon-2.5-1.21.1-neoforge.jar
magistuarmoryaddon	magistuarmoryaddon:steel_grand_falchion_blocking	epic-knights-addon-2.5-1.21.1-neoforge.jar
magistuarmoryaddon	magistuarmoryaddon:steel_hammer_spear	epic-knights-addon-2.5-1.21.1-neoforge.jar
magistuarmoryaddon	magistuarmoryaddon:steel_hammer_spear_blocking	epic-knights-addon-2.5-1.21.1-neoforge.jar
magistuarmoryaddon	magistuarmoryaddon:steel_italian_poleaxe	epic-knights-addon-2.5-1.21.1-neoforge.jar
magistuarmoryaddon	magistuarmoryaddon:steel_italian_poleaxe_blocking	epic-knights-addon-2.5-1.21.1-neoforge.jar
magistuarmoryaddon	magistuarmoryaddon:steel_king_sword	epic-knights-addon-2.5-1.21.1-neoforge.jar
magistuarmoryaddon	magistuarmoryaddon:steel_king_sword_blocking	epic-knights-addon-2.5-1.21.1-neoforge.jar
magistuarmoryaddon	magistuarmoryaddon:steel_lance	epic-knights-addon-2.5-1.21.1-neoforge.jar
magistuarmoryaddon	magistuarmoryaddon:steel_lance_raised	epic-knights-addon-2.5-1.21.1-neoforge.jar
magistuarmoryaddon	magistuarmoryaddon:steel_long_seax	epic-knights-addon-2.5-1.21.1-neoforge.jar
magistuarmoryaddon	magistuarmoryaddon:steel_long_seax_blocking	epic-knights-addon-2.5-1.21.1-neoforge.jar
magistuarmoryaddon	magistuarmoryaddon:steel_longsword	epic-knights-addon-2.5-1.21.1-neoforge.jar
magistuarmoryaddon	magistuarmoryaddon:steel_longsword_blocking	epic-knights-addon-2.5-1.21.1-neoforge.jar
magistuarmoryaddon	magistuarmoryaddon:steel_maciejowski_messer	epic-knights-addon-2.5-1.21.1-neoforge.jar
magistuarmoryaddon	magistuarmoryaddon:steel_maciejowski_messer_blocking	epic-knights-addon-2.5-1.21.1-neoforge.jar
magistuarmoryaddon	magistuarmoryaddon:steel_messer_sword	epic-knights-addon-2.5-1.21.1-neoforge.jar
magistuarmoryaddon	magistuarmoryaddon:steel_messer_sword_blocking	epic-knights-addon-2.5-1.21.1-neoforge.jar
magistuarmoryaddon	magistuarmoryaddon:steel_military_fork	epic-knights-addon-2.5-1.21.1-neoforge.jar
magistuarmoryaddon	magistuarmoryaddon:steel_military_fork_blocking	epic-knights-addon-2.5-1.21.1-neoforge.jar
magistuarmoryaddon	magistuarmoryaddon:steel_mustache_decoration	epic-knights-addon-2.5-1.21.1-neoforge.jar
magistuarmoryaddon	magistuarmoryaddon:steel_parrying_dagger	epic-knights-addon-2.5-1.21.1-neoforge.jar
magistuarmoryaddon	magistuarmoryaddon:steel_partisan	epic-knights-addon-2.5-1.21.1-neoforge.jar
magistuarmoryaddon	magistuarmoryaddon:steel_partisan_blocking	epic-knights-addon-2.5-1.21.1-neoforge.jar
magistuarmoryaddon	magistuarmoryaddon:steel_puff_and_slash_boots	epic-knights-addon-2.5-1.21.1-neoforge.jar
magistuarmoryaddon	magistuarmoryaddon:steel_puff_and_slash_chestplate	epic-knights-addon-2.5-1.21.1-neoforge.jar
magistuarmoryaddon	magistuarmoryaddon:steel_rapier	epic-knights-addon-2.5-1.21.1-neoforge.jar
magistuarmoryaddon	magistuarmoryaddon:steel_rapier_blocking	epic-knights-addon-2.5-1.21.1-neoforge.jar
magistuarmoryaddon	magistuarmoryaddon:steel_rondel_dagger	epic-knights-addon-2.5-1.21.1-neoforge.jar
magistuarmoryaddon	magistuarmoryaddon:steel_round_mace	epic-knights-addon-2.5-1.21.1-neoforge.jar
magistuarmoryaddon	magistuarmoryaddon:steel_sabre	epic-knights-addon-2.5-1.21.1-neoforge.jar
magistuarmoryaddon	magistuarmoryaddon:steel_sabre_blocking	epic-knights-addon-2.5-1.21.1-neoforge.jar
magistuarmoryaddon	magistuarmoryaddon:steel_saxon_sword	epic-knights-addon-2.5-1.21.1-neoforge.jar
magistuarmoryaddon	magistuarmoryaddon:steel_scimitar	epic-knights-addon-2.5-1.21.1-neoforge.jar
magistuarmoryaddon	magistuarmoryaddon:steel_scimitar_blocking	epic-knights-addon-2.5-1.21.1-neoforge.jar
magistuarmoryaddon	magistuarmoryaddon:steel_scythe	epic-knights-addon-2.5-1.21.1-neoforge.jar
magistuarmoryaddon	magistuarmoryaddon:steel_short_seax	epic-knights-addon-2.5-1.21.1-neoforge.jar
magistuarmoryaddon	magistuarmoryaddon:steel_short_spear	epic-knights-addon-2.5-1.21.1-neoforge.jar
magistuarmoryaddon	magistuarmoryaddon:steel_short_spear_blocking	epic-knights-addon-2.5-1.21.1-neoforge.jar
magistuarmoryaddon	magistuarmoryaddon:steel_sickle	epic-knights-addon-2.5-1.21.1-neoforge.jar
magistuarmoryaddon	magistuarmoryaddon:steel_sidesword	epic-knights-addon-2.5-1.21.1-neoforge.jar
magistuarmoryaddon	magistuarmoryaddon:steel_sidesword_blocking	epic-knights-addon-2.5-1.21.1-neoforge.jar
magistuarmoryaddon	magistuarmoryaddon:steel_skirt_decoration	epic-knights-addon-2.5-1.21.1-neoforge.jar
magistuarmoryaddon	magistuarmoryaddon:steel_spear	epic-knights-addon-2.5-1.21.1-neoforge.jar
magistuarmoryaddon	magistuarmoryaddon:steel_swiss_halberd	epic-knights-addon-2.5-1.21.1-neoforge.jar
magistuarmoryaddon	magistuarmoryaddon:steel_swiss_halberd_blocking	epic-knights-addon-2.5-1.21.1-neoforge.jar
magistuarmoryaddon	magistuarmoryaddon:steel_swordbreaker	epic-knights-addon-2.5-1.21.1-neoforge.jar
magistuarmoryaddon	magistuarmoryaddon:steel_swordbreaker_blocking	epic-knights-addon-2.5-1.21.1-neoforge.jar
magistuarmoryaddon	magistuarmoryaddon:steel_two_handed_evening_star	epic-knights-addon-2.5-1.21.1-neoforge.jar
magistuarmoryaddon	magistuarmoryaddon:steel_two_handed_evening_star_blocking	epic-knights-addon-2.5-1.21.1-neoforge.jar
magistuarmoryaddon	magistuarmoryaddon:steel_two_handed_messer	epic-knights-addon-2.5-1.21.1-neoforge.jar
magistuarmoryaddon	magistuarmoryaddon:steel_two_handed_messer_blocking	epic-knights-addon-2.5-1.21.1-neoforge.jar
magistuarmoryaddon	magistuarmoryaddon:steel_voulge	epic-knights-addon-2.5-1.21.1-neoforge.jar
magistuarmoryaddon	magistuarmoryaddon:steel_voulge_blocking	epic-knights-addon-2.5-1.21.1-neoforge.jar
magistuarmoryaddon	magistuarmoryaddon:steel_war_axe	epic-knights-addon-2.5-1.21.1-neoforge.jar
magistuarmoryaddon	magistuarmoryaddon:steel_war_hammer	epic-knights-addon-2.5-1.21.1-neoforge.jar
magistuarmoryaddon	magistuarmoryaddon:steel_welsh_guisarme	epic-knights-addon-2.5-1.21.1-neoforge.jar
magistuarmoryaddon	magistuarmoryaddon:steel_welsh_guisarme_blocking	epic-knights-addon-2.5-1.21.1-neoforge.jar
magistuarmoryaddon	magistuarmoryaddon:straw_hat	epic-knights-addon-2.5-1.21.1-neoforge.jar
magistuarmoryaddon	magistuarmoryaddon:sturmhaube	epic-knights-addon-2.5-1.21.1-neoforge.jar
magistuarmoryaddon	magistuarmoryaddon:sugarloaf_helmet	epic-knights-addon-2.5-1.21.1-neoforge.jar
magistuarmoryaddon	magistuarmoryaddon:tablet_helmet	epic-knights-addon-2.5-1.21.1-neoforge.jar
magistuarmoryaddon	magistuarmoryaddon:tilted_puff_and_slash_hat	epic-knights-addon-2.5-1.21.1-neoforge.jar
magistuarmoryaddon	magistuarmoryaddon:training_sword	epic-knights-addon-2.5-1.21.1-neoforge.jar
magistuarmoryaddon	magistuarmoryaddon:training_sword_blocking	epic-knights-addon-2.5-1.21.1-neoforge.jar
magistuarmoryaddon	magistuarmoryaddon:tunic	epic-knights-addon-2.5-1.21.1-neoforge.jar
magistuarmoryaddon	magistuarmoryaddon:tunic_boots	epic-knights-addon-2.5-1.21.1-neoforge.jar
magistuarmoryaddon	magistuarmoryaddon:tunic_without_sleeves	epic-knights-addon-2.5-1.21.1-neoforge.jar
magistuarmoryaddon	magistuarmoryaddon:two_eye_slits_sallet	epic-knights-addon-2.5-1.21.1-neoforge.jar
magistuarmoryaddon	magistuarmoryaddon:underarmor_tunic_decoration	epic-knights-addon-2.5-1.21.1-neoforge.jar
magistuarmoryaddon	magistuarmoryaddon:visored_kettlehat	epic-knights-addon-2.5-1.21.1-neoforge.jar
magistuarmoryaddon	magistuarmoryaddon:white_cross_medieval_cloak_decoration	epic-knights-addon-2.5-1.21.1-neoforge.jar
magistuarmoryaddon	magistuarmoryaddon:white_crusader_helmet	epic-knights-addon-2.5-1.21.1-neoforge.jar
magistuarmoryaddon	magistuarmoryaddon:white_greathelm	epic-knights-addon-2.5-1.21.1-neoforge.jar
magistuarmoryaddon	magistuarmoryaddon:white_puff_and_slash_chestplate	epic-knights-addon-2.5-1.21.1-neoforge.jar
magistuarmoryaddon	magistuarmoryaddon:white_puff_and_slash_leggings	epic-knights-addon-2.5-1.21.1-neoforge.jar
magistuarmoryaddon	magistuarmoryaddon:white_puff_and_slash_sleeves_decoration	epic-knights-addon-2.5-1.21.1-neoforge.jar
magistuarmoryaddon	magistuarmoryaddon:xiii_century_knight_boots	epic-knights-addon-2.5-1.21.1-neoforge.jar
magistuarmoryaddon	magistuarmoryaddon:xiii_century_knight_chestplate	epic-knights-addon-2.5-1.21.1-neoforge.jar
magistuarmoryaddon	magistuarmoryaddon:xiii_century_knight_leggings	epic-knights-addon-2.5-1.21.1-neoforge.jar
magistuarmoryaddon	magistuarmoryaddon:yellow_crusader_helmet	epic-knights-addon-2.5-1.21.1-neoforge.jar
magistuarmoryaddon	magistuarmoryaddon:yellow_greathelm	epic-knights-addon-2.5-1.21.1-neoforge.jar
magistuarmoryaddon	magistuarmoryaddon:yellow_puff_and_slash_chestplate	epic-knights-addon-2.5-1.21.1-neoforge.jar
magistuarmoryaddon	magistuarmoryaddon:yellow_puff_and_slash_leggings	epic-knights-addon-2.5-1.21.1-neoforge.jar
magistuarmoryaddon	magistuarmoryaddon:yellow_puff_and_slash_sleeves_decoration	epic-knights-addon-2.5-1.21.1-neoforge.jar
mcwbridges	mcwbridges:acacia_bridge_pier	mcw-bridges-3.1.2-mc1.21.1neoforge.jar
mcwbridges	mcwbridges:acacia_log_bridge_middle	mcw-bridges-3.1.2-mc1.21.1neoforge.jar
mcwbridges	mcwbridges:acacia_log_bridge_stair	mcw-bridges-3.1.2-mc1.21.1neoforge.jar
mcwbridges	mcwbridges:acacia_rail_bridge	mcw-bridges-3.1.2-mc1.21.1neoforge.jar
mcwbridges	mcwbridges:acacia_rope_bridge_stair	mcw-bridges-3.1.2-mc1.21.1neoforge.jar
mcwbridges	mcwbridges:andesite_bridge	mcw-bridges-3.1.2-mc1.21.1neoforge.jar
mcwbridges	mcwbridges:andesite_bridge_pier	mcw-bridges-3.1.2-mc1.21.1neoforge.jar
mcwbridges	mcwbridges:andesite_bridge_stair	mcw-bridges-3.1.2-mc1.21.1neoforge.jar
mcwbridges	mcwbridges:asian_red_bridge	mcw-bridges-3.1.2-mc1.21.1neoforge.jar
mcwbridges	mcwbridges:asian_red_bridge_pier	mcw-bridges-3.1.2-mc1.21.1neoforge.jar
mcwbridges	mcwbridges:asian_red_bridge_stair	mcw-bridges-3.1.2-mc1.21.1neoforge.jar
mcwbridges	mcwbridges:balustrade_andesite_bridge	mcw-bridges-3.1.2-mc1.21.1neoforge.jar
mcwbridges	mcwbridges:balustrade_blackstone_bridge	mcw-bridges-3.1.2-mc1.21.1neoforge.jar
mcwbridges	mcwbridges:balustrade_bricks_bridge	mcw-bridges-3.1.2-mc1.21.1neoforge.jar
mcwbridges	mcwbridges:balustrade_cobblestone_bridge	mcw-bridges-3.1.2-mc1.21.1neoforge.jar
mcwbridges	mcwbridges:balustrade_deepslate_bricks_bridge	mcw-bridges-3.1.2-mc1.21.1neoforge.jar
mcwbridges	mcwbridges:balustrade_deepslate_tiles_bridge	mcw-bridges-3.1.2-mc1.21.1neoforge.jar
mcwbridges	mcwbridges:balustrade_diorite_bridge	mcw-bridges-3.1.2-mc1.21.1neoforge.jar
mcwbridges	mcwbridges:balustrade_end_stone_bricks_bridge	mcw-bridges-3.1.2-mc1.21.1neoforge.jar
mcwbridges	mcwbridges:balustrade_granite_bridge	mcw-bridges-3.1.2-mc1.21.1neoforge.jar
mcwbridges	mcwbridges:balustrade_mossy_cobblestone_bridge	mcw-bridges-3.1.2-mc1.21.1neoforge.jar
mcwbridges	mcwbridges:balustrade_mossy_stone_bricks_bridge	mcw-bridges-3.1.2-mc1.21.1neoforge.jar
mcwbridges	mcwbridges:balustrade_mud_bricks_bridge	mcw-bridges-3.1.2-mc1.21.1neoforge.jar
mcwbridges	mcwbridges:balustrade_nether_bricks_bridge	mcw-bridges-3.1.2-mc1.21.1neoforge.jar
mcwbridges	mcwbridges:balustrade_orange_sandstone_bridge	mcw-bridges-3.1.2-mc1.21.1neoforge.jar
mcwbridges	mcwbridges:balustrade_prismarine_bricks_bridge	mcw-bridges-3.1.2-mc1.21.1neoforge.jar
mcwbridges	mcwbridges:balustrade_sandstone_bridge	mcw-bridges-3.1.2-mc1.21.1neoforge.jar
mcwbridges	mcwbridges:balustrade_stone_bricks_bridge	mcw-bridges-3.1.2-mc1.21.1neoforge.jar
mcwbridges	mcwbridges:bamboo_bridge	mcw-bridges-3.1.2-mc1.21.1neoforge.jar
mcwbridges	mcwbridges:bamboo_bridge_pier	mcw-bridges-3.1.2-mc1.21.1neoforge.jar
mcwbridges	mcwbridges:bamboo_bridge_stair	mcw-bridges-3.1.2-mc1.21.1neoforge.jar
mcwbridges	mcwbridges:birch_bridge_pier	mcw-bridges-3.1.2-mc1.21.1neoforge.jar
mcwbridges	mcwbridges:birch_log_bridge_middle	mcw-bridges-3.1.2-mc1.21.1neoforge.jar
mcwbridges	mcwbridges:birch_log_bridge_stair	mcw-bridges-3.1.2-mc1.21.1neoforge.jar
mcwbridges	mcwbridges:birch_rail_bridge	mcw-bridges-3.1.2-mc1.21.1neoforge.jar
mcwbridges	mcwbridges:birch_rope_bridge_stair	mcw-bridges-3.1.2-mc1.21.1neoforge.jar
mcwbridges	mcwbridges:blackstone_bridge	mcw-bridges-3.1.2-mc1.21.1neoforge.jar
mcwbridges	mcwbridges:blackstone_bridge_pier	mcw-bridges-3.1.2-mc1.21.1neoforge.jar
mcwbridges	mcwbridges:blackstone_bridge_stair	mcw-bridges-3.1.2-mc1.21.1neoforge.jar
mcwbridges	mcwbridges:brick_bridge	mcw-bridges-3.1.2-mc1.21.1neoforge.jar
mcwbridges	mcwbridges:brick_bridge_pier	mcw-bridges-3.1.2-mc1.21.1neoforge.jar
mcwbridges	mcwbridges:brick_bridge_stair	mcw-bridges-3.1.2-mc1.21.1neoforge.jar
mcwbridges	mcwbridges:bridge_lantern	mcw-bridges-3.1.2-mc1.21.1neoforge.jar
mcwbridges	mcwbridges:bridge_torch	mcw-bridges-3.1.2-mc1.21.1neoforge.jar
mcwbridges	mcwbridges:cherry_bridge_pier	mcw-bridges-3.1.2-mc1.21.1neoforge.jar
mcwbridges	mcwbridges:cherry_log_bridge_middle	mcw-bridges-3.1.2-mc1.21.1neoforge.jar
mcwbridges	mcwbridges:cherry_log_bridge_stair	mcw-bridges-3.1.2-mc1.21.1neoforge.jar
mcwbridges	mcwbridges:cherry_rail_bridge	mcw-bridges-3.1.2-mc1.21.1neoforge.jar
mcwbridges	mcwbridges:cherry_rope_bridge_stair	mcw-bridges-3.1.2-mc1.21.1neoforge.jar
mcwbridges	mcwbridges:cobblestone_bridge	mcw-bridges-3.1.2-mc1.21.1neoforge.jar
mcwbridges	mcwbridges:cobblestone_bridge_pier	mcw-bridges-3.1.2-mc1.21.1neoforge.jar
mcwbridges	mcwbridges:cobblestone_bridge_stair	mcw-bridges-3.1.2-mc1.21.1neoforge.jar
mcwbridges	mcwbridges:crimson_bridge_pier	mcw-bridges-3.1.2-mc1.21.1neoforge.jar
mcwbridges	mcwbridges:crimson_log_bridge_middle	mcw-bridges-3.1.2-mc1.21.1neoforge.jar
mcwbridges	mcwbridges:crimson_log_bridge_stair	mcw-bridges-3.1.2-mc1.21.1neoforge.jar
mcwbridges	mcwbridges:crimson_rail_bridge	mcw-bridges-3.1.2-mc1.21.1neoforge.jar
mcwbridges	mcwbridges:crimson_rope_bridge_stair	mcw-bridges-3.1.2-mc1.21.1neoforge.jar
mcwbridges	mcwbridges:dark_oak_bridge_pier	mcw-bridges-3.1.2-mc1.21.1neoforge.jar
mcwbridges	mcwbridges:dark_oak_log_bridge_middle	mcw-bridges-3.1.2-mc1.21.1neoforge.jar
mcwbridges	mcwbridges:dark_oak_log_bridge_stair	mcw-bridges-3.1.2-mc1.21.1neoforge.jar
mcwbridges	mcwbridges:dark_oak_rail_bridge	mcw-bridges-3.1.2-mc1.21.1neoforge.jar
mcwbridges	mcwbridges:dark_oak_rope_bridge_stair	mcw-bridges-3.1.2-mc1.21.1neoforge.jar
mcwbridges	mcwbridges:deepslate_brick_bridge	mcw-bridges-3.1.2-mc1.21.1neoforge.jar
mcwbridges	mcwbridges:deepslate_brick_bridge_pier	mcw-bridges-3.1.2-mc1.21.1neoforge.jar
mcwbridges	mcwbridges:deepslate_brick_bridge_stair	mcw-bridges-3.1.2-mc1.21.1neoforge.jar
mcwbridges	mcwbridges:deepslate_tile_bridge	mcw-bridges-3.1.2-mc1.21.1neoforge.jar
mcwbridges	mcwbridges:deepslate_tile_bridge_pier	mcw-bridges-3.1.2-mc1.21.1neoforge.jar
mcwbridges	mcwbridges:deepslate_tile_bridge_stair	mcw-bridges-3.1.2-mc1.21.1neoforge.jar
mcwbridges	mcwbridges:diorite_bridge	mcw-bridges-3.1.2-mc1.21.1neoforge.jar
mcwbridges	mcwbridges:diorite_bridge_pier	mcw-bridges-3.1.2-mc1.21.1neoforge.jar
mcwbridges	mcwbridges:diorite_bridge_stair	mcw-bridges-3.1.2-mc1.21.1neoforge.jar
mcwbridges	mcwbridges:dry_bamboo_bridge	mcw-bridges-3.1.2-mc1.21.1neoforge.jar
mcwbridges	mcwbridges:dry_bamboo_bridge_pier	mcw-bridges-3.1.2-mc1.21.1neoforge.jar
mcwbridges	mcwbridges:dry_bamboo_bridge_stair	mcw-bridges-3.1.2-mc1.21.1neoforge.jar
mcwbridges	mcwbridges:end_stone_bricks_bridge	mcw-bridges-3.1.2-mc1.21.1neoforge.jar
mcwbridges	mcwbridges:end_stone_bricks_bridge_pier	mcw-bridges-3.1.2-mc1.21.1neoforge.jar
mcwbridges	mcwbridges:end_stone_bricks_bridge_stair	mcw-bridges-3.1.2-mc1.21.1neoforge.jar
mcwbridges	mcwbridges:glass_bridge	mcw-bridges-3.1.2-mc1.21.1neoforge.jar
mcwbridges	mcwbridges:glass_bridge_pier	mcw-bridges-3.1.2-mc1.21.1neoforge.jar
mcwbridges	mcwbridges:glass_bridge_stair	mcw-bridges-3.1.2-mc1.21.1neoforge.jar
mcwbridges	mcwbridges:granite_bridge	mcw-bridges-3.1.2-mc1.21.1neoforge.jar
mcwbridges	mcwbridges:granite_bridge_pier	mcw-bridges-3.1.2-mc1.21.1neoforge.jar
mcwbridges	mcwbridges:granite_bridge_stair	mcw-bridges-3.1.2-mc1.21.1neoforge.jar
mcwbridges	mcwbridges:iron_bridge	mcw-bridges-3.1.2-mc1.21.1neoforge.jar
mcwbridges	mcwbridges:iron_bridge_pier	mcw-bridges-3.1.2-mc1.21.1neoforge.jar
mcwbridges	mcwbridges:iron_bridge_stair	mcw-bridges-3.1.2-mc1.21.1neoforge.jar
mcwbridges	mcwbridges:jungle_bridge_pier	mcw-bridges-3.1.2-mc1.21.1neoforge.jar
mcwbridges	mcwbridges:jungle_log_bridge_middle	mcw-bridges-3.1.2-mc1.21.1neoforge.jar
mcwbridges	mcwbridges:jungle_log_bridge_stair	mcw-bridges-3.1.2-mc1.21.1neoforge.jar
mcwbridges	mcwbridges:jungle_rail_bridge	mcw-bridges-3.1.2-mc1.21.1neoforge.jar
mcwbridges	mcwbridges:jungle_rope_bridge_stair	mcw-bridges-3.1.2-mc1.21.1neoforge.jar
mcwbridges	mcwbridges:mangrove_bridge_pier	mcw-bridges-3.1.2-mc1.21.1neoforge.jar
mcwbridges	mcwbridges:mangrove_log_bridge_middle	mcw-bridges-3.1.2-mc1.21.1neoforge.jar
mcwbridges	mcwbridges:mangrove_log_bridge_stair	mcw-bridges-3.1.2-mc1.21.1neoforge.jar
mcwbridges	mcwbridges:mangrove_rail_bridge	mcw-bridges-3.1.2-mc1.21.1neoforge.jar
mcwbridges	mcwbridges:mangrove_rope_bridge_stair	mcw-bridges-3.1.2-mc1.21.1neoforge.jar
mcwbridges	mcwbridges:mossy_cobblestone_bridge	mcw-bridges-3.1.2-mc1.21.1neoforge.jar
mcwbridges	mcwbridges:mossy_cobblestone_bridge_pier	mcw-bridges-3.1.2-mc1.21.1neoforge.jar
mcwbridges	mcwbridges:mossy_cobblestone_bridge_stair	mcw-bridges-3.1.2-mc1.21.1neoforge.jar
mcwbridges	mcwbridges:mossy_stone_brick_bridge	mcw-bridges-3.1.2-mc1.21.1neoforge.jar
mcwbridges	mcwbridges:mossy_stone_bridge_pier	mcw-bridges-3.1.2-mc1.21.1neoforge.jar
mcwbridges	mcwbridges:mossy_stone_bridge_stair	mcw-bridges-3.1.2-mc1.21.1neoforge.jar
mcwbridges	mcwbridges:mud_brick_bridge	mcw-bridges-3.1.2-mc1.21.1neoforge.jar
mcwbridges	mcwbridges:mud_brick_bridge_pier	mcw-bridges-3.1.2-mc1.21.1neoforge.jar
mcwbridges	mcwbridges:mud_brick_bridge_stair	mcw-bridges-3.1.2-mc1.21.1neoforge.jar
mcwbridges	mcwbridges:nether_bricks_bridge	mcw-bridges-3.1.2-mc1.21.1neoforge.jar
mcwbridges	mcwbridges:nether_bricks_bridge_pier	mcw-bridges-3.1.2-mc1.21.1neoforge.jar
mcwbridges	mcwbridges:nether_bricks_bridge_stair	mcw-bridges-3.1.2-mc1.21.1neoforge.jar
mcwbridges	mcwbridges:oak_bridge_pier	mcw-bridges-3.1.2-mc1.21.1neoforge.jar
mcwbridges	mcwbridges:oak_log_bridge_middle	mcw-bridges-3.1.2-mc1.21.1neoforge.jar
mcwbridges	mcwbridges:oak_log_bridge_stair	mcw-bridges-3.1.2-mc1.21.1neoforge.jar
mcwbridges	mcwbridges:oak_rail_bridge	mcw-bridges-3.1.2-mc1.21.1neoforge.jar
mcwbridges	mcwbridges:oak_rope_bridge_stair	mcw-bridges-3.1.2-mc1.21.1neoforge.jar
mcwbridges	mcwbridges:orange_sandstone_bridge	mcw-bridges-3.1.2-mc1.21.1neoforge.jar
mcwbridges	mcwbridges:pliers	mcw-bridges-3.1.2-mc1.21.1neoforge.jar
mcwbridges	mcwbridges:prismarine_bricks_bridge	mcw-bridges-3.1.2-mc1.21.1neoforge.jar
mcwbridges	mcwbridges:prismarine_bricks_bridge_pier	mcw-bridges-3.1.2-mc1.21.1neoforge.jar
mcwbridges	mcwbridges:prismarine_bricks_bridge_stair	mcw-bridges-3.1.2-mc1.21.1neoforge.jar
mcwbridges	mcwbridges:red_sandstone_bridge_pier	mcw-bridges-3.1.2-mc1.21.1neoforge.jar
mcwbridges	mcwbridges:red_sandstone_bridge_stair	mcw-bridges-3.1.2-mc1.21.1neoforge.jar
mcwbridges	mcwbridges:rope_acacia_bridge	mcw-bridges-3.1.2-mc1.21.1neoforge.jar
mcwbridges	mcwbridges:rope_birch_bridge	mcw-bridges-3.1.2-mc1.21.1neoforge.jar
mcwbridges	mcwbridges:rope_cherry_bridge	mcw-bridges-3.1.2-mc1.21.1neoforge.jar
mcwbridges	mcwbridges:rope_crimson_bridge	mcw-bridges-3.1.2-mc1.21.1neoforge.jar
mcwbridges	mcwbridges:rope_dark_oak_bridge	mcw-bridges-3.1.2-mc1.21.1neoforge.jar
mcwbridges	mcwbridges:rope_jungle_bridge	mcw-bridges-3.1.2-mc1.21.1neoforge.jar
mcwbridges	mcwbridges:rope_mangrove_bridge	mcw-bridges-3.1.2-mc1.21.1neoforge.jar
mcwbridges	mcwbridges:rope_oak_bridge	mcw-bridges-3.1.2-mc1.21.1neoforge.jar
mcwbridges	mcwbridges:rope_spruce_bridge	mcw-bridges-3.1.2-mc1.21.1neoforge.jar
mcwbridges	mcwbridges:rope_warped_bridge	mcw-bridges-3.1.2-mc1.21.1neoforge.jar
mcwbridges	mcwbridges:sandstone_bridge	mcw-bridges-3.1.2-mc1.21.1neoforge.jar
mcwbridges	mcwbridges:sandstone_bridge_pier	mcw-bridges-3.1.2-mc1.21.1neoforge.jar
mcwbridges	mcwbridges:sandstone_bridge_stair	mcw-bridges-3.1.2-mc1.21.1neoforge.jar
mcwbridges	mcwbridges:spruce_bridge_pier	mcw-bridges-3.1.2-mc1.21.1neoforge.jar
mcwbridges	mcwbridges:spruce_log_bridge_middle	mcw-bridges-3.1.2-mc1.21.1neoforge.jar
mcwbridges	mcwbridges:spruce_log_bridge_stair	mcw-bridges-3.1.2-mc1.21.1neoforge.jar
mcwbridges	mcwbridges:spruce_rail_bridge	mcw-bridges-3.1.2-mc1.21.1neoforge.jar
mcwbridges	mcwbridges:spruce_rope_bridge_stair	mcw-bridges-3.1.2-mc1.21.1neoforge.jar
mcwbridges	mcwbridges:stone_brick_bridge	mcw-bridges-3.1.2-mc1.21.1neoforge.jar
mcwbridges	mcwbridges:stone_brick_bridge_stair	mcw-bridges-3.1.2-mc1.21.1neoforge.jar
mcwbridges	mcwbridges:stone_bridge_pier	mcw-bridges-3.1.2-mc1.21.1neoforge.jar
mcwbridges	mcwbridges:warped_bridge_pier	mcw-bridges-3.1.2-mc1.21.1neoforge.jar
mcwbridges	mcwbridges:warped_log_bridge_middle	mcw-bridges-3.1.2-mc1.21.1neoforge.jar
mcwbridges	mcwbridges:warped_log_bridge_stair	mcw-bridges-3.1.2-mc1.21.1neoforge.jar
mcwbridges	mcwbridges:warped_rail_bridge	mcw-bridges-3.1.2-mc1.21.1neoforge.jar
mcwbridges	mcwbridges:warped_rope_bridge_stair	mcw-bridges-3.1.2-mc1.21.1neoforge.jar
mcwdoors	mcwdoors:acacia_bamboo_door	mcw-doors-1.1.5-mc1.21.1neoforge.jar
mcwdoors	mcwdoors:acacia_bark_glass_door	mcw-doors-1.1.5-mc1.21.1neoforge.jar
mcwdoors	mcwdoors:acacia_barn_door	mcw-doors-1.1.5-mc1.21.1neoforge.jar
mcwdoors	mcwdoors:acacia_barn_glass_door	mcw-doors-1.1.5-mc1.21.1neoforge.jar
mcwdoors	mcwdoors:acacia_beach_door	mcw-doors-1.1.5-mc1.21.1neoforge.jar
mcwdoors	mcwdoors:acacia_classic_door	mcw-doors-1.1.5-mc1.21.1neoforge.jar
mcwdoors	mcwdoors:acacia_cottage_door	mcw-doors-1.1.5-mc1.21.1neoforge.jar
mcwdoors	mcwdoors:acacia_four_panel_door	mcw-doors-1.1.5-mc1.21.1neoforge.jar
mcwdoors	mcwdoors:acacia_glass_door	mcw-doors-1.1.5-mc1.21.1neoforge.jar
mcwdoors	mcwdoors:acacia_japanese_door	mcw-doors-1.1.5-mc1.21.1neoforge.jar
mcwdoors	mcwdoors:acacia_japanese2_door	mcw-doors-1.1.5-mc1.21.1neoforge.jar
mcwdoors	mcwdoors:acacia_modern_door	mcw-doors-1.1.5-mc1.21.1neoforge.jar
mcwdoors	mcwdoors:acacia_mystic_door	mcw-doors-1.1.5-mc1.21.1neoforge.jar
mcwdoors	mcwdoors:acacia_nether_door	mcw-doors-1.1.5-mc1.21.1neoforge.jar
mcwdoors	mcwdoors:acacia_paper_door	mcw-doors-1.1.5-mc1.21.1neoforge.jar
mcwdoors	mcwdoors:acacia_stable_door	mcw-doors-1.1.5-mc1.21.1neoforge.jar
mcwdoors	mcwdoors:acacia_stable_head_door	mcw-doors-1.1.5-mc1.21.1neoforge.jar
mcwdoors	mcwdoors:acacia_swamp_door	mcw-doors-1.1.5-mc1.21.1neoforge.jar
mcwdoors	mcwdoors:acacia_waffle_door	mcw-doors-1.1.5-mc1.21.1neoforge.jar
mcwdoors	mcwdoors:acacia_western_door	mcw-doors-1.1.5-mc1.21.1neoforge.jar
mcwdoors	mcwdoors:acacia_whispering_door	mcw-doors-1.1.5-mc1.21.1neoforge.jar
mcwdoors	mcwdoors:bamboo_bark_glass_door	mcw-doors-1.1.5-mc1.21.1neoforge.jar
mcwdoors	mcwdoors:bamboo_barn_door	mcw-doors-1.1.5-mc1.21.1neoforge.jar
mcwdoors	mcwdoors:bamboo_barn_glass_door	mcw-doors-1.1.5-mc1.21.1neoforge.jar
mcwdoors	mcwdoors:bamboo_beach_door	mcw-doors-1.1.5-mc1.21.1neoforge.jar
mcwdoors	mcwdoors:bamboo_classic_door	mcw-doors-1.1.5-mc1.21.1neoforge.jar
mcwdoors	mcwdoors:bamboo_cottage_door	mcw-doors-1.1.5-mc1.21.1neoforge.jar
mcwdoors	mcwdoors:bamboo_four_panel_door	mcw-doors-1.1.5-mc1.21.1neoforge.jar
mcwdoors	mcwdoors:bamboo_glass_door	mcw-doors-1.1.5-mc1.21.1neoforge.jar
mcwdoors	mcwdoors:bamboo_japanese_door	mcw-doors-1.1.5-mc1.21.1neoforge.jar
mcwdoors	mcwdoors:bamboo_japanese2_door	mcw-doors-1.1.5-mc1.21.1neoforge.jar
mcwdoors	mcwdoors:bamboo_modern_door	mcw-doors-1.1.5-mc1.21.1neoforge.jar
mcwdoors	mcwdoors:bamboo_mystic_door	mcw-doors-1.1.5-mc1.21.1neoforge.jar
mcwdoors	mcwdoors:bamboo_nether_door	mcw-doors-1.1.5-mc1.21.1neoforge.jar
mcwdoors	mcwdoors:bamboo_paper_door	mcw-doors-1.1.5-mc1.21.1neoforge.jar
mcwdoors	mcwdoors:bamboo_stable_door	mcw-doors-1.1.5-mc1.21.1neoforge.jar
mcwdoors	mcwdoors:bamboo_stable_head_door	mcw-doors-1.1.5-mc1.21.1neoforge.jar
mcwdoors	mcwdoors:bamboo_swamp_door	mcw-doors-1.1.5-mc1.21.1neoforge.jar
mcwdoors	mcwdoors:bamboo_tropical_door	mcw-doors-1.1.5-mc1.21.1neoforge.jar
mcwdoors	mcwdoors:bamboo_waffle_door	mcw-doors-1.1.5-mc1.21.1neoforge.jar
mcwdoors	mcwdoors:bamboo_western_door	mcw-doors-1.1.5-mc1.21.1neoforge.jar
mcwdoors	mcwdoors:bamboo_whispering_door	mcw-doors-1.1.5-mc1.21.1neoforge.jar
mcwdoors	mcwdoors:birch_bamboo_door	mcw-doors-1.1.5-mc1.21.1neoforge.jar
mcwdoors	mcwdoors:birch_bark_glass_door	mcw-doors-1.1.5-mc1.21.1neoforge.jar
mcwdoors	mcwdoors:birch_barn_door	mcw-doors-1.1.5-mc1.21.1neoforge.jar
mcwdoors	mcwdoors:birch_barn_glass_door	mcw-doors-1.1.5-mc1.21.1neoforge.jar
mcwdoors	mcwdoors:birch_beach_door	mcw-doors-1.1.5-mc1.21.1neoforge.jar
mcwdoors	mcwdoors:birch_classic_door	mcw-doors-1.1.5-mc1.21.1neoforge.jar
mcwdoors	mcwdoors:birch_cottage_door	mcw-doors-1.1.5-mc1.21.1neoforge.jar
mcwdoors	mcwdoors:birch_four_panel_door	mcw-doors-1.1.5-mc1.21.1neoforge.jar
mcwdoors	mcwdoors:birch_glass_door	mcw-doors-1.1.5-mc1.21.1neoforge.jar
mcwdoors	mcwdoors:birch_japanese_door	mcw-doors-1.1.5-mc1.21.1neoforge.jar
mcwdoors	mcwdoors:birch_japanese2_door	mcw-doors-1.1.5-mc1.21.1neoforge.jar
mcwdoors	mcwdoors:birch_modern_door	mcw-doors-1.1.5-mc1.21.1neoforge.jar
mcwdoors	mcwdoors:birch_mystic_door	mcw-doors-1.1.5-mc1.21.1neoforge.jar
mcwdoors	mcwdoors:birch_nether_door	mcw-doors-1.1.5-mc1.21.1neoforge.jar
mcwdoors	mcwdoors:birch_stable_door	mcw-doors-1.1.5-mc1.21.1neoforge.jar
mcwdoors	mcwdoors:birch_stable_head_door	mcw-doors-1.1.5-mc1.21.1neoforge.jar
mcwdoors	mcwdoors:birch_swamp_door	mcw-doors-1.1.5-mc1.21.1neoforge.jar
mcwdoors	mcwdoors:birch_tropical_door	mcw-doors-1.1.5-mc1.21.1neoforge.jar
mcwdoors	mcwdoors:birch_waffle_door	mcw-doors-1.1.5-mc1.21.1neoforge.jar
mcwdoors	mcwdoors:birch_western_door	mcw-doors-1.1.5-mc1.21.1neoforge.jar
mcwdoors	mcwdoors:birch_whispering_door	mcw-doors-1.1.5-mc1.21.1neoforge.jar
mcwdoors	mcwdoors:cherry_bamboo_door	mcw-doors-1.1.5-mc1.21.1neoforge.jar
mcwdoors	mcwdoors:cherry_bark_glass_door	mcw-doors-1.1.5-mc1.21.1neoforge.jar
mcwdoors	mcwdoors:cherry_barn_door	mcw-doors-1.1.5-mc1.21.1neoforge.jar
mcwdoors	mcwdoors:cherry_barn_glass_door	mcw-doors-1.1.5-mc1.21.1neoforge.jar
mcwdoors	mcwdoors:cherry_beach_door	mcw-doors-1.1.5-mc1.21.1neoforge.jar
mcwdoors	mcwdoors:cherry_classic_door	mcw-doors-1.1.5-mc1.21.1neoforge.jar
mcwdoors	mcwdoors:cherry_cottage_door	mcw-doors-1.1.5-mc1.21.1neoforge.jar
mcwdoors	mcwdoors:cherry_four_panel_door	mcw-doors-1.1.5-mc1.21.1neoforge.jar
mcwdoors	mcwdoors:cherry_glass_door	mcw-doors-1.1.5-mc1.21.1neoforge.jar
mcwdoors	mcwdoors:cherry_japanese_door	mcw-doors-1.1.5-mc1.21.1neoforge.jar
mcwdoors	mcwdoors:cherry_japanese2_door	mcw-doors-1.1.5-mc1.21.1neoforge.jar
mcwdoors	mcwdoors:cherry_modern_door	mcw-doors-1.1.5-mc1.21.1neoforge.jar
mcwdoors	mcwdoors:cherry_mystic_door	mcw-doors-1.1.5-mc1.21.1neoforge.jar
mcwdoors	mcwdoors:cherry_nether_door	mcw-doors-1.1.5-mc1.21.1neoforge.jar
mcwdoors	mcwdoors:cherry_paper_door	mcw-doors-1.1.5-mc1.21.1neoforge.jar
mcwdoors	mcwdoors:cherry_stable_door	mcw-doors-1.1.5-mc1.21.1neoforge.jar
mcwdoors	mcwdoors:cherry_stable_head_door	mcw-doors-1.1.5-mc1.21.1neoforge.jar
mcwdoors	mcwdoors:cherry_swamp_door	mcw-doors-1.1.5-mc1.21.1neoforge.jar
mcwdoors	mcwdoors:cherry_tropical_door	mcw-doors-1.1.5-mc1.21.1neoforge.jar
mcwdoors	mcwdoors:cherry_waffle_door	mcw-doors-1.1.5-mc1.21.1neoforge.jar
mcwdoors	mcwdoors:cherry_western_door	mcw-doors-1.1.5-mc1.21.1neoforge.jar
mcwdoors	mcwdoors:cherry_whispering_door	mcw-doors-1.1.5-mc1.21.1neoforge.jar
mcwdoors	mcwdoors:crimson_bamboo_door	mcw-doors-1.1.5-mc1.21.1neoforge.jar
mcwdoors	mcwdoors:crimson_barn_door	mcw-doors-1.1.5-mc1.21.1neoforge.jar
mcwdoors	mcwdoors:crimson_barn_glass_door	mcw-doors-1.1.5-mc1.21.1neoforge.jar
mcwdoors	mcwdoors:crimson_beach_door	mcw-doors-1.1.5-mc1.21.1neoforge.jar
mcwdoors	mcwdoors:crimson_classic_door	mcw-doors-1.1.5-mc1.21.1neoforge.jar
mcwdoors	mcwdoors:crimson_cottage_door	mcw-doors-1.1.5-mc1.21.1neoforge.jar
mcwdoors	mcwdoors:crimson_four_panel_door	mcw-doors-1.1.5-mc1.21.1neoforge.jar
mcwdoors	mcwdoors:crimson_glass_door	mcw-doors-1.1.5-mc1.21.1neoforge.jar
mcwdoors	mcwdoors:crimson_japanese_door	mcw-doors-1.1.5-mc1.21.1neoforge.jar
mcwdoors	mcwdoors:crimson_japanese2_door	mcw-doors-1.1.5-mc1.21.1neoforge.jar
mcwdoors	mcwdoors:crimson_modern_door	mcw-doors-1.1.5-mc1.21.1neoforge.jar
mcwdoors	mcwdoors:crimson_mystic_door	mcw-doors-1.1.5-mc1.21.1neoforge.jar
mcwdoors	mcwdoors:crimson_nether_door	mcw-doors-1.1.5-mc1.21.1neoforge.jar
mcwdoors	mcwdoors:crimson_paper_door	mcw-doors-1.1.5-mc1.21.1neoforge.jar
mcwdoors	mcwdoors:crimson_stable_door	mcw-doors-1.1.5-mc1.21.1neoforge.jar
mcwdoors	mcwdoors:crimson_stable_head_door	mcw-doors-1.1.5-mc1.21.1neoforge.jar
mcwdoors	mcwdoors:crimson_stem_glass_door	mcw-doors-1.1.5-mc1.21.1neoforge.jar
mcwdoors	mcwdoors:crimson_swamp_door	mcw-doors-1.1.5-mc1.21.1neoforge.jar
mcwdoors	mcwdoors:crimson_tropical_door	mcw-doors-1.1.5-mc1.21.1neoforge.jar
mcwdoors	mcwdoors:crimson_waffle_door	mcw-doors-1.1.5-mc1.21.1neoforge.jar
mcwdoors	mcwdoors:crimson_western_door	mcw-doors-1.1.5-mc1.21.1neoforge.jar
mcwdoors	mcwdoors:crimson_whispering_door	mcw-doors-1.1.5-mc1.21.1neoforge.jar
mcwdoors	mcwdoors:dark_oak_bamboo_door	mcw-doors-1.1.5-mc1.21.1neoforge.jar
mcwdoors	mcwdoors:dark_oak_bark_glass_door	mcw-doors-1.1.5-mc1.21.1neoforge.jar
mcwdoors	mcwdoors:dark_oak_barn_door	mcw-doors-1.1.5-mc1.21.1neoforge.jar
mcwdoors	mcwdoors:dark_oak_barn_glass_door	mcw-doors-1.1.5-mc1.21.1neoforge.jar
mcwdoors	mcwdoors:dark_oak_beach_door	mcw-doors-1.1.5-mc1.21.1neoforge.jar
mcwdoors	mcwdoors:dark_oak_classic_door	mcw-doors-1.1.5-mc1.21.1neoforge.jar
mcwdoors	mcwdoors:dark_oak_cottage_door	mcw-doors-1.1.5-mc1.21.1neoforge.jar
mcwdoors	mcwdoors:dark_oak_glass_door	mcw-doors-1.1.5-mc1.21.1neoforge.jar
mcwdoors	mcwdoors:dark_oak_japanese_door	mcw-doors-1.1.5-mc1.21.1neoforge.jar
mcwdoors	mcwdoors:dark_oak_japanese2_door	mcw-doors-1.1.5-mc1.21.1neoforge.jar
mcwdoors	mcwdoors:dark_oak_modern_door	mcw-doors-1.1.5-mc1.21.1neoforge.jar
mcwdoors	mcwdoors:dark_oak_mystic_door	mcw-doors-1.1.5-mc1.21.1neoforge.jar
mcwdoors	mcwdoors:dark_oak_nether_door	mcw-doors-1.1.5-mc1.21.1neoforge.jar
mcwdoors	mcwdoors:dark_oak_paper_door	mcw-doors-1.1.5-mc1.21.1neoforge.jar
mcwdoors	mcwdoors:dark_oak_stable_door	mcw-doors-1.1.5-mc1.21.1neoforge.jar
mcwdoors	mcwdoors:dark_oak_stable_head_door	mcw-doors-1.1.5-mc1.21.1neoforge.jar
mcwdoors	mcwdoors:dark_oak_swamp_door	mcw-doors-1.1.5-mc1.21.1neoforge.jar
mcwdoors	mcwdoors:dark_oak_tropical_door	mcw-doors-1.1.5-mc1.21.1neoforge.jar
mcwdoors	mcwdoors:dark_oak_waffle_door	mcw-doors-1.1.5-mc1.21.1neoforge.jar
mcwdoors	mcwdoors:dark_oak_western_door	mcw-doors-1.1.5-mc1.21.1neoforge.jar
mcwdoors	mcwdoors:dark_oak_whispering_door	mcw-doors-1.1.5-mc1.21.1neoforge.jar
mcwdoors	mcwdoors:garage_black_door	mcw-doors-1.1.5-mc1.21.1neoforge.jar
mcwdoors	mcwdoors:garage_gray_door	mcw-doors-1.1.5-mc1.21.1neoforge.jar
mcwdoors	mcwdoors:garage_silver_door	mcw-doors-1.1.5-mc1.21.1neoforge.jar
mcwdoors	mcwdoors:garage_white_door	mcw-doors-1.1.5-mc1.21.1neoforge.jar
mcwdoors	mcwdoors:iron_portcullis	mcw-doors-1.1.5-mc1.21.1neoforge.jar
mcwdoors	mcwdoors:jail_door	mcw-doors-1.1.5-mc1.21.1neoforge.jar
mcwdoors	mcwdoors:jungle_bamboo_door	mcw-doors-1.1.5-mc1.21.1neoforge.jar
mcwdoors	mcwdoors:jungle_bark_glass_door	mcw-doors-1.1.5-mc1.21.1neoforge.jar
mcwdoors	mcwdoors:jungle_barn_door	mcw-doors-1.1.5-mc1.21.1neoforge.jar
mcwdoors	mcwdoors:jungle_barn_glass_door	mcw-doors-1.1.5-mc1.21.1neoforge.jar
mcwdoors	mcwdoors:jungle_classic_door	mcw-doors-1.1.5-mc1.21.1neoforge.jar
mcwdoors	mcwdoors:jungle_cottage_door	mcw-doors-1.1.5-mc1.21.1neoforge.jar
mcwdoors	mcwdoors:jungle_four_panel_door	mcw-doors-1.1.5-mc1.21.1neoforge.jar
mcwdoors	mcwdoors:jungle_glass_door	mcw-doors-1.1.5-mc1.21.1neoforge.jar
mcwdoors	mcwdoors:jungle_japanese_door	mcw-doors-1.1.5-mc1.21.1neoforge.jar
mcwdoors	mcwdoors:jungle_japanese2_door	mcw-doors-1.1.5-mc1.21.1neoforge.jar
mcwdoors	mcwdoors:jungle_modern_door	mcw-doors-1.1.5-mc1.21.1neoforge.jar
mcwdoors	mcwdoors:jungle_mystic_door	mcw-doors-1.1.5-mc1.21.1neoforge.jar
mcwdoors	mcwdoors:jungle_nether_door	mcw-doors-1.1.5-mc1.21.1neoforge.jar
mcwdoors	mcwdoors:jungle_paper_door	mcw-doors-1.1.5-mc1.21.1neoforge.jar
mcwdoors	mcwdoors:jungle_stable_door	mcw-doors-1.1.5-mc1.21.1neoforge.jar
mcwdoors	mcwdoors:jungle_stable_head_door	mcw-doors-1.1.5-mc1.21.1neoforge.jar
mcwdoors	mcwdoors:jungle_swamp_door	mcw-doors-1.1.5-mc1.21.1neoforge.jar
mcwdoors	mcwdoors:jungle_tropical_door	mcw-doors-1.1.5-mc1.21.1neoforge.jar
mcwdoors	mcwdoors:jungle_waffle_door	mcw-doors-1.1.5-mc1.21.1neoforge.jar
mcwdoors	mcwdoors:jungle_western_door	mcw-doors-1.1.5-mc1.21.1neoforge.jar
mcwdoors	mcwdoors:jungle_whispering_door	mcw-doors-1.1.5-mc1.21.1neoforge.jar
mcwdoors	mcwdoors:mangrove_bamboo_door	mcw-doors-1.1.5-mc1.21.1neoforge.jar
mcwdoors	mcwdoors:mangrove_bark_glass_door	mcw-doors-1.1.5-mc1.21.1neoforge.jar
mcwdoors	mcwdoors:mangrove_barn_door	mcw-doors-1.1.5-mc1.21.1neoforge.jar
mcwdoors	mcwdoors:mangrove_barn_glass_door	mcw-doors-1.1.5-mc1.21.1neoforge.jar
mcwdoors	mcwdoors:mangrove_beach_door	mcw-doors-1.1.5-mc1.21.1neoforge.jar
mcwdoors	mcwdoors:mangrove_classic_door	mcw-doors-1.1.5-mc1.21.1neoforge.jar
mcwdoors	mcwdoors:mangrove_cottage_door	mcw-doors-1.1.5-mc1.21.1neoforge.jar
mcwdoors	mcwdoors:mangrove_four_panel_door	mcw-doors-1.1.5-mc1.21.1neoforge.jar
mcwdoors	mcwdoors:mangrove_glass_door	mcw-doors-1.1.5-mc1.21.1neoforge.jar
mcwdoors	mcwdoors:mangrove_japanese_door	mcw-doors-1.1.5-mc1.21.1neoforge.jar
mcwdoors	mcwdoors:mangrove_japanese2_door	mcw-doors-1.1.5-mc1.21.1neoforge.jar
mcwdoors	mcwdoors:mangrove_modern_door	mcw-doors-1.1.5-mc1.21.1neoforge.jar
mcwdoors	mcwdoors:mangrove_mystic_door	mcw-doors-1.1.5-mc1.21.1neoforge.jar
mcwdoors	mcwdoors:mangrove_nether_door	mcw-doors-1.1.5-mc1.21.1neoforge.jar
mcwdoors	mcwdoors:mangrove_paper_door	mcw-doors-1.1.5-mc1.21.1neoforge.jar
mcwdoors	mcwdoors:mangrove_stable_door	mcw-doors-1.1.5-mc1.21.1neoforge.jar
mcwdoors	mcwdoors:mangrove_stable_head_door	mcw-doors-1.1.5-mc1.21.1neoforge.jar
mcwdoors	mcwdoors:mangrove_tropical_door	mcw-doors-1.1.5-mc1.21.1neoforge.jar
mcwdoors	mcwdoors:mangrove_waffle_door	mcw-doors-1.1.5-mc1.21.1neoforge.jar
mcwdoors	mcwdoors:mangrove_western_door	mcw-doors-1.1.5-mc1.21.1neoforge.jar
mcwdoors	mcwdoors:mangrove_whispering_door	mcw-doors-1.1.5-mc1.21.1neoforge.jar
mcwdoors	mcwdoors:metal_door	mcw-doors-1.1.5-mc1.21.1neoforge.jar
mcwdoors	mcwdoors:metal_hospital_door	mcw-doors-1.1.5-mc1.21.1neoforge.jar
mcwdoors	mcwdoors:metal_reinforced_door	mcw-doors-1.1.5-mc1.21.1neoforge.jar
mcwdoors	mcwdoors:metal_warning_door	mcw-doors-1.1.5-mc1.21.1neoforge.jar
mcwdoors	mcwdoors:metal_windowed_door	mcw-doors-1.1.5-mc1.21.1neoforge.jar
mcwdoors	mcwdoors:oak_bamboo_door	mcw-doors-1.1.5-mc1.21.1neoforge.jar
mcwdoors	mcwdoors:oak_bark_glass_door	mcw-doors-1.1.5-mc1.21.1neoforge.jar
mcwdoors	mcwdoors:oak_barn_door	mcw-doors-1.1.5-mc1.21.1neoforge.jar
mcwdoors	mcwdoors:oak_barn_glass_door	mcw-doors-1.1.5-mc1.21.1neoforge.jar
mcwdoors	mcwdoors:oak_beach_door	mcw-doors-1.1.5-mc1.21.1neoforge.jar
mcwdoors	mcwdoors:oak_cottage_door	mcw-doors-1.1.5-mc1.21.1neoforge.jar
mcwdoors	mcwdoors:oak_four_panel_door	mcw-doors-1.1.5-mc1.21.1neoforge.jar
mcwdoors	mcwdoors:oak_glass_door	mcw-doors-1.1.5-mc1.21.1neoforge.jar
mcwdoors	mcwdoors:oak_japanese_door	mcw-doors-1.1.5-mc1.21.1neoforge.jar
mcwdoors	mcwdoors:oak_japanese2_door	mcw-doors-1.1.5-mc1.21.1neoforge.jar
mcwdoors	mcwdoors:oak_modern_door	mcw-doors-1.1.5-mc1.21.1neoforge.jar
mcwdoors	mcwdoors:oak_mystic_door	mcw-doors-1.1.5-mc1.21.1neoforge.jar
mcwdoors	mcwdoors:oak_nether_door	mcw-doors-1.1.5-mc1.21.1neoforge.jar
mcwdoors	mcwdoors:oak_paper_door	mcw-doors-1.1.5-mc1.21.1neoforge.jar
mcwdoors	mcwdoors:oak_stable_door	mcw-doors-1.1.5-mc1.21.1neoforge.jar
mcwdoors	mcwdoors:oak_stable_head_door	mcw-doors-1.1.5-mc1.21.1neoforge.jar
mcwdoors	mcwdoors:oak_swamp_door	mcw-doors-1.1.5-mc1.21.1neoforge.jar
mcwdoors	mcwdoors:oak_tropical_door	mcw-doors-1.1.5-mc1.21.1neoforge.jar
mcwdoors	mcwdoors:oak_waffle_door	mcw-doors-1.1.5-mc1.21.1neoforge.jar
mcwdoors	mcwdoors:oak_western_door	mcw-doors-1.1.5-mc1.21.1neoforge.jar
mcwdoors	mcwdoors:oak_whispering_door	mcw-doors-1.1.5-mc1.21.1neoforge.jar
mcwdoors	mcwdoors:print_acacia	mcw-doors-1.1.5-mc1.21.1neoforge.jar
mcwdoors	mcwdoors:print_bamboo	mcw-doors-1.1.5-mc1.21.1neoforge.jar
mcwdoors	mcwdoors:print_birch	mcw-doors-1.1.5-mc1.21.1neoforge.jar
mcwdoors	mcwdoors:print_dark_oak	mcw-doors-1.1.5-mc1.21.1neoforge.jar
mcwdoors	mcwdoors:print_jungle	mcw-doors-1.1.5-mc1.21.1neoforge.jar
mcwdoors	mcwdoors:print_mystic	mcw-doors-1.1.5-mc1.21.1neoforge.jar
mcwdoors	mcwdoors:print_nether	mcw-doors-1.1.5-mc1.21.1neoforge.jar
mcwdoors	mcwdoors:print_oak	mcw-doors-1.1.5-mc1.21.1neoforge.jar
mcwdoors	mcwdoors:print_spruce	mcw-doors-1.1.5-mc1.21.1neoforge.jar
mcwdoors	mcwdoors:print_swamp	mcw-doors-1.1.5-mc1.21.1neoforge.jar
mcwdoors	mcwdoors:print_waffle	mcw-doors-1.1.5-mc1.21.1neoforge.jar
mcwdoors	mcwdoors:print_whispering	mcw-doors-1.1.5-mc1.21.1neoforge.jar
mcwdoors	mcwdoors:sliding_glass_door	mcw-doors-1.1.5-mc1.21.1neoforge.jar
mcwdoors	mcwdoors:spruce_bamboo_door	mcw-doors-1.1.5-mc1.21.1neoforge.jar
mcwdoors	mcwdoors:spruce_bark_glass_door	mcw-doors-1.1.5-mc1.21.1neoforge.jar
mcwdoors	mcwdoors:spruce_barn_door	mcw-doors-1.1.5-mc1.21.1neoforge.jar
mcwdoors	mcwdoors:spruce_barn_glass_door	mcw-doors-1.1.5-mc1.21.1neoforge.jar
mcwdoors	mcwdoors:spruce_beach_door	mcw-doors-1.1.5-mc1.21.1neoforge.jar
mcwdoors	mcwdoors:spruce_classic_door	mcw-doors-1.1.5-mc1.21.1neoforge.jar
mcwdoors	mcwdoors:spruce_four_panel_door	mcw-doors-1.1.5-mc1.21.1neoforge.jar
mcwdoors	mcwdoors:spruce_glass_door	mcw-doors-1.1.5-mc1.21.1neoforge.jar
mcwdoors	mcwdoors:spruce_japanese_door	mcw-doors-1.1.5-mc1.21.1neoforge.jar
mcwdoors	mcwdoors:spruce_japanese2_door	mcw-doors-1.1.5-mc1.21.1neoforge.jar
mcwdoors	mcwdoors:spruce_modern_door	mcw-doors-1.1.5-mc1.21.1neoforge.jar
mcwdoors	mcwdoors:spruce_mystic_door	mcw-doors-1.1.5-mc1.21.1neoforge.jar
mcwdoors	mcwdoors:spruce_nether_door	mcw-doors-1.1.5-mc1.21.1neoforge.jar
mcwdoors	mcwdoors:spruce_paper_door	mcw-doors-1.1.5-mc1.21.1neoforge.jar
mcwdoors	mcwdoors:spruce_stable_door	mcw-doors-1.1.5-mc1.21.1neoforge.jar
mcwdoors	mcwdoors:spruce_stable_head_door	mcw-doors-1.1.5-mc1.21.1neoforge.jar
mcwdoors	mcwdoors:spruce_swamp_door	mcw-doors-1.1.5-mc1.21.1neoforge.jar
mcwdoors	mcwdoors:spruce_tropical_door	mcw-doors-1.1.5-mc1.21.1neoforge.jar
mcwdoors	mcwdoors:spruce_waffle_door	mcw-doors-1.1.5-mc1.21.1neoforge.jar
mcwdoors	mcwdoors:spruce_western_door	mcw-doors-1.1.5-mc1.21.1neoforge.jar
mcwdoors	mcwdoors:spruce_whispering_door	mcw-doors-1.1.5-mc1.21.1neoforge.jar
mcwdoors	mcwdoors:store_door	mcw-doors-1.1.5-mc1.21.1neoforge.jar
mcwdoors	mcwdoors:warped_bamboo_door	mcw-doors-1.1.5-mc1.21.1neoforge.jar
mcwdoors	mcwdoors:warped_barn_door	mcw-doors-1.1.5-mc1.21.1neoforge.jar
mcwdoors	mcwdoors:warped_barn_glass_door	mcw-doors-1.1.5-mc1.21.1neoforge.jar
mcwdoors	mcwdoors:warped_beach_door	mcw-doors-1.1.5-mc1.21.1neoforge.jar
mcwdoors	mcwdoors:warped_classic_door	mcw-doors-1.1.5-mc1.21.1neoforge.jar
mcwdoors	mcwdoors:warped_cottage_door	mcw-doors-1.1.5-mc1.21.1neoforge.jar
mcwdoors	mcwdoors:warped_four_panel_door	mcw-doors-1.1.5-mc1.21.1neoforge.jar
mcwdoors	mcwdoors:warped_glass_door	mcw-doors-1.1.5-mc1.21.1neoforge.jar
mcwdoors	mcwdoors:warped_japanese_door	mcw-doors-1.1.5-mc1.21.1neoforge.jar
mcwdoors	mcwdoors:warped_japanese2_door	mcw-doors-1.1.5-mc1.21.1neoforge.jar
mcwdoors	mcwdoors:warped_modern_door	mcw-doors-1.1.5-mc1.21.1neoforge.jar
mcwdoors	mcwdoors:warped_mystic_door	mcw-doors-1.1.5-mc1.21.1neoforge.jar
mcwdoors	mcwdoors:warped_nether_door	mcw-doors-1.1.5-mc1.21.1neoforge.jar
mcwdoors	mcwdoors:warped_paper_door	mcw-doors-1.1.5-mc1.21.1neoforge.jar
mcwdoors	mcwdoors:warped_stable_door	mcw-doors-1.1.5-mc1.21.1neoforge.jar
mcwdoors	mcwdoors:warped_stable_head_door	mcw-doors-1.1.5-mc1.21.1neoforge.jar
mcwdoors	mcwdoors:warped_stem_glass_door	mcw-doors-1.1.5-mc1.21.1neoforge.jar
mcwdoors	mcwdoors:warped_swamp_door	mcw-doors-1.1.5-mc1.21.1neoforge.jar
mcwdoors	mcwdoors:warped_tropical_door	mcw-doors-1.1.5-mc1.21.1neoforge.jar
mcwdoors	mcwdoors:warped_waffle_door	mcw-doors-1.1.5-mc1.21.1neoforge.jar
mcwdoors	mcwdoors:warped_western_door	mcw-doors-1.1.5-mc1.21.1neoforge.jar
mcwdoors	mcwdoors:warped_whispering_door	mcw-doors-1.1.5-mc1.21.1neoforge.jar
mcwdoors	mcwdoors:wooden_portcullis	mcw-doors-1.1.5-mc1.21.1neoforge.jar
mcwfences	mcwfences:acacia_curved_gate	mcw-mcwfences-1.2.1-mc1.21.1neoforge.jar
mcwfences	mcwfences:acacia_hedge	mcw-mcwfences-1.2.1-mc1.21.1neoforge.jar
mcwfences	mcwfences:acacia_highley_gate	mcw-mcwfences-1.2.1-mc1.21.1neoforge.jar
mcwfences	mcwfences:acacia_horse_fence	mcw-mcwfences-1.2.1-mc1.21.1neoforge.jar
mcwfences	mcwfences:acacia_picket_fence	mcw-mcwfences-1.2.1-mc1.21.1neoforge.jar
mcwfences	mcwfences:acacia_pyramid_gate	mcw-mcwfences-1.2.1-mc1.21.1neoforge.jar
mcwfences	mcwfences:acacia_stockade_fence	mcw-mcwfences-1.2.1-mc1.21.1neoforge.jar
mcwfences	mcwfences:acacia_wired_fence	mcw-mcwfences-1.2.1-mc1.21.1neoforge.jar
mcwfences	mcwfences:acorn_metal_fence	mcw-mcwfences-1.2.1-mc1.21.1neoforge.jar
mcwfences	mcwfences:andesite_grass_topped_wall	mcw-mcwfences-1.2.1-mc1.21.1neoforge.jar
mcwfences	mcwfences:andesite_pillar_wall	mcw-mcwfences-1.2.1-mc1.21.1neoforge.jar
mcwfences	mcwfences:andesite_railing_gate	mcw-mcwfences-1.2.1-mc1.21.1neoforge.jar
mcwfences	mcwfences:azalea_hedge	mcw-mcwfences-1.2.1-mc1.21.1neoforge.jar
mcwfences	mcwfences:bamboo_curved_gate	mcw-mcwfences-1.2.1-mc1.21.1neoforge.jar
mcwfences	mcwfences:bamboo_fence	mcw-mcwfences-1.2.1-mc1.21.1neoforge.jar
mcwfences	mcwfences:bamboo_highley_gate	mcw-mcwfences-1.2.1-mc1.21.1neoforge.jar
mcwfences	mcwfences:bamboo_horse_fence	mcw-mcwfences-1.2.1-mc1.21.1neoforge.jar
mcwfences	mcwfences:bamboo_picket_fence	mcw-mcwfences-1.2.1-mc1.21.1neoforge.jar
mcwfences	mcwfences:bamboo_pyramid_gate	mcw-mcwfences-1.2.1-mc1.21.1neoforge.jar
mcwfences	mcwfences:bamboo_stockade_fence	mcw-mcwfences-1.2.1-mc1.21.1neoforge.jar
mcwfences	mcwfences:bamboo_wired_fence	mcw-mcwfences-1.2.1-mc1.21.1neoforge.jar
mcwfences	mcwfences:bastion_metal_fence	mcw-mcwfences-1.2.1-mc1.21.1neoforge.jar
mcwfences	mcwfences:bastion_metal_fence_gate	mcw-mcwfences-1.2.1-mc1.21.1neoforge.jar
mcwfences	mcwfences:birch_curved_gate	mcw-mcwfences-1.2.1-mc1.21.1neoforge.jar
mcwfences	mcwfences:birch_hedge	mcw-mcwfences-1.2.1-mc1.21.1neoforge.jar
mcwfences	mcwfences:birch_highley_gate	mcw-mcwfences-1.2.1-mc1.21.1neoforge.jar
mcwfences	mcwfences:birch_horse_fence	mcw-mcwfences-1.2.1-mc1.21.1neoforge.jar
mcwfences	mcwfences:birch_picket_fence	mcw-mcwfences-1.2.1-mc1.21.1neoforge.jar
mcwfences	mcwfences:birch_pyramid_gate	mcw-mcwfences-1.2.1-mc1.21.1neoforge.jar
mcwfences	mcwfences:birch_stockade_fence	mcw-mcwfences-1.2.1-mc1.21.1neoforge.jar
mcwfences	mcwfences:birch_wired_fence	mcw-mcwfences-1.2.1-mc1.21.1neoforge.jar
mcwfences	mcwfences:blackstone_brick_railing_gate	mcw-mcwfences-1.2.1-mc1.21.1neoforge.jar
mcwfences	mcwfences:blackstone_grass_topped_wall	mcw-mcwfences-1.2.1-mc1.21.1neoforge.jar
mcwfences	mcwfences:blackstone_pillar_wall	mcw-mcwfences-1.2.1-mc1.21.1neoforge.jar
mcwfences	mcwfences:blackstone_railing_gate	mcw-mcwfences-1.2.1-mc1.21.1neoforge.jar
mcwfences	mcwfences:cathedral_metal_fence	mcw-mcwfences-1.2.1-mc1.21.1neoforge.jar
mcwfences	mcwfences:cherry_curved_gate	mcw-mcwfences-1.2.1-mc1.21.1neoforge.jar
mcwfences	mcwfences:cherry_hedge	mcw-mcwfences-1.2.1-mc1.21.1neoforge.jar
mcwfences	mcwfences:cherry_highley_gate	mcw-mcwfences-1.2.1-mc1.21.1neoforge.jar
mcwfences	mcwfences:cherry_horse_fence	mcw-mcwfences-1.2.1-mc1.21.1neoforge.jar
mcwfences	mcwfences:cherry_picket_fence	mcw-mcwfences-1.2.1-mc1.21.1neoforge.jar
mcwfences	mcwfences:cherry_pyramid_gate	mcw-mcwfences-1.2.1-mc1.21.1neoforge.jar
mcwfences	mcwfences:cherry_stockade_fence	mcw-mcwfences-1.2.1-mc1.21.1neoforge.jar
mcwfences	mcwfences:cherry_wired_fence	mcw-mcwfences-1.2.1-mc1.21.1neoforge.jar
mcwfences	mcwfences:crimson_curved_gate	mcw-mcwfences-1.2.1-mc1.21.1neoforge.jar
mcwfences	mcwfences:crimson_highley_gate	mcw-mcwfences-1.2.1-mc1.21.1neoforge.jar
mcwfences	mcwfences:crimson_horse_fence	mcw-mcwfences-1.2.1-mc1.21.1neoforge.jar
mcwfences	mcwfences:crimson_picket_fence	mcw-mcwfences-1.2.1-mc1.21.1neoforge.jar
mcwfences	mcwfences:crimson_pyramid_gate	mcw-mcwfences-1.2.1-mc1.21.1neoforge.jar
mcwfences	mcwfences:crimson_stockade_fence	mcw-mcwfences-1.2.1-mc1.21.1neoforge.jar
mcwfences	mcwfences:crimson_wired_fence	mcw-mcwfences-1.2.1-mc1.21.1neoforge.jar
mcwfences	mcwfences:curved_metal_fence	mcw-mcwfences-1.2.1-mc1.21.1neoforge.jar
mcwfences	mcwfences:curved_metal_fence_gate	mcw-mcwfences-1.2.1-mc1.21.1neoforge.jar
mcwfences	mcwfences:dark_oak_curved_gate	mcw-mcwfences-1.2.1-mc1.21.1neoforge.jar
mcwfences	mcwfences:dark_oak_hedge	mcw-mcwfences-1.2.1-mc1.21.1neoforge.jar
mcwfences	mcwfences:dark_oak_highley_gate	mcw-mcwfences-1.2.1-mc1.21.1neoforge.jar
mcwfences	mcwfences:dark_oak_horse_fence	mcw-mcwfences-1.2.1-mc1.21.1neoforge.jar
mcwfences	mcwfences:dark_oak_picket_fence	mcw-mcwfences-1.2.1-mc1.21.1neoforge.jar
mcwfences	mcwfences:dark_oak_pyramid_gate	mcw-mcwfences-1.2.1-mc1.21.1neoforge.jar
mcwfences	mcwfences:dark_oak_stockade_fence	mcw-mcwfences-1.2.1-mc1.21.1neoforge.jar
mcwfences	mcwfences:dark_oak_wired_fence	mcw-mcwfences-1.2.1-mc1.21.1neoforge.jar
mcwfences	mcwfences:deepslate_brick_grass_topped_wall	mcw-mcwfences-1.2.1-mc1.21.1neoforge.jar
mcwfences	mcwfences:deepslate_brick_pillar_wall	mcw-mcwfences-1.2.1-mc1.21.1neoforge.jar
mcwfences	mcwfences:deepslate_brick_railing_gate	mcw-mcwfences-1.2.1-mc1.21.1neoforge.jar
mcwfences	mcwfences:deepslate_grass_topped_wall	mcw-mcwfences-1.2.1-mc1.21.1neoforge.jar
mcwfences	mcwfences:deepslate_pillar_wall	mcw-mcwfences-1.2.1-mc1.21.1neoforge.jar
mcwfences	mcwfences:deepslate_railing_gate	mcw-mcwfences-1.2.1-mc1.21.1neoforge.jar
mcwfences	mcwfences:diorite_grass_topped_wall	mcw-mcwfences-1.2.1-mc1.21.1neoforge.jar
mcwfences	mcwfences:diorite_pillar_wall	mcw-mcwfences-1.2.1-mc1.21.1neoforge.jar
mcwfences	mcwfences:diorite_railing_gate	mcw-mcwfences-1.2.1-mc1.21.1neoforge.jar
mcwfences	mcwfences:double_curved_metal_fence	mcw-mcwfences-1.2.1-mc1.21.1neoforge.jar
mcwfences	mcwfences:end_brick_grass_topped_wall	mcw-mcwfences-1.2.1-mc1.21.1neoforge.jar
mcwfences	mcwfences:end_brick_pillar_wall	mcw-mcwfences-1.2.1-mc1.21.1neoforge.jar
mcwfences	mcwfences:end_brick_railing_gate	mcw-mcwfences-1.2.1-mc1.21.1neoforge.jar
mcwfences	mcwfences:expanded_mesh_metal_fence	mcw-mcwfences-1.2.1-mc1.21.1neoforge.jar
mcwfences	mcwfences:flowering_azalea_hedge	mcw-mcwfences-1.2.1-mc1.21.1neoforge.jar
mcwfences	mcwfences:fortress_metal_fence	mcw-mcwfences-1.2.1-mc1.21.1neoforge.jar
mcwfences	mcwfences:gothic_metal_fence	mcw-mcwfences-1.2.1-mc1.21.1neoforge.jar
mcwfences	mcwfences:granite_grass_topped_wall	mcw-mcwfences-1.2.1-mc1.21.1neoforge.jar
mcwfences	mcwfences:granite_pillar_wall	mcw-mcwfences-1.2.1-mc1.21.1neoforge.jar
mcwfences	mcwfences:granite_railing_gate	mcw-mcwfences-1.2.1-mc1.21.1neoforge.jar
mcwfences	mcwfences:guardian_metal_fence	mcw-mcwfences-1.2.1-mc1.21.1neoforge.jar
mcwfences	mcwfences:iron_cheval_de_frise	mcw-mcwfences-1.2.1-mc1.21.1neoforge.jar
mcwfences	mcwfences:jungle_curved_gate	mcw-mcwfences-1.2.1-mc1.21.1neoforge.jar
mcwfences	mcwfences:jungle_hedge	mcw-mcwfences-1.2.1-mc1.21.1neoforge.jar
mcwfences	mcwfences:jungle_highley_gate	mcw-mcwfences-1.2.1-mc1.21.1neoforge.jar
mcwfences	mcwfences:jungle_horse_fence	mcw-mcwfences-1.2.1-mc1.21.1neoforge.jar
mcwfences	mcwfences:jungle_picket_fence	mcw-mcwfences-1.2.1-mc1.21.1neoforge.jar
mcwfences	mcwfences:jungle_pyramid_gate	mcw-mcwfences-1.2.1-mc1.21.1neoforge.jar
mcwfences	mcwfences:jungle_stockade_fence	mcw-mcwfences-1.2.1-mc1.21.1neoforge.jar
mcwfences	mcwfences:jungle_wired_fence	mcw-mcwfences-1.2.1-mc1.21.1neoforge.jar
mcwfences	mcwfences:majestic_metal_fence_gate	mcw-mcwfences-1.2.1-mc1.21.1neoforge.jar
mcwfences	mcwfences:mangrove_curved_gate	mcw-mcwfences-1.2.1-mc1.21.1neoforge.jar
mcwfences	mcwfences:mangrove_hedge	mcw-mcwfences-1.2.1-mc1.21.1neoforge.jar
mcwfences	mcwfences:mangrove_highley_gate	mcw-mcwfences-1.2.1-mc1.21.1neoforge.jar
mcwfences	mcwfences:mangrove_horse_fence	mcw-mcwfences-1.2.1-mc1.21.1neoforge.jar
mcwfences	mcwfences:mangrove_picket_fence	mcw-mcwfences-1.2.1-mc1.21.1neoforge.jar
mcwfences	mcwfences:mangrove_pyramid_gate	mcw-mcwfences-1.2.1-mc1.21.1neoforge.jar
mcwfences	mcwfences:mangrove_stockade_fence	mcw-mcwfences-1.2.1-mc1.21.1neoforge.jar
mcwfences	mcwfences:mangrove_wired_fence	mcw-mcwfences-1.2.1-mc1.21.1neoforge.jar
mcwfences	mcwfences:mesh_metal_fence	mcw-mcwfences-1.2.1-mc1.21.1neoforge.jar
mcwfences	mcwfences:mesh_metal_fence_gate	mcw-mcwfences-1.2.1-mc1.21.1neoforge.jar
mcwfences	mcwfences:modern_andesite_wall	mcw-mcwfences-1.2.1-mc1.21.1neoforge.jar
mcwfences	mcwfences:modern_blackstone_wall	mcw-mcwfences-1.2.1-mc1.21.1neoforge.jar
mcwfences	mcwfences:modern_deepslate_brick_wall	mcw-mcwfences-1.2.1-mc1.21.1neoforge.jar
mcwfences	mcwfences:modern_deepslate_wall	mcw-mcwfences-1.2.1-mc1.21.1neoforge.jar
mcwfences	mcwfences:modern_diorite_wall	mcw-mcwfences-1.2.1-mc1.21.1neoforge.jar
mcwfences	mcwfences:modern_end_brick_wall	mcw-mcwfences-1.2.1-mc1.21.1neoforge.jar
mcwfences	mcwfences:modern_granite_wall	mcw-mcwfences-1.2.1-mc1.21.1neoforge.jar
mcwfences	mcwfences:modern_mud_brick_wall	mcw-mcwfences-1.2.1-mc1.21.1neoforge.jar
mcwfences	mcwfences:modern_nether_brick_wall	mcw-mcwfences-1.2.1-mc1.21.1neoforge.jar
mcwfences	mcwfences:modern_prismarine_wall	mcw-mcwfences-1.2.1-mc1.21.1neoforge.jar
mcwfences	mcwfences:modern_quartz_wall	mcw-mcwfences-1.2.1-mc1.21.1neoforge.jar
mcwfences	mcwfences:modern_red_sandstone_wall	mcw-mcwfences-1.2.1-mc1.21.1neoforge.jar
mcwfences	mcwfences:modern_sandstone_wall	mcw-mcwfences-1.2.1-mc1.21.1neoforge.jar
mcwfences	mcwfences:modern_stone_brick_wall	mcw-mcwfences-1.2.1-mc1.21.1neoforge.jar
mcwfences	mcwfences:mud_brick_grass_topped_wall	mcw-mcwfences-1.2.1-mc1.21.1neoforge.jar
mcwfences	mcwfences:mud_brick_pillar_wall	mcw-mcwfences-1.2.1-mc1.21.1neoforge.jar
mcwfences	mcwfences:mud_brick_railing_gate	mcw-mcwfences-1.2.1-mc1.21.1neoforge.jar
mcwfences	mcwfences:nether_brick_grass_topped_wall	mcw-mcwfences-1.2.1-mc1.21.1neoforge.jar
mcwfences	mcwfences:nether_brick_pillar_wall	mcw-mcwfences-1.2.1-mc1.21.1neoforge.jar
mcwfences	mcwfences:nether_brick_railing_gate	mcw-mcwfences-1.2.1-mc1.21.1neoforge.jar
mcwfences	mcwfences:oak_curved_gate	mcw-mcwfences-1.2.1-mc1.21.1neoforge.jar
mcwfences	mcwfences:oak_hedge	mcw-mcwfences-1.2.1-mc1.21.1neoforge.jar
mcwfences	mcwfences:oak_highley_gate	mcw-mcwfences-1.2.1-mc1.21.1neoforge.jar
mcwfences	mcwfences:oak_horse_fence	mcw-mcwfences-1.2.1-mc1.21.1neoforge.jar
mcwfences	mcwfences:oak_picket_fence	mcw-mcwfences-1.2.1-mc1.21.1neoforge.jar
mcwfences	mcwfences:oak_pyramid_gate	mcw-mcwfences-1.2.1-mc1.21.1neoforge.jar
mcwfences	mcwfences:oak_stockade_fence	mcw-mcwfences-1.2.1-mc1.21.1neoforge.jar
mcwfences	mcwfences:oak_wired_fence	mcw-mcwfences-1.2.1-mc1.21.1neoforge.jar
mcwfences	mcwfences:ornate_metal_fence	mcw-mcwfences-1.2.1-mc1.21.1neoforge.jar
mcwfences	mcwfences:panelled_metal_fence	mcw-mcwfences-1.2.1-mc1.21.1neoforge.jar
mcwfences	mcwfences:panelled_metal_fence_gate	mcw-mcwfences-1.2.1-mc1.21.1neoforge.jar
mcwfences	mcwfences:prismarine_grass_topped_wall	mcw-mcwfences-1.2.1-mc1.21.1neoforge.jar
mcwfences	mcwfences:prismarine_pillar_wall	mcw-mcwfences-1.2.1-mc1.21.1neoforge.jar
mcwfences	mcwfences:prismarine_railing_gate	mcw-mcwfences-1.2.1-mc1.21.1neoforge.jar
mcwfences	mcwfences:quartz_grass_topped_wall	mcw-mcwfences-1.2.1-mc1.21.1neoforge.jar
mcwfences	mcwfences:quartz_pillar_wall	mcw-mcwfences-1.2.1-mc1.21.1neoforge.jar
mcwfences	mcwfences:quartz_railing_gate	mcw-mcwfences-1.2.1-mc1.21.1neoforge.jar
mcwfences	mcwfences:railing_andesite_wall	mcw-mcwfences-1.2.1-mc1.21.1neoforge.jar
mcwfences	mcwfences:railing_blackstone_wall	mcw-mcwfences-1.2.1-mc1.21.1neoforge.jar
mcwfences	mcwfences:railing_deepslate_brick_wall	mcw-mcwfences-1.2.1-mc1.21.1neoforge.jar
mcwfences	mcwfences:railing_deepslate_wall	mcw-mcwfences-1.2.1-mc1.21.1neoforge.jar
mcwfences	mcwfences:railing_diorite_wall	mcw-mcwfences-1.2.1-mc1.21.1neoforge.jar
mcwfences	mcwfences:railing_end_brick_wall	mcw-mcwfences-1.2.1-mc1.21.1neoforge.jar
mcwfences	mcwfences:railing_granite_wall	mcw-mcwfences-1.2.1-mc1.21.1neoforge.jar
mcwfences	mcwfences:railing_mud_brick_wall	mcw-mcwfences-1.2.1-mc1.21.1neoforge.jar
mcwfences	mcwfences:railing_nether_brick_wall	mcw-mcwfences-1.2.1-mc1.21.1neoforge.jar
mcwfences	mcwfences:railing_prismarine_wall	mcw-mcwfences-1.2.1-mc1.21.1neoforge.jar
mcwfences	mcwfences:railing_quartz_wall	mcw-mcwfences-1.2.1-mc1.21.1neoforge.jar
mcwfences	mcwfences:railing_red_sandstone_wall	mcw-mcwfences-1.2.1-mc1.21.1neoforge.jar
mcwfences	mcwfences:railing_sandstone_wall	mcw-mcwfences-1.2.1-mc1.21.1neoforge.jar
mcwfences	mcwfences:railing_stone_brick_wall	mcw-mcwfences-1.2.1-mc1.21.1neoforge.jar
mcwfences	mcwfences:red_sandstone_grass_topped_wall	mcw-mcwfences-1.2.1-mc1.21.1neoforge.jar
mcwfences	mcwfences:red_sandstone_pillar_wall	mcw-mcwfences-1.2.1-mc1.21.1neoforge.jar
mcwfences	mcwfences:red_sandstone_railing_gate	mcw-mcwfences-1.2.1-mc1.21.1neoforge.jar
mcwfences	mcwfences:sandstone_grass_topped_wall	mcw-mcwfences-1.2.1-mc1.21.1neoforge.jar
mcwfences	mcwfences:sandstone_pillar_wall	mcw-mcwfences-1.2.1-mc1.21.1neoforge.jar
mcwfences	mcwfences:sandstone_railing_gate	mcw-mcwfences-1.2.1-mc1.21.1neoforge.jar
mcwfences	mcwfences:spruce_curved_gate	mcw-mcwfences-1.2.1-mc1.21.1neoforge.jar
mcwfences	mcwfences:spruce_hedge	mcw-mcwfences-1.2.1-mc1.21.1neoforge.jar
mcwfences	mcwfences:spruce_highley_gate	mcw-mcwfences-1.2.1-mc1.21.1neoforge.jar
mcwfences	mcwfences:spruce_horse_fence	mcw-mcwfences-1.2.1-mc1.21.1neoforge.jar
mcwfences	mcwfences:spruce_picket_fence	mcw-mcwfences-1.2.1-mc1.21.1neoforge.jar
mcwfences	mcwfences:spruce_pyramid_gate	mcw-mcwfences-1.2.1-mc1.21.1neoforge.jar
mcwfences	mcwfences:spruce_stockade_fence	mcw-mcwfences-1.2.1-mc1.21.1neoforge.jar
mcwfences	mcwfences:spruce_wired_fence	mcw-mcwfences-1.2.1-mc1.21.1neoforge.jar
mcwfences	mcwfences:stone_brick_railing_gate	mcw-mcwfences-1.2.1-mc1.21.1neoforge.jar
mcwfences	mcwfences:stone_grass_topped_wall	mcw-mcwfences-1.2.1-mc1.21.1neoforge.jar
mcwfences	mcwfences:stone_pillar_wall	mcw-mcwfences-1.2.1-mc1.21.1neoforge.jar
mcwfences	mcwfences:twilight_metal_fence	mcw-mcwfences-1.2.1-mc1.21.1neoforge.jar
mcwfences	mcwfences:vintage_metal_fence	mcw-mcwfences-1.2.1-mc1.21.1neoforge.jar
mcwfences	mcwfences:warped_curved_gate	mcw-mcwfences-1.2.1-mc1.21.1neoforge.jar
mcwfences	mcwfences:warped_highley_gate	mcw-mcwfences-1.2.1-mc1.21.1neoforge.jar
mcwfences	mcwfences:warped_horse_fence	mcw-mcwfences-1.2.1-mc1.21.1neoforge.jar
mcwfences	mcwfences:warped_picket_fence	mcw-mcwfences-1.2.1-mc1.21.1neoforge.jar
mcwfences	mcwfences:warped_pyramid_gate	mcw-mcwfences-1.2.1-mc1.21.1neoforge.jar
mcwfences	mcwfences:warped_stockade_fence	mcw-mcwfences-1.2.1-mc1.21.1neoforge.jar
mcwfences	mcwfences:warped_wired_fence	mcw-mcwfences-1.2.1-mc1.21.1neoforge.jar
mcwfences	mcwfences:wooden_cheval_de_frise	mcw-mcwfences-1.2.1-mc1.21.1neoforge.jar
mcwfurnitures	mcwfurnitures:acacia_bookshelf	mcw-furniture-3.4.1-mc1.21.1neoforge.jar
mcwfurnitures	mcwfurnitures:acacia_bookshelf_cupboard	mcw-furniture-3.4.1-mc1.21.1neoforge.jar
mcwfurnitures	mcwfurnitures:acacia_bookshelf_drawer	mcw-furniture-3.4.1-mc1.21.1neoforge.jar
mcwfurnitures	mcwfurnitures:acacia_chair	mcw-furniture-3.4.1-mc1.21.1neoforge.jar
mcwfurnitures	mcwfurnitures:acacia_coffee_table	mcw-furniture-3.4.1-mc1.21.1neoforge.jar
mcwfurnitures	mcwfurnitures:acacia_counter	mcw-furniture-3.4.1-mc1.21.1neoforge.jar
mcwfurnitures	mcwfurnitures:acacia_covered_desk	mcw-furniture-3.4.1-mc1.21.1neoforge.jar
mcwfurnitures	mcwfurnitures:acacia_cupboard_counter	mcw-furniture-3.4.1-mc1.21.1neoforge.jar
mcwfurnitures	mcwfurnitures:acacia_desk	mcw-furniture-3.4.1-mc1.21.1neoforge.jar
mcwfurnitures	mcwfurnitures:acacia_double_drawer	mcw-furniture-3.4.1-mc1.21.1neoforge.jar
mcwfurnitures	mcwfurnitures:acacia_double_drawer_counter	mcw-furniture-3.4.1-mc1.21.1neoforge.jar
mcwfurnitures	mcwfurnitures:acacia_double_kitchen_cabinet	mcw-furniture-3.4.1-mc1.21.1neoforge.jar
mcwfurnitures	mcwfurnitures:acacia_double_wardrobe	mcw-furniture-3.4.1-mc1.21.1neoforge.jar
mcwfurnitures	mcwfurnitures:acacia_drawer	mcw-furniture-3.4.1-mc1.21.1neoforge.jar
mcwfurnitures	mcwfurnitures:acacia_drawer_counter	mcw-furniture-3.4.1-mc1.21.1neoforge.jar
mcwfurnitures	mcwfurnitures:acacia_end_table	mcw-furniture-3.4.1-mc1.21.1neoforge.jar
mcwfurnitures	mcwfurnitures:acacia_glass_kitchen_cabinet	mcw-furniture-3.4.1-mc1.21.1neoforge.jar
mcwfurnitures	mcwfurnitures:acacia_glass_table	mcw-furniture-3.4.1-mc1.21.1neoforge.jar
mcwfurnitures	mcwfurnitures:acacia_kitchen_cabinet	mcw-furniture-3.4.1-mc1.21.1neoforge.jar
mcwfurnitures	mcwfurnitures:acacia_kitchen_sink	mcw-furniture-3.4.1-mc1.21.1neoforge.jar
mcwfurnitures	mcwfurnitures:acacia_large_drawer	mcw-furniture-3.4.1-mc1.21.1neoforge.jar
mcwfurnitures	mcwfurnitures:acacia_lower_bookshelf_drawer	mcw-furniture-3.4.1-mc1.21.1neoforge.jar
mcwfurnitures	mcwfurnitures:acacia_lower_triple_drawer	mcw-furniture-3.4.1-mc1.21.1neoforge.jar
mcwfurnitures	mcwfurnitures:acacia_modern_chair	mcw-furniture-3.4.1-mc1.21.1neoforge.jar
mcwfurnitures	mcwfurnitures:acacia_modern_desk	mcw-furniture-3.4.1-mc1.21.1neoforge.jar
mcwfurnitures	mcwfurnitures:acacia_modern_wardrobe	mcw-furniture-3.4.1-mc1.21.1neoforge.jar
mcwfurnitures	mcwfurnitures:acacia_stool_chair	mcw-furniture-3.4.1-mc1.21.1neoforge.jar
mcwfurnitures	mcwfurnitures:acacia_striped_chair	mcw-furniture-3.4.1-mc1.21.1neoforge.jar
mcwfurnitures	mcwfurnitures:acacia_table	mcw-furniture-3.4.1-mc1.21.1neoforge.jar
mcwfurnitures	mcwfurnitures:acacia_triple_drawer	mcw-furniture-3.4.1-mc1.21.1neoforge.jar
mcwfurnitures	mcwfurnitures:acacia_wardrobe	mcw-furniture-3.4.1-mc1.21.1neoforge.jar
mcwfurnitures	mcwfurnitures:birch_bookshelf	mcw-furniture-3.4.1-mc1.21.1neoforge.jar
mcwfurnitures	mcwfurnitures:birch_bookshelf_cupboard	mcw-furniture-3.4.1-mc1.21.1neoforge.jar
mcwfurnitures	mcwfurnitures:birch_bookshelf_drawer	mcw-furniture-3.4.1-mc1.21.1neoforge.jar
mcwfurnitures	mcwfurnitures:birch_chair	mcw-furniture-3.4.1-mc1.21.1neoforge.jar
mcwfurnitures	mcwfurnitures:birch_coffee_table	mcw-furniture-3.4.1-mc1.21.1neoforge.jar
mcwfurnitures	mcwfurnitures:birch_counter	mcw-furniture-3.4.1-mc1.21.1neoforge.jar
mcwfurnitures	mcwfurnitures:birch_covered_desk	mcw-furniture-3.4.1-mc1.21.1neoforge.jar
mcwfurnitures	mcwfurnitures:birch_cupboard_counter	mcw-furniture-3.4.1-mc1.21.1neoforge.jar
mcwfurnitures	mcwfurnitures:birch_desk	mcw-furniture-3.4.1-mc1.21.1neoforge.jar
mcwfurnitures	mcwfurnitures:birch_double_drawer	mcw-furniture-3.4.1-mc1.21.1neoforge.jar
mcwfurnitures	mcwfurnitures:birch_double_drawer_counter	mcw-furniture-3.4.1-mc1.21.1neoforge.jar
mcwfurnitures	mcwfurnitures:birch_double_kitchen_cabinet	mcw-furniture-3.4.1-mc1.21.1neoforge.jar
mcwfurnitures	mcwfurnitures:birch_double_wardrobe	mcw-furniture-3.4.1-mc1.21.1neoforge.jar
mcwfurnitures	mcwfurnitures:birch_drawer	mcw-furniture-3.4.1-mc1.21.1neoforge.jar
mcwfurnitures	mcwfurnitures:birch_drawer_counter	mcw-furniture-3.4.1-mc1.21.1neoforge.jar
mcwfurnitures	mcwfurnitures:birch_end_table	mcw-furniture-3.4.1-mc1.21.1neoforge.jar
mcwfurnitures	mcwfurnitures:birch_glass_kitchen_cabinet	mcw-furniture-3.4.1-mc1.21.1neoforge.jar
mcwfurnitures	mcwfurnitures:birch_glass_table	mcw-furniture-3.4.1-mc1.21.1neoforge.jar
mcwfurnitures	mcwfurnitures:birch_kitchen_cabinet	mcw-furniture-3.4.1-mc1.21.1neoforge.jar
mcwfurnitures	mcwfurnitures:birch_kitchen_sink	mcw-furniture-3.4.1-mc1.21.1neoforge.jar
mcwfurnitures	mcwfurnitures:birch_large_drawer	mcw-furniture-3.4.1-mc1.21.1neoforge.jar
mcwfurnitures	mcwfurnitures:birch_lower_bookshelf_drawer	mcw-furniture-3.4.1-mc1.21.1neoforge.jar
mcwfurnitures	mcwfurnitures:birch_lower_triple_drawer	mcw-furniture-3.4.1-mc1.21.1neoforge.jar
mcwfurnitures	mcwfurnitures:birch_modern_chair	mcw-furniture-3.4.1-mc1.21.1neoforge.jar
mcwfurnitures	mcwfurnitures:birch_modern_desk	mcw-furniture-3.4.1-mc1.21.1neoforge.jar
mcwfurnitures	mcwfurnitures:birch_modern_wardrobe	mcw-furniture-3.4.1-mc1.21.1neoforge.jar
mcwfurnitures	mcwfurnitures:birch_stool_chair	mcw-furniture-3.4.1-mc1.21.1neoforge.jar
mcwfurnitures	mcwfurnitures:birch_striped_chair	mcw-furniture-3.4.1-mc1.21.1neoforge.jar
mcwfurnitures	mcwfurnitures:birch_table	mcw-furniture-3.4.1-mc1.21.1neoforge.jar
mcwfurnitures	mcwfurnitures:birch_triple_drawer	mcw-furniture-3.4.1-mc1.21.1neoforge.jar
mcwfurnitures	mcwfurnitures:birch_wardrobe	mcw-furniture-3.4.1-mc1.21.1neoforge.jar
mcwfurnitures	mcwfurnitures:black_chaise	mcw-furniture-3.4.1-mc1.21.1neoforge.jar
mcwfurnitures	mcwfurnitures:black_couch	mcw-furniture-3.4.1-mc1.21.1neoforge.jar
mcwfurnitures	mcwfurnitures:blue_chaise	mcw-furniture-3.4.1-mc1.21.1neoforge.jar
mcwfurnitures	mcwfurnitures:blue_couch	mcw-furniture-3.4.1-mc1.21.1neoforge.jar
mcwfurnitures	mcwfurnitures:brown_chaise	mcw-furniture-3.4.1-mc1.21.1neoforge.jar
mcwfurnitures	mcwfurnitures:brown_couch	mcw-furniture-3.4.1-mc1.21.1neoforge.jar
mcwfurnitures	mcwfurnitures:cabinet_door	mcw-furniture-3.4.1-mc1.21.1neoforge.jar
mcwfurnitures	mcwfurnitures:cabinet_drawer	mcw-furniture-3.4.1-mc1.21.1neoforge.jar
mcwfurnitures	mcwfurnitures:cherry_bookshelf	mcw-furniture-3.4.1-mc1.21.1neoforge.jar
mcwfurnitures	mcwfurnitures:cherry_bookshelf_cupboard	mcw-furniture-3.4.1-mc1.21.1neoforge.jar
mcwfurnitures	mcwfurnitures:cherry_bookshelf_drawer	mcw-furniture-3.4.1-mc1.21.1neoforge.jar
mcwfurnitures	mcwfurnitures:cherry_chair	mcw-furniture-3.4.1-mc1.21.1neoforge.jar
mcwfurnitures	mcwfurnitures:cherry_coffee_table	mcw-furniture-3.4.1-mc1.21.1neoforge.jar
mcwfurnitures	mcwfurnitures:cherry_counter	mcw-furniture-3.4.1-mc1.21.1neoforge.jar
mcwfurnitures	mcwfurnitures:cherry_covered_desk	mcw-furniture-3.4.1-mc1.21.1neoforge.jar
mcwfurnitures	mcwfurnitures:cherry_cupboard_counter	mcw-furniture-3.4.1-mc1.21.1neoforge.jar
mcwfurnitures	mcwfurnitures:cherry_desk	mcw-furniture-3.4.1-mc1.21.1neoforge.jar
mcwfurnitures	mcwfurnitures:cherry_double_drawer	mcw-furniture-3.4.1-mc1.21.1neoforge.jar
mcwfurnitures	mcwfurnitures:cherry_double_drawer_counter	mcw-furniture-3.4.1-mc1.21.1neoforge.jar
mcwfurnitures	mcwfurnitures:cherry_double_kitchen_cabinet	mcw-furniture-3.4.1-mc1.21.1neoforge.jar
mcwfurnitures	mcwfurnitures:cherry_double_wardrobe	mcw-furniture-3.4.1-mc1.21.1neoforge.jar
mcwfurnitures	mcwfurnitures:cherry_drawer	mcw-furniture-3.4.1-mc1.21.1neoforge.jar
mcwfurnitures	mcwfurnitures:cherry_drawer_counter	mcw-furniture-3.4.1-mc1.21.1neoforge.jar
mcwfurnitures	mcwfurnitures:cherry_end_table	mcw-furniture-3.4.1-mc1.21.1neoforge.jar
mcwfurnitures	mcwfurnitures:cherry_glass_kitchen_cabinet	mcw-furniture-3.4.1-mc1.21.1neoforge.jar
mcwfurnitures	mcwfurnitures:cherry_glass_table	mcw-furniture-3.4.1-mc1.21.1neoforge.jar
mcwfurnitures	mcwfurnitures:cherry_kitchen_cabinet	mcw-furniture-3.4.1-mc1.21.1neoforge.jar
mcwfurnitures	mcwfurnitures:cherry_kitchen_sink	mcw-furniture-3.4.1-mc1.21.1neoforge.jar
mcwfurnitures	mcwfurnitures:cherry_large_drawer	mcw-furniture-3.4.1-mc1.21.1neoforge.jar
mcwfurnitures	mcwfurnitures:cherry_lower_bookshelf_drawer	mcw-furniture-3.4.1-mc1.21.1neoforge.jar
mcwfurnitures	mcwfurnitures:cherry_lower_triple_drawer	mcw-furniture-3.4.1-mc1.21.1neoforge.jar
mcwfurnitures	mcwfurnitures:cherry_modern_chair	mcw-furniture-3.4.1-mc1.21.1neoforge.jar
mcwfurnitures	mcwfurnitures:cherry_modern_desk	mcw-furniture-3.4.1-mc1.21.1neoforge.jar
mcwfurnitures	mcwfurnitures:cherry_modern_wardrobe	mcw-furniture-3.4.1-mc1.21.1neoforge.jar
mcwfurnitures	mcwfurnitures:cherry_stool_chair	mcw-furniture-3.4.1-mc1.21.1neoforge.jar
mcwfurnitures	mcwfurnitures:cherry_striped_chair	mcw-furniture-3.4.1-mc1.21.1neoforge.jar
mcwfurnitures	mcwfurnitures:cherry_table	mcw-furniture-3.4.1-mc1.21.1neoforge.jar
mcwfurnitures	mcwfurnitures:cherry_triple_drawer	mcw-furniture-3.4.1-mc1.21.1neoforge.jar
mcwfurnitures	mcwfurnitures:cherry_wardrobe	mcw-furniture-3.4.1-mc1.21.1neoforge.jar
mcwfurnitures	mcwfurnitures:crimson_bookshelf	mcw-furniture-3.4.1-mc1.21.1neoforge.jar
mcwfurnitures	mcwfurnitures:crimson_bookshelf_cupboard	mcw-furniture-3.4.1-mc1.21.1neoforge.jar
mcwfurnitures	mcwfurnitures:crimson_bookshelf_drawer	mcw-furniture-3.4.1-mc1.21.1neoforge.jar
mcwfurnitures	mcwfurnitures:crimson_chair	mcw-furniture-3.4.1-mc1.21.1neoforge.jar
mcwfurnitures	mcwfurnitures:crimson_coffee_table	mcw-furniture-3.4.1-mc1.21.1neoforge.jar
mcwfurnitures	mcwfurnitures:crimson_counter	mcw-furniture-3.4.1-mc1.21.1neoforge.jar
mcwfurnitures	mcwfurnitures:crimson_covered_desk	mcw-furniture-3.4.1-mc1.21.1neoforge.jar
mcwfurnitures	mcwfurnitures:crimson_cupboard_counter	mcw-furniture-3.4.1-mc1.21.1neoforge.jar
mcwfurnitures	mcwfurnitures:crimson_desk	mcw-furniture-3.4.1-mc1.21.1neoforge.jar
mcwfurnitures	mcwfurnitures:crimson_double_drawer	mcw-furniture-3.4.1-mc1.21.1neoforge.jar
mcwfurnitures	mcwfurnitures:crimson_double_drawer_counter	mcw-furniture-3.4.1-mc1.21.1neoforge.jar
mcwfurnitures	mcwfurnitures:crimson_double_kitchen_cabinet	mcw-furniture-3.4.1-mc1.21.1neoforge.jar
mcwfurnitures	mcwfurnitures:crimson_double_wardrobe	mcw-furniture-3.4.1-mc1.21.1neoforge.jar
mcwfurnitures	mcwfurnitures:crimson_drawer	mcw-furniture-3.4.1-mc1.21.1neoforge.jar
mcwfurnitures	mcwfurnitures:crimson_drawer_counter	mcw-furniture-3.4.1-mc1.21.1neoforge.jar
mcwfurnitures	mcwfurnitures:crimson_end_table	mcw-furniture-3.4.1-mc1.21.1neoforge.jar
mcwfurnitures	mcwfurnitures:crimson_glass_kitchen_cabinet	mcw-furniture-3.4.1-mc1.21.1neoforge.jar
mcwfurnitures	mcwfurnitures:crimson_glass_table	mcw-furniture-3.4.1-mc1.21.1neoforge.jar
mcwfurnitures	mcwfurnitures:crimson_kitchen_cabinet	mcw-furniture-3.4.1-mc1.21.1neoforge.jar
mcwfurnitures	mcwfurnitures:crimson_kitchen_sink	mcw-furniture-3.4.1-mc1.21.1neoforge.jar
mcwfurnitures	mcwfurnitures:crimson_large_drawer	mcw-furniture-3.4.1-mc1.21.1neoforge.jar
mcwfurnitures	mcwfurnitures:crimson_lower_bookshelf_drawer	mcw-furniture-3.4.1-mc1.21.1neoforge.jar
mcwfurnitures	mcwfurnitures:crimson_lower_triple_drawer	mcw-furniture-3.4.1-mc1.21.1neoforge.jar
mcwfurnitures	mcwfurnitures:crimson_modern_chair	mcw-furniture-3.4.1-mc1.21.1neoforge.jar
mcwfurnitures	mcwfurnitures:crimson_modern_desk	mcw-furniture-3.4.1-mc1.21.1neoforge.jar
mcwfurnitures	mcwfurnitures:crimson_modern_wardrobe	mcw-furniture-3.4.1-mc1.21.1neoforge.jar
mcwfurnitures	mcwfurnitures:crimson_stool_chair	mcw-furniture-3.4.1-mc1.21.1neoforge.jar
mcwfurnitures	mcwfurnitures:crimson_striped_chair	mcw-furniture-3.4.1-mc1.21.1neoforge.jar
mcwfurnitures	mcwfurnitures:crimson_table	mcw-furniture-3.4.1-mc1.21.1neoforge.jar
mcwfurnitures	mcwfurnitures:crimson_triple_drawer	mcw-furniture-3.4.1-mc1.21.1neoforge.jar
mcwfurnitures	mcwfurnitures:crimson_wardrobe	mcw-furniture-3.4.1-mc1.21.1neoforge.jar
mcwfurnitures	mcwfurnitures:cyan_chaise	mcw-furniture-3.4.1-mc1.21.1neoforge.jar
mcwfurnitures	mcwfurnitures:cyan_couch	mcw-furniture-3.4.1-mc1.21.1neoforge.jar
mcwfurnitures	mcwfurnitures:dark_oak_bookshelf	mcw-furniture-3.4.1-mc1.21.1neoforge.jar
mcwfurnitures	mcwfurnitures:dark_oak_bookshelf_cupboard	mcw-furniture-3.4.1-mc1.21.1neoforge.jar
mcwfurnitures	mcwfurnitures:dark_oak_bookshelf_drawer	mcw-furniture-3.4.1-mc1.21.1neoforge.jar
mcwfurnitures	mcwfurnitures:dark_oak_chair	mcw-furniture-3.4.1-mc1.21.1neoforge.jar
mcwfurnitures	mcwfurnitures:dark_oak_coffee_table	mcw-furniture-3.4.1-mc1.21.1neoforge.jar
mcwfurnitures	mcwfurnitures:dark_oak_counter	mcw-furniture-3.4.1-mc1.21.1neoforge.jar
mcwfurnitures	mcwfurnitures:dark_oak_covered_desk	mcw-furniture-3.4.1-mc1.21.1neoforge.jar
mcwfurnitures	mcwfurnitures:dark_oak_cupboard_counter	mcw-furniture-3.4.1-mc1.21.1neoforge.jar
mcwfurnitures	mcwfurnitures:dark_oak_desk	mcw-furniture-3.4.1-mc1.21.1neoforge.jar
mcwfurnitures	mcwfurnitures:dark_oak_double_drawer	mcw-furniture-3.4.1-mc1.21.1neoforge.jar
mcwfurnitures	mcwfurnitures:dark_oak_double_drawer_counter	mcw-furniture-3.4.1-mc1.21.1neoforge.jar
mcwfurnitures	mcwfurnitures:dark_oak_double_kitchen_cabinet	mcw-furniture-3.4.1-mc1.21.1neoforge.jar
mcwfurnitures	mcwfurnitures:dark_oak_double_wardrobe	mcw-furniture-3.4.1-mc1.21.1neoforge.jar
mcwfurnitures	mcwfurnitures:dark_oak_drawer	mcw-furniture-3.4.1-mc1.21.1neoforge.jar
mcwfurnitures	mcwfurnitures:dark_oak_drawer_counter	mcw-furniture-3.4.1-mc1.21.1neoforge.jar
mcwfurnitures	mcwfurnitures:dark_oak_end_table	mcw-furniture-3.4.1-mc1.21.1neoforge.jar
mcwfurnitures	mcwfurnitures:dark_oak_glass_kitchen_cabinet	mcw-furniture-3.4.1-mc1.21.1neoforge.jar
mcwfurnitures	mcwfurnitures:dark_oak_glass_table	mcw-furniture-3.4.1-mc1.21.1neoforge.jar
mcwfurnitures	mcwfurnitures:dark_oak_kitchen_cabinet	mcw-furniture-3.4.1-mc1.21.1neoforge.jar
mcwfurnitures	mcwfurnitures:dark_oak_kitchen_sink	mcw-furniture-3.4.1-mc1.21.1neoforge.jar
mcwfurnitures	mcwfurnitures:dark_oak_large_drawer	mcw-furniture-3.4.1-mc1.21.1neoforge.jar
mcwfurnitures	mcwfurnitures:dark_oak_lower_bookshelf_drawer	mcw-furniture-3.4.1-mc1.21.1neoforge.jar
mcwfurnitures	mcwfurnitures:dark_oak_lower_triple_drawer	mcw-furniture-3.4.1-mc1.21.1neoforge.jar
mcwfurnitures	mcwfurnitures:dark_oak_modern_chair	mcw-furniture-3.4.1-mc1.21.1neoforge.jar
mcwfurnitures	mcwfurnitures:dark_oak_modern_desk	mcw-furniture-3.4.1-mc1.21.1neoforge.jar
mcwfurnitures	mcwfurnitures:dark_oak_modern_wardrobe	mcw-furniture-3.4.1-mc1.21.1neoforge.jar
mcwfurnitures	mcwfurnitures:dark_oak_stool_chair	mcw-furniture-3.4.1-mc1.21.1neoforge.jar
mcwfurnitures	mcwfurnitures:dark_oak_striped_chair	mcw-furniture-3.4.1-mc1.21.1neoforge.jar
mcwfurnitures	mcwfurnitures:dark_oak_table	mcw-furniture-3.4.1-mc1.21.1neoforge.jar
mcwfurnitures	mcwfurnitures:dark_oak_triple_drawer	mcw-furniture-3.4.1-mc1.21.1neoforge.jar
mcwfurnitures	mcwfurnitures:dark_oak_wardrobe	mcw-furniture-3.4.1-mc1.21.1neoforge.jar
mcwfurnitures	mcwfurnitures:gray_chaise	mcw-furniture-3.4.1-mc1.21.1neoforge.jar
mcwfurnitures	mcwfurnitures:gray_couch	mcw-furniture-3.4.1-mc1.21.1neoforge.jar
mcwfurnitures	mcwfurnitures:green_chaise	mcw-furniture-3.4.1-mc1.21.1neoforge.jar
mcwfurnitures	mcwfurnitures:green_couch	mcw-furniture-3.4.1-mc1.21.1neoforge.jar
mcwfurnitures	mcwfurnitures:jungle_bookshelf	mcw-furniture-3.4.1-mc1.21.1neoforge.jar
mcwfurnitures	mcwfurnitures:jungle_bookshelf_cupboard	mcw-furniture-3.4.1-mc1.21.1neoforge.jar
mcwfurnitures	mcwfurnitures:jungle_bookshelf_drawer	mcw-furniture-3.4.1-mc1.21.1neoforge.jar
mcwfurnitures	mcwfurnitures:jungle_chair	mcw-furniture-3.4.1-mc1.21.1neoforge.jar
mcwfurnitures	mcwfurnitures:jungle_coffee_table	mcw-furniture-3.4.1-mc1.21.1neoforge.jar
mcwfurnitures	mcwfurnitures:jungle_counter	mcw-furniture-3.4.1-mc1.21.1neoforge.jar
mcwfurnitures	mcwfurnitures:jungle_covered_desk	mcw-furniture-3.4.1-mc1.21.1neoforge.jar
mcwfurnitures	mcwfurnitures:jungle_cupboard_counter	mcw-furniture-3.4.1-mc1.21.1neoforge.jar
mcwfurnitures	mcwfurnitures:jungle_desk	mcw-furniture-3.4.1-mc1.21.1neoforge.jar
mcwfurnitures	mcwfurnitures:jungle_double_drawer	mcw-furniture-3.4.1-mc1.21.1neoforge.jar
mcwfurnitures	mcwfurnitures:jungle_double_drawer_counter	mcw-furniture-3.4.1-mc1.21.1neoforge.jar
mcwfurnitures	mcwfurnitures:jungle_double_kitchen_cabinet	mcw-furniture-3.4.1-mc1.21.1neoforge.jar
mcwfurnitures	mcwfurnitures:jungle_double_wardrobe	mcw-furniture-3.4.1-mc1.21.1neoforge.jar
mcwfurnitures	mcwfurnitures:jungle_drawer	mcw-furniture-3.4.1-mc1.21.1neoforge.jar
mcwfurnitures	mcwfurnitures:jungle_drawer_counter	mcw-furniture-3.4.1-mc1.21.1neoforge.jar
mcwfurnitures	mcwfurnitures:jungle_end_table	mcw-furniture-3.4.1-mc1.21.1neoforge.jar
mcwfurnitures	mcwfurnitures:jungle_glass_kitchen_cabinet	mcw-furniture-3.4.1-mc1.21.1neoforge.jar
mcwfurnitures	mcwfurnitures:jungle_glass_table	mcw-furniture-3.4.1-mc1.21.1neoforge.jar
mcwfurnitures	mcwfurnitures:jungle_kitchen_cabinet	mcw-furniture-3.4.1-mc1.21.1neoforge.jar
mcwfurnitures	mcwfurnitures:jungle_kitchen_sink	mcw-furniture-3.4.1-mc1.21.1neoforge.jar
mcwfurnitures	mcwfurnitures:jungle_large_drawer	mcw-furniture-3.4.1-mc1.21.1neoforge.jar
mcwfurnitures	mcwfurnitures:jungle_lower_bookshelf_drawer	mcw-furniture-3.4.1-mc1.21.1neoforge.jar
mcwfurnitures	mcwfurnitures:jungle_lower_triple_drawer	mcw-furniture-3.4.1-mc1.21.1neoforge.jar
mcwfurnitures	mcwfurnitures:jungle_modern_chair	mcw-furniture-3.4.1-mc1.21.1neoforge.jar
mcwfurnitures	mcwfurnitures:jungle_modern_desk	mcw-furniture-3.4.1-mc1.21.1neoforge.jar
mcwfurnitures	mcwfurnitures:jungle_modern_wardrobe	mcw-furniture-3.4.1-mc1.21.1neoforge.jar
mcwfurnitures	mcwfurnitures:jungle_stool_chair	mcw-furniture-3.4.1-mc1.21.1neoforge.jar
mcwfurnitures	mcwfurnitures:jungle_striped_chair	mcw-furniture-3.4.1-mc1.21.1neoforge.jar
mcwfurnitures	mcwfurnitures:jungle_table	mcw-furniture-3.4.1-mc1.21.1neoforge.jar
mcwfurnitures	mcwfurnitures:jungle_triple_drawer	mcw-furniture-3.4.1-mc1.21.1neoforge.jar
mcwfurnitures	mcwfurnitures:jungle_wardrobe	mcw-furniture-3.4.1-mc1.21.1neoforge.jar
mcwfurnitures	mcwfurnitures:light_blue_chaise	mcw-furniture-3.4.1-mc1.21.1neoforge.jar
mcwfurnitures	mcwfurnitures:light_blue_couch	mcw-furniture-3.4.1-mc1.21.1neoforge.jar
mcwfurnitures	mcwfurnitures:light_gray_chaise	mcw-furniture-3.4.1-mc1.21.1neoforge.jar
mcwfurnitures	mcwfurnitures:light_gray_couch	mcw-furniture-3.4.1-mc1.21.1neoforge.jar
mcwfurnitures	mcwfurnitures:lime_chaise	mcw-furniture-3.4.1-mc1.21.1neoforge.jar
mcwfurnitures	mcwfurnitures:lime_couch	mcw-furniture-3.4.1-mc1.21.1neoforge.jar
mcwfurnitures	mcwfurnitures:magenta_chaise	mcw-furniture-3.4.1-mc1.21.1neoforge.jar
mcwfurnitures	mcwfurnitures:magenta_couch	mcw-furniture-3.4.1-mc1.21.1neoforge.jar
mcwfurnitures	mcwfurnitures:mangrove_bookshelf	mcw-furniture-3.4.1-mc1.21.1neoforge.jar
mcwfurnitures	mcwfurnitures:mangrove_bookshelf_cupboard	mcw-furniture-3.4.1-mc1.21.1neoforge.jar
mcwfurnitures	mcwfurnitures:mangrove_bookshelf_drawer	mcw-furniture-3.4.1-mc1.21.1neoforge.jar
mcwfurnitures	mcwfurnitures:mangrove_chair	mcw-furniture-3.4.1-mc1.21.1neoforge.jar
mcwfurnitures	mcwfurnitures:mangrove_coffee_table	mcw-furniture-3.4.1-mc1.21.1neoforge.jar
mcwfurnitures	mcwfurnitures:mangrove_counter	mcw-furniture-3.4.1-mc1.21.1neoforge.jar
mcwfurnitures	mcwfurnitures:mangrove_covered_desk	mcw-furniture-3.4.1-mc1.21.1neoforge.jar
mcwfurnitures	mcwfurnitures:mangrove_cupboard_counter	mcw-furniture-3.4.1-mc1.21.1neoforge.jar
mcwfurnitures	mcwfurnitures:mangrove_desk	mcw-furniture-3.4.1-mc1.21.1neoforge.jar
mcwfurnitures	mcwfurnitures:mangrove_double_drawer	mcw-furniture-3.4.1-mc1.21.1neoforge.jar
mcwfurnitures	mcwfurnitures:mangrove_double_drawer_counter	mcw-furniture-3.4.1-mc1.21.1neoforge.jar
mcwfurnitures	mcwfurnitures:mangrove_double_kitchen_cabinet	mcw-furniture-3.4.1-mc1.21.1neoforge.jar
mcwfurnitures	mcwfurnitures:mangrove_double_wardrobe	mcw-furniture-3.4.1-mc1.21.1neoforge.jar
mcwfurnitures	mcwfurnitures:mangrove_drawer	mcw-furniture-3.4.1-mc1.21.1neoforge.jar
mcwfurnitures	mcwfurnitures:mangrove_drawer_counter	mcw-furniture-3.4.1-mc1.21.1neoforge.jar
mcwfurnitures	mcwfurnitures:mangrove_end_table	mcw-furniture-3.4.1-mc1.21.1neoforge.jar
mcwfurnitures	mcwfurnitures:mangrove_glass_kitchen_cabinet	mcw-furniture-3.4.1-mc1.21.1neoforge.jar
mcwfurnitures	mcwfurnitures:mangrove_glass_table	mcw-furniture-3.4.1-mc1.21.1neoforge.jar
mcwfurnitures	mcwfurnitures:mangrove_kitchen_cabinet	mcw-furniture-3.4.1-mc1.21.1neoforge.jar
mcwfurnitures	mcwfurnitures:mangrove_kitchen_sink	mcw-furniture-3.4.1-mc1.21.1neoforge.jar
mcwfurnitures	mcwfurnitures:mangrove_large_drawer	mcw-furniture-3.4.1-mc1.21.1neoforge.jar
mcwfurnitures	mcwfurnitures:mangrove_lower_bookshelf_drawer	mcw-furniture-3.4.1-mc1.21.1neoforge.jar
mcwfurnitures	mcwfurnitures:mangrove_lower_triple_drawer	mcw-furniture-3.4.1-mc1.21.1neoforge.jar
mcwfurnitures	mcwfurnitures:mangrove_modern_chair	mcw-furniture-3.4.1-mc1.21.1neoforge.jar
mcwfurnitures	mcwfurnitures:mangrove_modern_desk	mcw-furniture-3.4.1-mc1.21.1neoforge.jar
mcwfurnitures	mcwfurnitures:mangrove_modern_wardrobe	mcw-furniture-3.4.1-mc1.21.1neoforge.jar
mcwfurnitures	mcwfurnitures:mangrove_stool_chair	mcw-furniture-3.4.1-mc1.21.1neoforge.jar
mcwfurnitures	mcwfurnitures:mangrove_striped_chair	mcw-furniture-3.4.1-mc1.21.1neoforge.jar
mcwfurnitures	mcwfurnitures:mangrove_table	mcw-furniture-3.4.1-mc1.21.1neoforge.jar
mcwfurnitures	mcwfurnitures:mangrove_triple_drawer	mcw-furniture-3.4.1-mc1.21.1neoforge.jar
mcwfurnitures	mcwfurnitures:mangrove_wardrobe	mcw-furniture-3.4.1-mc1.21.1neoforge.jar
mcwfurnitures	mcwfurnitures:oak_bookshelf	mcw-furniture-3.4.1-mc1.21.1neoforge.jar
mcwfurnitures	mcwfurnitures:oak_bookshelf_cupboard	mcw-furniture-3.4.1-mc1.21.1neoforge.jar
mcwfurnitures	mcwfurnitures:oak_bookshelf_drawer	mcw-furniture-3.4.1-mc1.21.1neoforge.jar
mcwfurnitures	mcwfurnitures:oak_chair	mcw-furniture-3.4.1-mc1.21.1neoforge.jar
mcwfurnitures	mcwfurnitures:oak_coffee_table	mcw-furniture-3.4.1-mc1.21.1neoforge.jar
mcwfurnitures	mcwfurnitures:oak_counter	mcw-furniture-3.4.1-mc1.21.1neoforge.jar
mcwfurnitures	mcwfurnitures:oak_covered_desk	mcw-furniture-3.4.1-mc1.21.1neoforge.jar
mcwfurnitures	mcwfurnitures:oak_cupboard_counter	mcw-furniture-3.4.1-mc1.21.1neoforge.jar
mcwfurnitures	mcwfurnitures:oak_desk	mcw-furniture-3.4.1-mc1.21.1neoforge.jar
mcwfurnitures	mcwfurnitures:oak_double_drawer	mcw-furniture-3.4.1-mc1.21.1neoforge.jar
mcwfurnitures	mcwfurnitures:oak_double_drawer_counter	mcw-furniture-3.4.1-mc1.21.1neoforge.jar
mcwfurnitures	mcwfurnitures:oak_double_kitchen_cabinet	mcw-furniture-3.4.1-mc1.21.1neoforge.jar
mcwfurnitures	mcwfurnitures:oak_double_wardrobe	mcw-furniture-3.4.1-mc1.21.1neoforge.jar
mcwfurnitures	mcwfurnitures:oak_drawer	mcw-furniture-3.4.1-mc1.21.1neoforge.jar
mcwfurnitures	mcwfurnitures:oak_drawer_counter	mcw-furniture-3.4.1-mc1.21.1neoforge.jar
mcwfurnitures	mcwfurnitures:oak_end_table	mcw-furniture-3.4.1-mc1.21.1neoforge.jar
mcwfurnitures	mcwfurnitures:oak_glass_kitchen_cabinet	mcw-furniture-3.4.1-mc1.21.1neoforge.jar
mcwfurnitures	mcwfurnitures:oak_glass_table	mcw-furniture-3.4.1-mc1.21.1neoforge.jar
mcwfurnitures	mcwfurnitures:oak_kitchen_cabinet	mcw-furniture-3.4.1-mc1.21.1neoforge.jar
mcwfurnitures	mcwfurnitures:oak_kitchen_sink	mcw-furniture-3.4.1-mc1.21.1neoforge.jar
mcwfurnitures	mcwfurnitures:oak_large_drawer	mcw-furniture-3.4.1-mc1.21.1neoforge.jar
mcwfurnitures	mcwfurnitures:oak_lower_bookshelf_drawer	mcw-furniture-3.4.1-mc1.21.1neoforge.jar
mcwfurnitures	mcwfurnitures:oak_lower_triple_drawer	mcw-furniture-3.4.1-mc1.21.1neoforge.jar
mcwfurnitures	mcwfurnitures:oak_modern_chair	mcw-furniture-3.4.1-mc1.21.1neoforge.jar
mcwfurnitures	mcwfurnitures:oak_modern_desk	mcw-furniture-3.4.1-mc1.21.1neoforge.jar
mcwfurnitures	mcwfurnitures:oak_modern_wardrobe	mcw-furniture-3.4.1-mc1.21.1neoforge.jar
mcwfurnitures	mcwfurnitures:oak_stool_chair	mcw-furniture-3.4.1-mc1.21.1neoforge.jar
mcwfurnitures	mcwfurnitures:oak_striped_chair	mcw-furniture-3.4.1-mc1.21.1neoforge.jar
mcwfurnitures	mcwfurnitures:oak_table	mcw-furniture-3.4.1-mc1.21.1neoforge.jar
mcwfurnitures	mcwfurnitures:oak_triple_drawer	mcw-furniture-3.4.1-mc1.21.1neoforge.jar
mcwfurnitures	mcwfurnitures:oak_wardrobe	mcw-furniture-3.4.1-mc1.21.1neoforge.jar
mcwfurnitures	mcwfurnitures:orange_chaise	mcw-furniture-3.4.1-mc1.21.1neoforge.jar
mcwfurnitures	mcwfurnitures:orange_couch	mcw-furniture-3.4.1-mc1.21.1neoforge.jar
mcwfurnitures	mcwfurnitures:pink_chaise	mcw-furniture-3.4.1-mc1.21.1neoforge.jar
mcwfurnitures	mcwfurnitures:pink_couch	mcw-furniture-3.4.1-mc1.21.1neoforge.jar
mcwfurnitures	mcwfurnitures:purple_chaise	mcw-furniture-3.4.1-mc1.21.1neoforge.jar
mcwfurnitures	mcwfurnitures:purple_couch	mcw-furniture-3.4.1-mc1.21.1neoforge.jar
mcwfurnitures	mcwfurnitures:red_chaise	mcw-furniture-3.4.1-mc1.21.1neoforge.jar
mcwfurnitures	mcwfurnitures:red_couch	mcw-furniture-3.4.1-mc1.21.1neoforge.jar
mcwfurnitures	mcwfurnitures:spruce_bookshelf	mcw-furniture-3.4.1-mc1.21.1neoforge.jar
mcwfurnitures	mcwfurnitures:spruce_bookshelf_cupboard	mcw-furniture-3.4.1-mc1.21.1neoforge.jar
mcwfurnitures	mcwfurnitures:spruce_bookshelf_drawer	mcw-furniture-3.4.1-mc1.21.1neoforge.jar
mcwfurnitures	mcwfurnitures:spruce_chair	mcw-furniture-3.4.1-mc1.21.1neoforge.jar
mcwfurnitures	mcwfurnitures:spruce_coffee_table	mcw-furniture-3.4.1-mc1.21.1neoforge.jar
mcwfurnitures	mcwfurnitures:spruce_counter	mcw-furniture-3.4.1-mc1.21.1neoforge.jar
mcwfurnitures	mcwfurnitures:spruce_covered_desk	mcw-furniture-3.4.1-mc1.21.1neoforge.jar
mcwfurnitures	mcwfurnitures:spruce_cupboard_counter	mcw-furniture-3.4.1-mc1.21.1neoforge.jar
mcwfurnitures	mcwfurnitures:spruce_desk	mcw-furniture-3.4.1-mc1.21.1neoforge.jar
mcwfurnitures	mcwfurnitures:spruce_double_drawer	mcw-furniture-3.4.1-mc1.21.1neoforge.jar
mcwfurnitures	mcwfurnitures:spruce_double_drawer_counter	mcw-furniture-3.4.1-mc1.21.1neoforge.jar
mcwfurnitures	mcwfurnitures:spruce_double_kitchen_cabinet	mcw-furniture-3.4.1-mc1.21.1neoforge.jar
mcwfurnitures	mcwfurnitures:spruce_double_wardrobe	mcw-furniture-3.4.1-mc1.21.1neoforge.jar
mcwfurnitures	mcwfurnitures:spruce_drawer	mcw-furniture-3.4.1-mc1.21.1neoforge.jar
mcwfurnitures	mcwfurnitures:spruce_drawer_counter	mcw-furniture-3.4.1-mc1.21.1neoforge.jar
mcwfurnitures	mcwfurnitures:spruce_end_table	mcw-furniture-3.4.1-mc1.21.1neoforge.jar
mcwfurnitures	mcwfurnitures:spruce_glass_kitchen_cabinet	mcw-furniture-3.4.1-mc1.21.1neoforge.jar
mcwfurnitures	mcwfurnitures:spruce_glass_table	mcw-furniture-3.4.1-mc1.21.1neoforge.jar
mcwfurnitures	mcwfurnitures:spruce_kitchen_cabinet	mcw-furniture-3.4.1-mc1.21.1neoforge.jar
mcwfurnitures	mcwfurnitures:spruce_kitchen_sink	mcw-furniture-3.4.1-mc1.21.1neoforge.jar
mcwfurnitures	mcwfurnitures:spruce_large_drawer	mcw-furniture-3.4.1-mc1.21.1neoforge.jar
mcwfurnitures	mcwfurnitures:spruce_lower_bookshelf_drawer	mcw-furniture-3.4.1-mc1.21.1neoforge.jar
mcwfurnitures	mcwfurnitures:spruce_lower_triple_drawer	mcw-furniture-3.4.1-mc1.21.1neoforge.jar
mcwfurnitures	mcwfurnitures:spruce_modern_chair	mcw-furniture-3.4.1-mc1.21.1neoforge.jar
mcwfurnitures	mcwfurnitures:spruce_modern_desk	mcw-furniture-3.4.1-mc1.21.1neoforge.jar
mcwfurnitures	mcwfurnitures:spruce_modern_wardrobe	mcw-furniture-3.4.1-mc1.21.1neoforge.jar
mcwfurnitures	mcwfurnitures:spruce_stool_chair	mcw-furniture-3.4.1-mc1.21.1neoforge.jar
mcwfurnitures	mcwfurnitures:spruce_striped_chair	mcw-furniture-3.4.1-mc1.21.1neoforge.jar
mcwfurnitures	mcwfurnitures:spruce_table	mcw-furniture-3.4.1-mc1.21.1neoforge.jar
mcwfurnitures	mcwfurnitures:spruce_triple_drawer	mcw-furniture-3.4.1-mc1.21.1neoforge.jar
mcwfurnitures	mcwfurnitures:spruce_wardrobe	mcw-furniture-3.4.1-mc1.21.1neoforge.jar
mcwfurnitures	mcwfurnitures:stripped_acacia_bookshelf	mcw-furniture-3.4.1-mc1.21.1neoforge.jar
mcwfurnitures	mcwfurnitures:stripped_acacia_bookshelf_cupboard	mcw-furniture-3.4.1-mc1.21.1neoforge.jar
mcwfurnitures	mcwfurnitures:stripped_acacia_bookshelf_drawer	mcw-furniture-3.4.1-mc1.21.1neoforge.jar
mcwfurnitures	mcwfurnitures:stripped_acacia_chair	mcw-furniture-3.4.1-mc1.21.1neoforge.jar
mcwfurnitures	mcwfurnitures:stripped_acacia_coffee_table	mcw-furniture-3.4.1-mc1.21.1neoforge.jar
mcwfurnitures	mcwfurnitures:stripped_acacia_counter	mcw-furniture-3.4.1-mc1.21.1neoforge.jar
mcwfurnitures	mcwfurnitures:stripped_acacia_covered_desk	mcw-furniture-3.4.1-mc1.21.1neoforge.jar
mcwfurnitures	mcwfurnitures:stripped_acacia_cupboard_counter	mcw-furniture-3.4.1-mc1.21.1neoforge.jar
mcwfurnitures	mcwfurnitures:stripped_acacia_desk	mcw-furniture-3.4.1-mc1.21.1neoforge.jar
mcwfurnitures	mcwfurnitures:stripped_acacia_double_drawer	mcw-furniture-3.4.1-mc1.21.1neoforge.jar
mcwfurnitures	mcwfurnitures:stripped_acacia_double_drawer_counter	mcw-furniture-3.4.1-mc1.21.1neoforge.jar
mcwfurnitures	mcwfurnitures:stripped_acacia_double_kitchen_cabinet	mcw-furniture-3.4.1-mc1.21.1neoforge.jar
mcwfurnitures	mcwfurnitures:stripped_acacia_double_wardrobe	mcw-furniture-3.4.1-mc1.21.1neoforge.jar
mcwfurnitures	mcwfurnitures:stripped_acacia_drawer	mcw-furniture-3.4.1-mc1.21.1neoforge.jar
mcwfurnitures	mcwfurnitures:stripped_acacia_drawer_counter	mcw-furniture-3.4.1-mc1.21.1neoforge.jar
mcwfurnitures	mcwfurnitures:stripped_acacia_end_table	mcw-furniture-3.4.1-mc1.21.1neoforge.jar
mcwfurnitures	mcwfurnitures:stripped_acacia_glass_kitchen_cabinet	mcw-furniture-3.4.1-mc1.21.1neoforge.jar
mcwfurnitures	mcwfurnitures:stripped_acacia_glass_table	mcw-furniture-3.4.1-mc1.21.1neoforge.jar
mcwfurnitures	mcwfurnitures:stripped_acacia_kitchen_cabinet	mcw-furniture-3.4.1-mc1.21.1neoforge.jar
mcwfurnitures	mcwfurnitures:stripped_acacia_kitchen_sink	mcw-furniture-3.4.1-mc1.21.1neoforge.jar
mcwfurnitures	mcwfurnitures:stripped_acacia_large_drawer	mcw-furniture-3.4.1-mc1.21.1neoforge.jar
mcwfurnitures	mcwfurnitures:stripped_acacia_lower_bookshelf_drawer	mcw-furniture-3.4.1-mc1.21.1neoforge.jar
mcwfurnitures	mcwfurnitures:stripped_acacia_lower_triple_drawer	mcw-furniture-3.4.1-mc1.21.1neoforge.jar
mcwfurnitures	mcwfurnitures:stripped_acacia_modern_chair	mcw-furniture-3.4.1-mc1.21.1neoforge.jar
mcwfurnitures	mcwfurnitures:stripped_acacia_modern_desk	mcw-furniture-3.4.1-mc1.21.1neoforge.jar
mcwfurnitures	mcwfurnitures:stripped_acacia_modern_wardrobe	mcw-furniture-3.4.1-mc1.21.1neoforge.jar
mcwfurnitures	mcwfurnitures:stripped_acacia_stool_chair	mcw-furniture-3.4.1-mc1.21.1neoforge.jar
mcwfurnitures	mcwfurnitures:stripped_acacia_striped_chair	mcw-furniture-3.4.1-mc1.21.1neoforge.jar
mcwfurnitures	mcwfurnitures:stripped_acacia_table	mcw-furniture-3.4.1-mc1.21.1neoforge.jar
mcwfurnitures	mcwfurnitures:stripped_acacia_triple_drawer	mcw-furniture-3.4.1-mc1.21.1neoforge.jar
mcwfurnitures	mcwfurnitures:stripped_acacia_wardrobe	mcw-furniture-3.4.1-mc1.21.1neoforge.jar
mcwfurnitures	mcwfurnitures:stripped_birch_bookshelf	mcw-furniture-3.4.1-mc1.21.1neoforge.jar
mcwfurnitures	mcwfurnitures:stripped_birch_bookshelf_cupboard	mcw-furniture-3.4.1-mc1.21.1neoforge.jar
mcwfurnitures	mcwfurnitures:stripped_birch_bookshelf_drawer	mcw-furniture-3.4.1-mc1.21.1neoforge.jar
mcwfurnitures	mcwfurnitures:stripped_birch_chair	mcw-furniture-3.4.1-mc1.21.1neoforge.jar
mcwfurnitures	mcwfurnitures:stripped_birch_coffee_table	mcw-furniture-3.4.1-mc1.21.1neoforge.jar
mcwfurnitures	mcwfurnitures:stripped_birch_counter	mcw-furniture-3.4.1-mc1.21.1neoforge.jar
mcwfurnitures	mcwfurnitures:stripped_birch_covered_desk	mcw-furniture-3.4.1-mc1.21.1neoforge.jar
mcwfurnitures	mcwfurnitures:stripped_birch_cupboard_counter	mcw-furniture-3.4.1-mc1.21.1neoforge.jar
mcwfurnitures	mcwfurnitures:stripped_birch_desk	mcw-furniture-3.4.1-mc1.21.1neoforge.jar
mcwfurnitures	mcwfurnitures:stripped_birch_double_drawer	mcw-furniture-3.4.1-mc1.21.1neoforge.jar
mcwfurnitures	mcwfurnitures:stripped_birch_double_drawer_counter	mcw-furniture-3.4.1-mc1.21.1neoforge.jar
mcwfurnitures	mcwfurnitures:stripped_birch_double_kitchen_cabinet	mcw-furniture-3.4.1-mc1.21.1neoforge.jar
mcwfurnitures	mcwfurnitures:stripped_birch_double_wardrobe	mcw-furniture-3.4.1-mc1.21.1neoforge.jar
mcwfurnitures	mcwfurnitures:stripped_birch_drawer	mcw-furniture-3.4.1-mc1.21.1neoforge.jar
mcwfurnitures	mcwfurnitures:stripped_birch_drawer_counter	mcw-furniture-3.4.1-mc1.21.1neoforge.jar
mcwfurnitures	mcwfurnitures:stripped_birch_end_table	mcw-furniture-3.4.1-mc1.21.1neoforge.jar
mcwfurnitures	mcwfurnitures:stripped_birch_glass_kitchen_cabinet	mcw-furniture-3.4.1-mc1.21.1neoforge.jar
mcwfurnitures	mcwfurnitures:stripped_birch_glass_table	mcw-furniture-3.4.1-mc1.21.1neoforge.jar
mcwfurnitures	mcwfurnitures:stripped_birch_kitchen_cabinet	mcw-furniture-3.4.1-mc1.21.1neoforge.jar
mcwfurnitures	mcwfurnitures:stripped_birch_kitchen_sink	mcw-furniture-3.4.1-mc1.21.1neoforge.jar
mcwfurnitures	mcwfurnitures:stripped_birch_large_drawer	mcw-furniture-3.4.1-mc1.21.1neoforge.jar
mcwfurnitures	mcwfurnitures:stripped_birch_lower_bookshelf_drawer	mcw-furniture-3.4.1-mc1.21.1neoforge.jar
mcwfurnitures	mcwfurnitures:stripped_birch_lower_triple_drawer	mcw-furniture-3.4.1-mc1.21.1neoforge.jar
mcwfurnitures	mcwfurnitures:stripped_birch_modern_chair	mcw-furniture-3.4.1-mc1.21.1neoforge.jar
mcwfurnitures	mcwfurnitures:stripped_birch_modern_desk	mcw-furniture-3.4.1-mc1.21.1neoforge.jar
mcwfurnitures	mcwfurnitures:stripped_birch_modern_wardrobe	mcw-furniture-3.4.1-mc1.21.1neoforge.jar
mcwfurnitures	mcwfurnitures:stripped_birch_stool_chair	mcw-furniture-3.4.1-mc1.21.1neoforge.jar
mcwfurnitures	mcwfurnitures:stripped_birch_striped_chair	mcw-furniture-3.4.1-mc1.21.1neoforge.jar
mcwfurnitures	mcwfurnitures:stripped_birch_table	mcw-furniture-3.4.1-mc1.21.1neoforge.jar
mcwfurnitures	mcwfurnitures:stripped_birch_triple_drawer	mcw-furniture-3.4.1-mc1.21.1neoforge.jar
mcwfurnitures	mcwfurnitures:stripped_birch_wardrobe	mcw-furniture-3.4.1-mc1.21.1neoforge.jar
mcwfurnitures	mcwfurnitures:stripped_cherry_bookshelf	mcw-furniture-3.4.1-mc1.21.1neoforge.jar
mcwfurnitures	mcwfurnitures:stripped_cherry_bookshelf_cupboard	mcw-furniture-3.4.1-mc1.21.1neoforge.jar
mcwfurnitures	mcwfurnitures:stripped_cherry_bookshelf_drawer	mcw-furniture-3.4.1-mc1.21.1neoforge.jar
mcwfurnitures	mcwfurnitures:stripped_cherry_chair	mcw-furniture-3.4.1-mc1.21.1neoforge.jar
mcwfurnitures	mcwfurnitures:stripped_cherry_coffee_table	mcw-furniture-3.4.1-mc1.21.1neoforge.jar
mcwfurnitures	mcwfurnitures:stripped_cherry_counter	mcw-furniture-3.4.1-mc1.21.1neoforge.jar
mcwfurnitures	mcwfurnitures:stripped_cherry_covered_desk	mcw-furniture-3.4.1-mc1.21.1neoforge.jar
mcwfurnitures	mcwfurnitures:stripped_cherry_cupboard_counter	mcw-furniture-3.4.1-mc1.21.1neoforge.jar
mcwfurnitures	mcwfurnitures:stripped_cherry_desk	mcw-furniture-3.4.1-mc1.21.1neoforge.jar
mcwfurnitures	mcwfurnitures:stripped_cherry_double_drawer	mcw-furniture-3.4.1-mc1.21.1neoforge.jar
mcwfurnitures	mcwfurnitures:stripped_cherry_double_drawer_counter	mcw-furniture-3.4.1-mc1.21.1neoforge.jar
mcwfurnitures	mcwfurnitures:stripped_cherry_double_kitchen_cabinet	mcw-furniture-3.4.1-mc1.21.1neoforge.jar
mcwfurnitures	mcwfurnitures:stripped_cherry_double_wardrobe	mcw-furniture-3.4.1-mc1.21.1neoforge.jar
mcwfurnitures	mcwfurnitures:stripped_cherry_drawer	mcw-furniture-3.4.1-mc1.21.1neoforge.jar
mcwfurnitures	mcwfurnitures:stripped_cherry_drawer_counter	mcw-furniture-3.4.1-mc1.21.1neoforge.jar
mcwfurnitures	mcwfurnitures:stripped_cherry_end_table	mcw-furniture-3.4.1-mc1.21.1neoforge.jar
mcwfurnitures	mcwfurnitures:stripped_cherry_glass_kitchen_cabinet	mcw-furniture-3.4.1-mc1.21.1neoforge.jar
mcwfurnitures	mcwfurnitures:stripped_cherry_glass_table	mcw-furniture-3.4.1-mc1.21.1neoforge.jar
mcwfurnitures	mcwfurnitures:stripped_cherry_kitchen_cabinet	mcw-furniture-3.4.1-mc1.21.1neoforge.jar
mcwfurnitures	mcwfurnitures:stripped_cherry_kitchen_sink	mcw-furniture-3.4.1-mc1.21.1neoforge.jar
mcwfurnitures	mcwfurnitures:stripped_cherry_large_drawer	mcw-furniture-3.4.1-mc1.21.1neoforge.jar
mcwfurnitures	mcwfurnitures:stripped_cherry_lower_bookshelf_drawer	mcw-furniture-3.4.1-mc1.21.1neoforge.jar
mcwfurnitures	mcwfurnitures:stripped_cherry_lower_triple_drawer	mcw-furniture-3.4.1-mc1.21.1neoforge.jar
mcwfurnitures	mcwfurnitures:stripped_cherry_modern_chair	mcw-furniture-3.4.1-mc1.21.1neoforge.jar
mcwfurnitures	mcwfurnitures:stripped_cherry_modern_desk	mcw-furniture-3.4.1-mc1.21.1neoforge.jar
mcwfurnitures	mcwfurnitures:stripped_cherry_modern_wardrobe	mcw-furniture-3.4.1-mc1.21.1neoforge.jar
mcwfurnitures	mcwfurnitures:stripped_cherry_stool_chair	mcw-furniture-3.4.1-mc1.21.1neoforge.jar
mcwfurnitures	mcwfurnitures:stripped_cherry_striped_chair	mcw-furniture-3.4.1-mc1.21.1neoforge.jar
mcwfurnitures	mcwfurnitures:stripped_cherry_table	mcw-furniture-3.4.1-mc1.21.1neoforge.jar
mcwfurnitures	mcwfurnitures:stripped_cherry_triple_drawer	mcw-furniture-3.4.1-mc1.21.1neoforge.jar
mcwfurnitures	mcwfurnitures:stripped_cherry_wardrobe	mcw-furniture-3.4.1-mc1.21.1neoforge.jar
mcwfurnitures	mcwfurnitures:stripped_crimson_bookshelf	mcw-furniture-3.4.1-mc1.21.1neoforge.jar
mcwfurnitures	mcwfurnitures:stripped_crimson_bookshelf_cupboard	mcw-furniture-3.4.1-mc1.21.1neoforge.jar
mcwfurnitures	mcwfurnitures:stripped_crimson_bookshelf_drawer	mcw-furniture-3.4.1-mc1.21.1neoforge.jar
mcwfurnitures	mcwfurnitures:stripped_crimson_chair	mcw-furniture-3.4.1-mc1.21.1neoforge.jar
mcwfurnitures	mcwfurnitures:stripped_crimson_coffee_table	mcw-furniture-3.4.1-mc1.21.1neoforge.jar
mcwfurnitures	mcwfurnitures:stripped_crimson_counter	mcw-furniture-3.4.1-mc1.21.1neoforge.jar
mcwfurnitures	mcwfurnitures:stripped_crimson_covered_desk	mcw-furniture-3.4.1-mc1.21.1neoforge.jar
mcwfurnitures	mcwfurnitures:stripped_crimson_cupboard_counter	mcw-furniture-3.4.1-mc1.21.1neoforge.jar
mcwfurnitures	mcwfurnitures:stripped_crimson_desk	mcw-furniture-3.4.1-mc1.21.1neoforge.jar
mcwfurnitures	mcwfurnitures:stripped_crimson_double_drawer	mcw-furniture-3.4.1-mc1.21.1neoforge.jar
mcwfurnitures	mcwfurnitures:stripped_crimson_double_drawer_counter	mcw-furniture-3.4.1-mc1.21.1neoforge.jar
mcwfurnitures	mcwfurnitures:stripped_crimson_double_kitchen_cabinet	mcw-furniture-3.4.1-mc1.21.1neoforge.jar
mcwfurnitures	mcwfurnitures:stripped_crimson_double_wardrobe	mcw-furniture-3.4.1-mc1.21.1neoforge.jar
mcwfurnitures	mcwfurnitures:stripped_crimson_drawer	mcw-furniture-3.4.1-mc1.21.1neoforge.jar
mcwfurnitures	mcwfurnitures:stripped_crimson_drawer_counter	mcw-furniture-3.4.1-mc1.21.1neoforge.jar
mcwfurnitures	mcwfurnitures:stripped_crimson_end_table	mcw-furniture-3.4.1-mc1.21.1neoforge.jar
mcwfurnitures	mcwfurnitures:stripped_crimson_glass_kitchen_cabinet	mcw-furniture-3.4.1-mc1.21.1neoforge.jar
mcwfurnitures	mcwfurnitures:stripped_crimson_glass_table	mcw-furniture-3.4.1-mc1.21.1neoforge.jar
mcwfurnitures	mcwfurnitures:stripped_crimson_kitchen_cabinet	mcw-furniture-3.4.1-mc1.21.1neoforge.jar
mcwfurnitures	mcwfurnitures:stripped_crimson_kitchen_sink	mcw-furniture-3.4.1-mc1.21.1neoforge.jar
mcwfurnitures	mcwfurnitures:stripped_crimson_large_drawer	mcw-furniture-3.4.1-mc1.21.1neoforge.jar
mcwfurnitures	mcwfurnitures:stripped_crimson_lower_bookshelf_drawer	mcw-furniture-3.4.1-mc1.21.1neoforge.jar
mcwfurnitures	mcwfurnitures:stripped_crimson_lower_triple_drawer	mcw-furniture-3.4.1-mc1.21.1neoforge.jar
mcwfurnitures	mcwfurnitures:stripped_crimson_modern_chair	mcw-furniture-3.4.1-mc1.21.1neoforge.jar
mcwfurnitures	mcwfurnitures:stripped_crimson_modern_desk	mcw-furniture-3.4.1-mc1.21.1neoforge.jar
mcwfurnitures	mcwfurnitures:stripped_crimson_modern_wardrobe	mcw-furniture-3.4.1-mc1.21.1neoforge.jar
mcwfurnitures	mcwfurnitures:stripped_crimson_stool_chair	mcw-furniture-3.4.1-mc1.21.1neoforge.jar
mcwfurnitures	mcwfurnitures:stripped_crimson_striped_chair	mcw-furniture-3.4.1-mc1.21.1neoforge.jar
mcwfurnitures	mcwfurnitures:stripped_crimson_table	mcw-furniture-3.4.1-mc1.21.1neoforge.jar
mcwfurnitures	mcwfurnitures:stripped_crimson_triple_drawer	mcw-furniture-3.4.1-mc1.21.1neoforge.jar
mcwfurnitures	mcwfurnitures:stripped_crimson_wardrobe	mcw-furniture-3.4.1-mc1.21.1neoforge.jar
mcwfurnitures	mcwfurnitures:stripped_dark_oak_bookshelf	mcw-furniture-3.4.1-mc1.21.1neoforge.jar
mcwfurnitures	mcwfurnitures:stripped_dark_oak_bookshelf_cupboard	mcw-furniture-3.4.1-mc1.21.1neoforge.jar
mcwfurnitures	mcwfurnitures:stripped_dark_oak_bookshelf_drawer	mcw-furniture-3.4.1-mc1.21.1neoforge.jar
mcwfurnitures	mcwfurnitures:stripped_dark_oak_chair	mcw-furniture-3.4.1-mc1.21.1neoforge.jar
mcwfurnitures	mcwfurnitures:stripped_dark_oak_coffee_table	mcw-furniture-3.4.1-mc1.21.1neoforge.jar
mcwfurnitures	mcwfurnitures:stripped_dark_oak_counter	mcw-furniture-3.4.1-mc1.21.1neoforge.jar
mcwfurnitures	mcwfurnitures:stripped_dark_oak_covered_desk	mcw-furniture-3.4.1-mc1.21.1neoforge.jar
mcwfurnitures	mcwfurnitures:stripped_dark_oak_cupboard_counter	mcw-furniture-3.4.1-mc1.21.1neoforge.jar
mcwfurnitures	mcwfurnitures:stripped_dark_oak_desk	mcw-furniture-3.4.1-mc1.21.1neoforge.jar
mcwfurnitures	mcwfurnitures:stripped_dark_oak_double_drawer	mcw-furniture-3.4.1-mc1.21.1neoforge.jar
mcwfurnitures	mcwfurnitures:stripped_dark_oak_double_drawer_counter	mcw-furniture-3.4.1-mc1.21.1neoforge.jar
mcwfurnitures	mcwfurnitures:stripped_dark_oak_double_kitchen_cabinet	mcw-furniture-3.4.1-mc1.21.1neoforge.jar
mcwfurnitures	mcwfurnitures:stripped_dark_oak_double_wardrobe	mcw-furniture-3.4.1-mc1.21.1neoforge.jar
mcwfurnitures	mcwfurnitures:stripped_dark_oak_drawer	mcw-furniture-3.4.1-mc1.21.1neoforge.jar
mcwfurnitures	mcwfurnitures:stripped_dark_oak_drawer_counter	mcw-furniture-3.4.1-mc1.21.1neoforge.jar
mcwfurnitures	mcwfurnitures:stripped_dark_oak_end_table	mcw-furniture-3.4.1-mc1.21.1neoforge.jar
mcwfurnitures	mcwfurnitures:stripped_dark_oak_glass_kitchen_cabinet	mcw-furniture-3.4.1-mc1.21.1neoforge.jar
mcwfurnitures	mcwfurnitures:stripped_dark_oak_glass_table	mcw-furniture-3.4.1-mc1.21.1neoforge.jar
mcwfurnitures	mcwfurnitures:stripped_dark_oak_kitchen_cabinet	mcw-furniture-3.4.1-mc1.21.1neoforge.jar
mcwfurnitures	mcwfurnitures:stripped_dark_oak_kitchen_sink	mcw-furniture-3.4.1-mc1.21.1neoforge.jar
mcwfurnitures	mcwfurnitures:stripped_dark_oak_large_drawer	mcw-furniture-3.4.1-mc1.21.1neoforge.jar
mcwfurnitures	mcwfurnitures:stripped_dark_oak_lower_bookshelf_drawer	mcw-furniture-3.4.1-mc1.21.1neoforge.jar
mcwfurnitures	mcwfurnitures:stripped_dark_oak_lower_triple_drawer	mcw-furniture-3.4.1-mc1.21.1neoforge.jar
mcwfurnitures	mcwfurnitures:stripped_dark_oak_modern_chair	mcw-furniture-3.4.1-mc1.21.1neoforge.jar
mcwfurnitures	mcwfurnitures:stripped_dark_oak_modern_desk	mcw-furniture-3.4.1-mc1.21.1neoforge.jar
mcwfurnitures	mcwfurnitures:stripped_dark_oak_modern_wardrobe	mcw-furniture-3.4.1-mc1.21.1neoforge.jar
mcwfurnitures	mcwfurnitures:stripped_dark_oak_stool_chair	mcw-furniture-3.4.1-mc1.21.1neoforge.jar
mcwfurnitures	mcwfurnitures:stripped_dark_oak_striped_chair	mcw-furniture-3.4.1-mc1.21.1neoforge.jar
mcwfurnitures	mcwfurnitures:stripped_dark_oak_table	mcw-furniture-3.4.1-mc1.21.1neoforge.jar
mcwfurnitures	mcwfurnitures:stripped_dark_oak_triple_drawer	mcw-furniture-3.4.1-mc1.21.1neoforge.jar
mcwfurnitures	mcwfurnitures:stripped_dark_oak_wardrobe	mcw-furniture-3.4.1-mc1.21.1neoforge.jar
mcwfurnitures	mcwfurnitures:stripped_jungle_bookshelf	mcw-furniture-3.4.1-mc1.21.1neoforge.jar
mcwfurnitures	mcwfurnitures:stripped_jungle_bookshelf_cupboard	mcw-furniture-3.4.1-mc1.21.1neoforge.jar
mcwfurnitures	mcwfurnitures:stripped_jungle_bookshelf_drawer	mcw-furniture-3.4.1-mc1.21.1neoforge.jar
mcwfurnitures	mcwfurnitures:stripped_jungle_chair	mcw-furniture-3.4.1-mc1.21.1neoforge.jar
mcwfurnitures	mcwfurnitures:stripped_jungle_coffee_table	mcw-furniture-3.4.1-mc1.21.1neoforge.jar
mcwfurnitures	mcwfurnitures:stripped_jungle_counter	mcw-furniture-3.4.1-mc1.21.1neoforge.jar
mcwfurnitures	mcwfurnitures:stripped_jungle_covered_desk	mcw-furniture-3.4.1-mc1.21.1neoforge.jar
mcwfurnitures	mcwfurnitures:stripped_jungle_cupboard_counter	mcw-furniture-3.4.1-mc1.21.1neoforge.jar
mcwfurnitures	mcwfurnitures:stripped_jungle_desk	mcw-furniture-3.4.1-mc1.21.1neoforge.jar
mcwfurnitures	mcwfurnitures:stripped_jungle_double_drawer	mcw-furniture-3.4.1-mc1.21.1neoforge.jar
mcwfurnitures	mcwfurnitures:stripped_jungle_double_drawer_counter	mcw-furniture-3.4.1-mc1.21.1neoforge.jar
mcwfurnitures	mcwfurnitures:stripped_jungle_double_kitchen_cabinet	mcw-furniture-3.4.1-mc1.21.1neoforge.jar
mcwfurnitures	mcwfurnitures:stripped_jungle_double_wardrobe	mcw-furniture-3.4.1-mc1.21.1neoforge.jar
mcwfurnitures	mcwfurnitures:stripped_jungle_drawer	mcw-furniture-3.4.1-mc1.21.1neoforge.jar
mcwfurnitures	mcwfurnitures:stripped_jungle_drawer_counter	mcw-furniture-3.4.1-mc1.21.1neoforge.jar
mcwfurnitures	mcwfurnitures:stripped_jungle_end_table	mcw-furniture-3.4.1-mc1.21.1neoforge.jar
mcwfurnitures	mcwfurnitures:stripped_jungle_glass_kitchen_cabinet	mcw-furniture-3.4.1-mc1.21.1neoforge.jar
mcwfurnitures	mcwfurnitures:stripped_jungle_glass_table	mcw-furniture-3.4.1-mc1.21.1neoforge.jar
mcwfurnitures	mcwfurnitures:stripped_jungle_kitchen_cabinet	mcw-furniture-3.4.1-mc1.21.1neoforge.jar
mcwfurnitures	mcwfurnitures:stripped_jungle_kitchen_sink	mcw-furniture-3.4.1-mc1.21.1neoforge.jar
mcwfurnitures	mcwfurnitures:stripped_jungle_large_drawer	mcw-furniture-3.4.1-mc1.21.1neoforge.jar
mcwfurnitures	mcwfurnitures:stripped_jungle_lower_bookshelf_drawer	mcw-furniture-3.4.1-mc1.21.1neoforge.jar
mcwfurnitures	mcwfurnitures:stripped_jungle_lower_triple_drawer	mcw-furniture-3.4.1-mc1.21.1neoforge.jar
mcwfurnitures	mcwfurnitures:stripped_jungle_modern_chair	mcw-furniture-3.4.1-mc1.21.1neoforge.jar
mcwfurnitures	mcwfurnitures:stripped_jungle_modern_desk	mcw-furniture-3.4.1-mc1.21.1neoforge.jar
mcwfurnitures	mcwfurnitures:stripped_jungle_modern_wardrobe	mcw-furniture-3.4.1-mc1.21.1neoforge.jar
mcwfurnitures	mcwfurnitures:stripped_jungle_stool_chair	mcw-furniture-3.4.1-mc1.21.1neoforge.jar
mcwfurnitures	mcwfurnitures:stripped_jungle_striped_chair	mcw-furniture-3.4.1-mc1.21.1neoforge.jar
mcwfurnitures	mcwfurnitures:stripped_jungle_table	mcw-furniture-3.4.1-mc1.21.1neoforge.jar
mcwfurnitures	mcwfurnitures:stripped_jungle_triple_drawer	mcw-furniture-3.4.1-mc1.21.1neoforge.jar
mcwfurnitures	mcwfurnitures:stripped_jungle_wardrobe	mcw-furniture-3.4.1-mc1.21.1neoforge.jar
mcwfurnitures	mcwfurnitures:stripped_mangrove_bookshelf	mcw-furniture-3.4.1-mc1.21.1neoforge.jar
mcwfurnitures	mcwfurnitures:stripped_mangrove_bookshelf_cupboard	mcw-furniture-3.4.1-mc1.21.1neoforge.jar
mcwfurnitures	mcwfurnitures:stripped_mangrove_bookshelf_drawer	mcw-furniture-3.4.1-mc1.21.1neoforge.jar
mcwfurnitures	mcwfurnitures:stripped_mangrove_chair	mcw-furniture-3.4.1-mc1.21.1neoforge.jar
mcwfurnitures	mcwfurnitures:stripped_mangrove_coffee_table	mcw-furniture-3.4.1-mc1.21.1neoforge.jar
mcwfurnitures	mcwfurnitures:stripped_mangrove_counter	mcw-furniture-3.4.1-mc1.21.1neoforge.jar
mcwfurnitures	mcwfurnitures:stripped_mangrove_covered_desk	mcw-furniture-3.4.1-mc1.21.1neoforge.jar
mcwfurnitures	mcwfurnitures:stripped_mangrove_cupboard_counter	mcw-furniture-3.4.1-mc1.21.1neoforge.jar
mcwfurnitures	mcwfurnitures:stripped_mangrove_desk	mcw-furniture-3.4.1-mc1.21.1neoforge.jar
mcwfurnitures	mcwfurnitures:stripped_mangrove_double_drawer	mcw-furniture-3.4.1-mc1.21.1neoforge.jar
mcwfurnitures	mcwfurnitures:stripped_mangrove_double_drawer_counter	mcw-furniture-3.4.1-mc1.21.1neoforge.jar
mcwfurnitures	mcwfurnitures:stripped_mangrove_double_kitchen_cabinet	mcw-furniture-3.4.1-mc1.21.1neoforge.jar
mcwfurnitures	mcwfurnitures:stripped_mangrove_double_wardrobe	mcw-furniture-3.4.1-mc1.21.1neoforge.jar
mcwfurnitures	mcwfurnitures:stripped_mangrove_drawer	mcw-furniture-3.4.1-mc1.21.1neoforge.jar
mcwfurnitures	mcwfurnitures:stripped_mangrove_drawer_counter	mcw-furniture-3.4.1-mc1.21.1neoforge.jar
mcwfurnitures	mcwfurnitures:stripped_mangrove_end_table	mcw-furniture-3.4.1-mc1.21.1neoforge.jar
mcwfurnitures	mcwfurnitures:stripped_mangrove_glass_kitchen_cabinet	mcw-furniture-3.4.1-mc1.21.1neoforge.jar
mcwfurnitures	mcwfurnitures:stripped_mangrove_glass_table	mcw-furniture-3.4.1-mc1.21.1neoforge.jar
mcwfurnitures	mcwfurnitures:stripped_mangrove_kitchen_cabinet	mcw-furniture-3.4.1-mc1.21.1neoforge.jar
mcwfurnitures	mcwfurnitures:stripped_mangrove_kitchen_sink	mcw-furniture-3.4.1-mc1.21.1neoforge.jar
mcwfurnitures	mcwfurnitures:stripped_mangrove_large_drawer	mcw-furniture-3.4.1-mc1.21.1neoforge.jar
mcwfurnitures	mcwfurnitures:stripped_mangrove_lower_bookshelf_drawer	mcw-furniture-3.4.1-mc1.21.1neoforge.jar
mcwfurnitures	mcwfurnitures:stripped_mangrove_lower_triple_drawer	mcw-furniture-3.4.1-mc1.21.1neoforge.jar
mcwfurnitures	mcwfurnitures:stripped_mangrove_modern_chair	mcw-furniture-3.4.1-mc1.21.1neoforge.jar
mcwfurnitures	mcwfurnitures:stripped_mangrove_modern_desk	mcw-furniture-3.4.1-mc1.21.1neoforge.jar
mcwfurnitures	mcwfurnitures:stripped_mangrove_modern_wardrobe	mcw-furniture-3.4.1-mc1.21.1neoforge.jar
mcwfurnitures	mcwfurnitures:stripped_mangrove_stool_chair	mcw-furniture-3.4.1-mc1.21.1neoforge.jar
mcwfurnitures	mcwfurnitures:stripped_mangrove_striped_chair	mcw-furniture-3.4.1-mc1.21.1neoforge.jar
mcwfurnitures	mcwfurnitures:stripped_mangrove_table	mcw-furniture-3.4.1-mc1.21.1neoforge.jar
mcwfurnitures	mcwfurnitures:stripped_mangrove_triple_drawer	mcw-furniture-3.4.1-mc1.21.1neoforge.jar
mcwfurnitures	mcwfurnitures:stripped_mangrove_wardrobe	mcw-furniture-3.4.1-mc1.21.1neoforge.jar
mcwfurnitures	mcwfurnitures:stripped_oak_bookshelf	mcw-furniture-3.4.1-mc1.21.1neoforge.jar
mcwfurnitures	mcwfurnitures:stripped_oak_bookshelf_cupboard	mcw-furniture-3.4.1-mc1.21.1neoforge.jar
mcwfurnitures	mcwfurnitures:stripped_oak_bookshelf_drawer	mcw-furniture-3.4.1-mc1.21.1neoforge.jar
mcwfurnitures	mcwfurnitures:stripped_oak_chair	mcw-furniture-3.4.1-mc1.21.1neoforge.jar
mcwfurnitures	mcwfurnitures:stripped_oak_coffee_table	mcw-furniture-3.4.1-mc1.21.1neoforge.jar
mcwfurnitures	mcwfurnitures:stripped_oak_counter	mcw-furniture-3.4.1-mc1.21.1neoforge.jar
mcwfurnitures	mcwfurnitures:stripped_oak_covered_desk	mcw-furniture-3.4.1-mc1.21.1neoforge.jar
mcwfurnitures	mcwfurnitures:stripped_oak_cupboard_counter	mcw-furniture-3.4.1-mc1.21.1neoforge.jar
mcwfurnitures	mcwfurnitures:stripped_oak_desk	mcw-furniture-3.4.1-mc1.21.1neoforge.jar
mcwfurnitures	mcwfurnitures:stripped_oak_double_drawer	mcw-furniture-3.4.1-mc1.21.1neoforge.jar
mcwfurnitures	mcwfurnitures:stripped_oak_double_drawer_counter	mcw-furniture-3.4.1-mc1.21.1neoforge.jar
mcwfurnitures	mcwfurnitures:stripped_oak_double_kitchen_cabinet	mcw-furniture-3.4.1-mc1.21.1neoforge.jar
mcwfurnitures	mcwfurnitures:stripped_oak_double_wardrobe	mcw-furniture-3.4.1-mc1.21.1neoforge.jar
mcwfurnitures	mcwfurnitures:stripped_oak_drawer	mcw-furniture-3.4.1-mc1.21.1neoforge.jar
mcwfurnitures	mcwfurnitures:stripped_oak_drawer_counter	mcw-furniture-3.4.1-mc1.21.1neoforge.jar
mcwfurnitures	mcwfurnitures:stripped_oak_end_table	mcw-furniture-3.4.1-mc1.21.1neoforge.jar
mcwfurnitures	mcwfurnitures:stripped_oak_glass_kitchen_cabinet	mcw-furniture-3.4.1-mc1.21.1neoforge.jar
mcwfurnitures	mcwfurnitures:stripped_oak_glass_table	mcw-furniture-3.4.1-mc1.21.1neoforge.jar
mcwfurnitures	mcwfurnitures:stripped_oak_kitchen_cabinet	mcw-furniture-3.4.1-mc1.21.1neoforge.jar
mcwfurnitures	mcwfurnitures:stripped_oak_kitchen_sink	mcw-furniture-3.4.1-mc1.21.1neoforge.jar
mcwfurnitures	mcwfurnitures:stripped_oak_large_drawer	mcw-furniture-3.4.1-mc1.21.1neoforge.jar
mcwfurnitures	mcwfurnitures:stripped_oak_lower_bookshelf_drawer	mcw-furniture-3.4.1-mc1.21.1neoforge.jar
mcwfurnitures	mcwfurnitures:stripped_oak_lower_triple_drawer	mcw-furniture-3.4.1-mc1.21.1neoforge.jar
mcwfurnitures	mcwfurnitures:stripped_oak_modern_chair	mcw-furniture-3.4.1-mc1.21.1neoforge.jar
mcwfurnitures	mcwfurnitures:stripped_oak_modern_desk	mcw-furniture-3.4.1-mc1.21.1neoforge.jar
mcwfurnitures	mcwfurnitures:stripped_oak_modern_wardrobe	mcw-furniture-3.4.1-mc1.21.1neoforge.jar
mcwfurnitures	mcwfurnitures:stripped_oak_stool_chair	mcw-furniture-3.4.1-mc1.21.1neoforge.jar
mcwfurnitures	mcwfurnitures:stripped_oak_striped_chair	mcw-furniture-3.4.1-mc1.21.1neoforge.jar
mcwfurnitures	mcwfurnitures:stripped_oak_table	mcw-furniture-3.4.1-mc1.21.1neoforge.jar
mcwfurnitures	mcwfurnitures:stripped_oak_triple_drawer	mcw-furniture-3.4.1-mc1.21.1neoforge.jar
mcwfurnitures	mcwfurnitures:stripped_oak_wardrobe	mcw-furniture-3.4.1-mc1.21.1neoforge.jar
mcwfurnitures	mcwfurnitures:stripped_spruce_bookshelf	mcw-furniture-3.4.1-mc1.21.1neoforge.jar
mcwfurnitures	mcwfurnitures:stripped_spruce_bookshelf_cupboard	mcw-furniture-3.4.1-mc1.21.1neoforge.jar
mcwfurnitures	mcwfurnitures:stripped_spruce_bookshelf_drawer	mcw-furniture-3.4.1-mc1.21.1neoforge.jar
mcwfurnitures	mcwfurnitures:stripped_spruce_chair	mcw-furniture-3.4.1-mc1.21.1neoforge.jar
mcwfurnitures	mcwfurnitures:stripped_spruce_coffee_table	mcw-furniture-3.4.1-mc1.21.1neoforge.jar
mcwfurnitures	mcwfurnitures:stripped_spruce_counter	mcw-furniture-3.4.1-mc1.21.1neoforge.jar
mcwfurnitures	mcwfurnitures:stripped_spruce_covered_desk	mcw-furniture-3.4.1-mc1.21.1neoforge.jar
mcwfurnitures	mcwfurnitures:stripped_spruce_cupboard_counter	mcw-furniture-3.4.1-mc1.21.1neoforge.jar
mcwfurnitures	mcwfurnitures:stripped_spruce_desk	mcw-furniture-3.4.1-mc1.21.1neoforge.jar
mcwfurnitures	mcwfurnitures:stripped_spruce_double_drawer	mcw-furniture-3.4.1-mc1.21.1neoforge.jar
mcwfurnitures	mcwfurnitures:stripped_spruce_double_drawer_counter	mcw-furniture-3.4.1-mc1.21.1neoforge.jar
mcwfurnitures	mcwfurnitures:stripped_spruce_double_kitchen_cabinet	mcw-furniture-3.4.1-mc1.21.1neoforge.jar
mcwfurnitures	mcwfurnitures:stripped_spruce_double_wardrobe	mcw-furniture-3.4.1-mc1.21.1neoforge.jar
mcwfurnitures	mcwfurnitures:stripped_spruce_drawer	mcw-furniture-3.4.1-mc1.21.1neoforge.jar
mcwfurnitures	mcwfurnitures:stripped_spruce_drawer_counter	mcw-furniture-3.4.1-mc1.21.1neoforge.jar
mcwfurnitures	mcwfurnitures:stripped_spruce_end_table	mcw-furniture-3.4.1-mc1.21.1neoforge.jar
mcwfurnitures	mcwfurnitures:stripped_spruce_glass_kitchen_cabinet	mcw-furniture-3.4.1-mc1.21.1neoforge.jar
mcwfurnitures	mcwfurnitures:stripped_spruce_glass_table	mcw-furniture-3.4.1-mc1.21.1neoforge.jar
mcwfurnitures	mcwfurnitures:stripped_spruce_kitchen_cabinet	mcw-furniture-3.4.1-mc1.21.1neoforge.jar
mcwfurnitures	mcwfurnitures:stripped_spruce_kitchen_sink	mcw-furniture-3.4.1-mc1.21.1neoforge.jar
mcwfurnitures	mcwfurnitures:stripped_spruce_large_drawer	mcw-furniture-3.4.1-mc1.21.1neoforge.jar
mcwfurnitures	mcwfurnitures:stripped_spruce_lower_bookshelf_drawer	mcw-furniture-3.4.1-mc1.21.1neoforge.jar
mcwfurnitures	mcwfurnitures:stripped_spruce_lower_triple_drawer	mcw-furniture-3.4.1-mc1.21.1neoforge.jar
mcwfurnitures	mcwfurnitures:stripped_spruce_modern_chair	mcw-furniture-3.4.1-mc1.21.1neoforge.jar
mcwfurnitures	mcwfurnitures:stripped_spruce_modern_desk	mcw-furniture-3.4.1-mc1.21.1neoforge.jar
mcwfurnitures	mcwfurnitures:stripped_spruce_modern_wardrobe	mcw-furniture-3.4.1-mc1.21.1neoforge.jar
mcwfurnitures	mcwfurnitures:stripped_spruce_stool_chair	mcw-furniture-3.4.1-mc1.21.1neoforge.jar
mcwfurnitures	mcwfurnitures:stripped_spruce_striped_chair	mcw-furniture-3.4.1-mc1.21.1neoforge.jar
mcwfurnitures	mcwfurnitures:stripped_spruce_table	mcw-furniture-3.4.1-mc1.21.1neoforge.jar
mcwfurnitures	mcwfurnitures:stripped_spruce_triple_drawer	mcw-furniture-3.4.1-mc1.21.1neoforge.jar
mcwfurnitures	mcwfurnitures:stripped_spruce_wardrobe	mcw-furniture-3.4.1-mc1.21.1neoforge.jar
mcwfurnitures	mcwfurnitures:stripped_warped_bookshelf	mcw-furniture-3.4.1-mc1.21.1neoforge.jar
mcwfurnitures	mcwfurnitures:stripped_warped_bookshelf_cupboard	mcw-furniture-3.4.1-mc1.21.1neoforge.jar
mcwfurnitures	mcwfurnitures:stripped_warped_bookshelf_drawer	mcw-furniture-3.4.1-mc1.21.1neoforge.jar
mcwfurnitures	mcwfurnitures:stripped_warped_chair	mcw-furniture-3.4.1-mc1.21.1neoforge.jar
mcwfurnitures	mcwfurnitures:stripped_warped_coffee_table	mcw-furniture-3.4.1-mc1.21.1neoforge.jar
mcwfurnitures	mcwfurnitures:stripped_warped_counter	mcw-furniture-3.4.1-mc1.21.1neoforge.jar
mcwfurnitures	mcwfurnitures:stripped_warped_covered_desk	mcw-furniture-3.4.1-mc1.21.1neoforge.jar
mcwfurnitures	mcwfurnitures:stripped_warped_cupboard_counter	mcw-furniture-3.4.1-mc1.21.1neoforge.jar
mcwfurnitures	mcwfurnitures:stripped_warped_desk	mcw-furniture-3.4.1-mc1.21.1neoforge.jar
mcwfurnitures	mcwfurnitures:stripped_warped_double_drawer	mcw-furniture-3.4.1-mc1.21.1neoforge.jar
mcwfurnitures	mcwfurnitures:stripped_warped_double_drawer_counter	mcw-furniture-3.4.1-mc1.21.1neoforge.jar
mcwfurnitures	mcwfurnitures:stripped_warped_double_kitchen_cabinet	mcw-furniture-3.4.1-mc1.21.1neoforge.jar
mcwfurnitures	mcwfurnitures:stripped_warped_double_wardrobe	mcw-furniture-3.4.1-mc1.21.1neoforge.jar
mcwfurnitures	mcwfurnitures:stripped_warped_drawer	mcw-furniture-3.4.1-mc1.21.1neoforge.jar
mcwfurnitures	mcwfurnitures:stripped_warped_drawer_counter	mcw-furniture-3.4.1-mc1.21.1neoforge.jar
mcwfurnitures	mcwfurnitures:stripped_warped_end_table	mcw-furniture-3.4.1-mc1.21.1neoforge.jar
mcwfurnitures	mcwfurnitures:stripped_warped_glass_kitchen_cabinet	mcw-furniture-3.4.1-mc1.21.1neoforge.jar
mcwfurnitures	mcwfurnitures:stripped_warped_glass_table	mcw-furniture-3.4.1-mc1.21.1neoforge.jar
mcwfurnitures	mcwfurnitures:stripped_warped_kitchen_cabinet	mcw-furniture-3.4.1-mc1.21.1neoforge.jar
mcwfurnitures	mcwfurnitures:stripped_warped_kitchen_sink	mcw-furniture-3.4.1-mc1.21.1neoforge.jar
mcwfurnitures	mcwfurnitures:stripped_warped_large_drawer	mcw-furniture-3.4.1-mc1.21.1neoforge.jar
mcwfurnitures	mcwfurnitures:stripped_warped_lower_bookshelf_drawer	mcw-furniture-3.4.1-mc1.21.1neoforge.jar
mcwfurnitures	mcwfurnitures:stripped_warped_lower_triple_drawer	mcw-furniture-3.4.1-mc1.21.1neoforge.jar
mcwfurnitures	mcwfurnitures:stripped_warped_modern_chair	mcw-furniture-3.4.1-mc1.21.1neoforge.jar
mcwfurnitures	mcwfurnitures:stripped_warped_modern_desk	mcw-furniture-3.4.1-mc1.21.1neoforge.jar
mcwfurnitures	mcwfurnitures:stripped_warped_modern_wardrobe	mcw-furniture-3.4.1-mc1.21.1neoforge.jar
mcwfurnitures	mcwfurnitures:stripped_warped_stool_chair	mcw-furniture-3.4.1-mc1.21.1neoforge.jar
mcwfurnitures	mcwfurnitures:stripped_warped_striped_chair	mcw-furniture-3.4.1-mc1.21.1neoforge.jar
mcwfurnitures	mcwfurnitures:stripped_warped_table	mcw-furniture-3.4.1-mc1.21.1neoforge.jar
mcwfurnitures	mcwfurnitures:stripped_warped_triple_drawer	mcw-furniture-3.4.1-mc1.21.1neoforge.jar
mcwfurnitures	mcwfurnitures:stripped_warped_wardrobe	mcw-furniture-3.4.1-mc1.21.1neoforge.jar
mcwfurnitures	mcwfurnitures:warped_bookshelf	mcw-furniture-3.4.1-mc1.21.1neoforge.jar
mcwfurnitures	mcwfurnitures:warped_bookshelf_cupboard	mcw-furniture-3.4.1-mc1.21.1neoforge.jar
mcwfurnitures	mcwfurnitures:warped_bookshelf_drawer	mcw-furniture-3.4.1-mc1.21.1neoforge.jar
mcwfurnitures	mcwfurnitures:warped_chair	mcw-furniture-3.4.1-mc1.21.1neoforge.jar
mcwfurnitures	mcwfurnitures:warped_coffee_table	mcw-furniture-3.4.1-mc1.21.1neoforge.jar
mcwfurnitures	mcwfurnitures:warped_counter	mcw-furniture-3.4.1-mc1.21.1neoforge.jar
mcwfurnitures	mcwfurnitures:warped_covered_desk	mcw-furniture-3.4.1-mc1.21.1neoforge.jar
mcwfurnitures	mcwfurnitures:warped_cupboard_counter	mcw-furniture-3.4.1-mc1.21.1neoforge.jar
mcwfurnitures	mcwfurnitures:warped_desk	mcw-furniture-3.4.1-mc1.21.1neoforge.jar
mcwfurnitures	mcwfurnitures:warped_double_drawer	mcw-furniture-3.4.1-mc1.21.1neoforge.jar
mcwfurnitures	mcwfurnitures:warped_double_drawer_counter	mcw-furniture-3.4.1-mc1.21.1neoforge.jar
mcwfurnitures	mcwfurnitures:warped_double_kitchen_cabinet	mcw-furniture-3.4.1-mc1.21.1neoforge.jar
mcwfurnitures	mcwfurnitures:warped_double_wardrobe	mcw-furniture-3.4.1-mc1.21.1neoforge.jar
mcwfurnitures	mcwfurnitures:warped_drawer	mcw-furniture-3.4.1-mc1.21.1neoforge.jar
mcwfurnitures	mcwfurnitures:warped_drawer_counter	mcw-furniture-3.4.1-mc1.21.1neoforge.jar
mcwfurnitures	mcwfurnitures:warped_end_table	mcw-furniture-3.4.1-mc1.21.1neoforge.jar
mcwfurnitures	mcwfurnitures:warped_glass_kitchen_cabinet	mcw-furniture-3.4.1-mc1.21.1neoforge.jar
mcwfurnitures	mcwfurnitures:warped_glass_table	mcw-furniture-3.4.1-mc1.21.1neoforge.jar
mcwfurnitures	mcwfurnitures:warped_kitchen_cabinet	mcw-furniture-3.4.1-mc1.21.1neoforge.jar
mcwfurnitures	mcwfurnitures:warped_kitchen_sink	mcw-furniture-3.4.1-mc1.21.1neoforge.jar
mcwfurnitures	mcwfurnitures:warped_large_drawer	mcw-furniture-3.4.1-mc1.21.1neoforge.jar
mcwfurnitures	mcwfurnitures:warped_lower_bookshelf_drawer	mcw-furniture-3.4.1-mc1.21.1neoforge.jar
mcwfurnitures	mcwfurnitures:warped_lower_triple_drawer	mcw-furniture-3.4.1-mc1.21.1neoforge.jar
mcwfurnitures	mcwfurnitures:warped_modern_chair	mcw-furniture-3.4.1-mc1.21.1neoforge.jar
mcwfurnitures	mcwfurnitures:warped_modern_desk	mcw-furniture-3.4.1-mc1.21.1neoforge.jar
mcwfurnitures	mcwfurnitures:warped_modern_wardrobe	mcw-furniture-3.4.1-mc1.21.1neoforge.jar
mcwfurnitures	mcwfurnitures:warped_stool_chair	mcw-furniture-3.4.1-mc1.21.1neoforge.jar
mcwfurnitures	mcwfurnitures:warped_striped_chair	mcw-furniture-3.4.1-mc1.21.1neoforge.jar
mcwfurnitures	mcwfurnitures:warped_table	mcw-furniture-3.4.1-mc1.21.1neoforge.jar
mcwfurnitures	mcwfurnitures:warped_triple_drawer	mcw-furniture-3.4.1-mc1.21.1neoforge.jar
mcwfurnitures	mcwfurnitures:warped_wardrobe	mcw-furniture-3.4.1-mc1.21.1neoforge.jar
mcwfurnitures	mcwfurnitures:white_chaise	mcw-furniture-3.4.1-mc1.21.1neoforge.jar
mcwfurnitures	mcwfurnitures:white_couch	mcw-furniture-3.4.1-mc1.21.1neoforge.jar
mcwfurnitures	mcwfurnitures:yellow_chaise	mcw-furniture-3.4.1-mc1.21.1neoforge.jar
mcwfurnitures	mcwfurnitures:yellow_couch	mcw-furniture-3.4.1-mc1.21.1neoforge.jar
mcwlights	mcwlights:acacia_ceiling_fan_light	mcw-lights-1.1.5-mc1.21.1neoforge.jar
mcwlights	mcwlights:acacia_tiki_torch	mcw-lights-1.1.5-mc1.21.1neoforge.jar
mcwlights	mcwlights:bamboo_tiki_torch	mcw-lights-1.1.5-mc1.21.1neoforge.jar
mcwlights	mcwlights:bell_lantern	mcw-lights-1.1.5-mc1.21.1neoforge.jar
mcwlights	mcwlights:bell_wall_lantern	mcw-lights-1.1.5-mc1.21.1neoforge.jar
mcwlights	mcwlights:birch_ceiling_fan_light	mcw-lights-1.1.5-mc1.21.1neoforge.jar
mcwlights	mcwlights:birch_tiki_torch	mcw-lights-1.1.5-mc1.21.1neoforge.jar
mcwlights	mcwlights:black_ceiling_light	mcw-lights-1.1.5-mc1.21.1neoforge.jar
mcwlights	mcwlights:black_lamp	mcw-lights-1.1.5-mc1.21.1neoforge.jar
mcwlights	mcwlights:black_paper_lamp	mcw-lights-1.1.5-mc1.21.1neoforge.jar
mcwlights	mcwlights:blue_ceiling_light	mcw-lights-1.1.5-mc1.21.1neoforge.jar
mcwlights	mcwlights:blue_lamp	mcw-lights-1.1.5-mc1.21.1neoforge.jar
mcwlights	mcwlights:blue_paper_lamp	mcw-lights-1.1.5-mc1.21.1neoforge.jar
mcwlights	mcwlights:brown_ceiling_light	mcw-lights-1.1.5-mc1.21.1neoforge.jar
mcwlights	mcwlights:brown_lamp	mcw-lights-1.1.5-mc1.21.1neoforge.jar
mcwlights	mcwlights:brown_paper_lamp	mcw-lights-1.1.5-mc1.21.1neoforge.jar
mcwlights	mcwlights:chain_lantern	mcw-lights-1.1.5-mc1.21.1neoforge.jar
mcwlights	mcwlights:chain_wall_lantern	mcw-lights-1.1.5-mc1.21.1neoforge.jar
mcwlights	mcwlights:cherry_ceiling_fan_light	mcw-lights-1.1.5-mc1.21.1neoforge.jar
mcwlights	mcwlights:cherry_tiki_torch	mcw-lights-1.1.5-mc1.21.1neoforge.jar
mcwlights	mcwlights:classic_street_lamp	mcw-lights-1.1.5-mc1.21.1neoforge.jar
mcwlights	mcwlights:copper_candle_holder	mcw-lights-1.1.5-mc1.21.1neoforge.jar
mcwlights	mcwlights:copper_chain	mcw-lights-1.1.5-mc1.21.1neoforge.jar
mcwlights	mcwlights:copper_chandelier	mcw-lights-1.1.5-mc1.21.1neoforge.jar
mcwlights	mcwlights:copper_double_candle_holder	mcw-lights-1.1.5-mc1.21.1neoforge.jar
mcwlights	mcwlights:copper_low_candle_holder	mcw-lights-1.1.5-mc1.21.1neoforge.jar
mcwlights	mcwlights:copper_small_chandelier	mcw-lights-1.1.5-mc1.21.1neoforge.jar
mcwlights	mcwlights:copper_triple_candle_holder	mcw-lights-1.1.5-mc1.21.1neoforge.jar
mcwlights	mcwlights:copper_wall_candle_holder	mcw-lights-1.1.5-mc1.21.1neoforge.jar
mcwlights	mcwlights:covered_garden_light	mcw-lights-1.1.5-mc1.21.1neoforge.jar
mcwlights	mcwlights:covered_lantern	mcw-lights-1.1.5-mc1.21.1neoforge.jar
mcwlights	mcwlights:covered_wall_lantern	mcw-lights-1.1.5-mc1.21.1neoforge.jar
mcwlights	mcwlights:crimson_ceiling_fan_light	mcw-lights-1.1.5-mc1.21.1neoforge.jar
mcwlights	mcwlights:crimson_tiki_torch	mcw-lights-1.1.5-mc1.21.1neoforge.jar
mcwlights	mcwlights:cross_lantern	mcw-lights-1.1.5-mc1.21.1neoforge.jar
mcwlights	mcwlights:cross_wall_lantern	mcw-lights-1.1.5-mc1.21.1neoforge.jar
mcwlights	mcwlights:cyan_ceiling_light	mcw-lights-1.1.5-mc1.21.1neoforge.jar
mcwlights	mcwlights:cyan_lamp	mcw-lights-1.1.5-mc1.21.1neoforge.jar
mcwlights	mcwlights:cyan_paper_lamp	mcw-lights-1.1.5-mc1.21.1neoforge.jar
mcwlights	mcwlights:dark_oak_ceiling_fan_light	mcw-lights-1.1.5-mc1.21.1neoforge.jar
mcwlights	mcwlights:dark_oak_tiki_torch	mcw-lights-1.1.5-mc1.21.1neoforge.jar
mcwlights	mcwlights:double_street_lamp	mcw-lights-1.1.5-mc1.21.1neoforge.jar
mcwlights	mcwlights:festive_lantern	mcw-lights-1.1.5-mc1.21.1neoforge.jar
mcwlights	mcwlights:festive_wall_lantern	mcw-lights-1.1.5-mc1.21.1neoforge.jar
mcwlights	mcwlights:framed_torch	mcw-lights-1.1.5-mc1.21.1neoforge.jar
mcwlights	mcwlights:garden_light	mcw-lights-1.1.5-mc1.21.1neoforge.jar
mcwlights	mcwlights:glowstone_slab	mcw-lights-1.1.5-mc1.21.1neoforge.jar
mcwlights	mcwlights:golden_candle_holder	mcw-lights-1.1.5-mc1.21.1neoforge.jar
mcwlights	mcwlights:golden_chain	mcw-lights-1.1.5-mc1.21.1neoforge.jar
mcwlights	mcwlights:golden_chandelier	mcw-lights-1.1.5-mc1.21.1neoforge.jar
mcwlights	mcwlights:golden_double_candle_holder	mcw-lights-1.1.5-mc1.21.1neoforge.jar
mcwlights	mcwlights:golden_low_candle_holder	mcw-lights-1.1.5-mc1.21.1neoforge.jar
mcwlights	mcwlights:golden_small_chandelier	mcw-lights-1.1.5-mc1.21.1neoforge.jar
mcwlights	mcwlights:golden_triple_candle_holder	mcw-lights-1.1.5-mc1.21.1neoforge.jar
mcwlights	mcwlights:golden_wall_candle_holder	mcw-lights-1.1.5-mc1.21.1neoforge.jar
mcwlights	mcwlights:gray_ceiling_light	mcw-lights-1.1.5-mc1.21.1neoforge.jar
mcwlights	mcwlights:gray_lamp	mcw-lights-1.1.5-mc1.21.1neoforge.jar
mcwlights	mcwlights:gray_paper_lamp	mcw-lights-1.1.5-mc1.21.1neoforge.jar
mcwlights	mcwlights:green_ceiling_light	mcw-lights-1.1.5-mc1.21.1neoforge.jar
mcwlights	mcwlights:green_lamp	mcw-lights-1.1.5-mc1.21.1neoforge.jar
mcwlights	mcwlights:green_paper_lamp	mcw-lights-1.1.5-mc1.21.1neoforge.jar
mcwlights	mcwlights:iron_candle_holder	mcw-lights-1.1.5-mc1.21.1neoforge.jar
mcwlights	mcwlights:iron_chandelier	mcw-lights-1.1.5-mc1.21.1neoforge.jar
mcwlights	mcwlights:iron_double_candle_holder	mcw-lights-1.1.5-mc1.21.1neoforge.jar
mcwlights	mcwlights:iron_framed_torch	mcw-lights-1.1.5-mc1.21.1neoforge.jar
mcwlights	mcwlights:iron_low_candle_holder	mcw-lights-1.1.5-mc1.21.1neoforge.jar
mcwlights	mcwlights:iron_small_chandelier	mcw-lights-1.1.5-mc1.21.1neoforge.jar
mcwlights	mcwlights:iron_triple_candle_holder	mcw-lights-1.1.5-mc1.21.1neoforge.jar
mcwlights	mcwlights:iron_wall_candle_holder	mcw-lights-1.1.5-mc1.21.1neoforge.jar
mcwlights	mcwlights:jungle_ceiling_fan_light	mcw-lights-1.1.5-mc1.21.1neoforge.jar
mcwlights	mcwlights:jungle_tiki_torch	mcw-lights-1.1.5-mc1.21.1neoforge.jar
mcwlights	mcwlights:lava_lamp	mcw-lights-1.1.5-mc1.21.1neoforge.jar
mcwlights	mcwlights:light_blue_ceiling_light	mcw-lights-1.1.5-mc1.21.1neoforge.jar
mcwlights	mcwlights:light_blue_lamp	mcw-lights-1.1.5-mc1.21.1neoforge.jar
mcwlights	mcwlights:light_blue_paper_lamp	mcw-lights-1.1.5-mc1.21.1neoforge.jar
mcwlights	mcwlights:light_gray_ceiling_light	mcw-lights-1.1.5-mc1.21.1neoforge.jar
mcwlights	mcwlights:light_gray_lamp	mcw-lights-1.1.5-mc1.21.1neoforge.jar
mcwlights	mcwlights:light_gray_paper_lamp	mcw-lights-1.1.5-mc1.21.1neoforge.jar
mcwlights	mcwlights:lime_ceiling_light	mcw-lights-1.1.5-mc1.21.1neoforge.jar
mcwlights	mcwlights:lime_lamp	mcw-lights-1.1.5-mc1.21.1neoforge.jar
mcwlights	mcwlights:lime_paper_lamp	mcw-lights-1.1.5-mc1.21.1neoforge.jar
mcwlights	mcwlights:magenta_ceiling_light	mcw-lights-1.1.5-mc1.21.1neoforge.jar
mcwlights	mcwlights:magenta_lamp	mcw-lights-1.1.5-mc1.21.1neoforge.jar
mcwlights	mcwlights:magenta_paper_lamp	mcw-lights-1.1.5-mc1.21.1neoforge.jar
mcwlights	mcwlights:mangrove_ceiling_fan_light	mcw-lights-1.1.5-mc1.21.1neoforge.jar
mcwlights	mcwlights:mangrove_tiki_torch	mcw-lights-1.1.5-mc1.21.1neoforge.jar
mcwlights	mcwlights:oak_ceiling_fan_light	mcw-lights-1.1.5-mc1.21.1neoforge.jar
mcwlights	mcwlights:oak_tiki_torch	mcw-lights-1.1.5-mc1.21.1neoforge.jar
mcwlights	mcwlights:orange_ceiling_light	mcw-lights-1.1.5-mc1.21.1neoforge.jar
mcwlights	mcwlights:orange_lamp	mcw-lights-1.1.5-mc1.21.1neoforge.jar
mcwlights	mcwlights:orange_paper_lamp	mcw-lights-1.1.5-mc1.21.1neoforge.jar
mcwlights	mcwlights:pink_ceiling_light	mcw-lights-1.1.5-mc1.21.1neoforge.jar
mcwlights	mcwlights:pink_lamp	mcw-lights-1.1.5-mc1.21.1neoforge.jar
mcwlights	mcwlights:pink_paper_lamp	mcw-lights-1.1.5-mc1.21.1neoforge.jar
mcwlights	mcwlights:purple_ceiling_light	mcw-lights-1.1.5-mc1.21.1neoforge.jar
mcwlights	mcwlights:purple_lamp	mcw-lights-1.1.5-mc1.21.1neoforge.jar
mcwlights	mcwlights:purple_paper_lamp	mcw-lights-1.1.5-mc1.21.1neoforge.jar
mcwlights	mcwlights:red_ceiling_light	mcw-lights-1.1.5-mc1.21.1neoforge.jar
mcwlights	mcwlights:red_lamp	mcw-lights-1.1.5-mc1.21.1neoforge.jar
mcwlights	mcwlights:red_paper_lamp	mcw-lights-1.1.5-mc1.21.1neoforge.jar
mcwlights	mcwlights:redstone_lamp_slab	mcw-lights-1.1.5-mc1.21.1neoforge.jar
mcwlights	mcwlights:reinforced_torch	mcw-lights-1.1.5-mc1.21.1neoforge.jar
mcwlights	mcwlights:round_garden_light	mcw-lights-1.1.5-mc1.21.1neoforge.jar
mcwlights	mcwlights:rustic_torch	mcw-lights-1.1.5-mc1.21.1neoforge.jar
mcwlights	mcwlights:sea_lantern_slab	mcw-lights-1.1.5-mc1.21.1neoforge.jar
mcwlights	mcwlights:shroomlight_slab	mcw-lights-1.1.5-mc1.21.1neoforge.jar
mcwlights	mcwlights:soul_acacia_tiki_torch	mcw-lights-1.1.5-mc1.21.1neoforge.jar
mcwlights	mcwlights:soul_bamboo_tiki_torch	mcw-lights-1.1.5-mc1.21.1neoforge.jar
mcwlights	mcwlights:soul_birch_tiki_torch	mcw-lights-1.1.5-mc1.21.1neoforge.jar
mcwlights	mcwlights:soul_cherry_tiki_torch	mcw-lights-1.1.5-mc1.21.1neoforge.jar
mcwlights	mcwlights:soul_classic_street_lamp	mcw-lights-1.1.5-mc1.21.1neoforge.jar
mcwlights	mcwlights:soul_crimson_tiki_torch	mcw-lights-1.1.5-mc1.21.1neoforge.jar
mcwlights	mcwlights:soul_dark_oak_tiki_torch	mcw-lights-1.1.5-mc1.21.1neoforge.jar
mcwlights	mcwlights:soul_double_street_lamp	mcw-lights-1.1.5-mc1.21.1neoforge.jar
mcwlights	mcwlights:soul_jungle_tiki_torch	mcw-lights-1.1.5-mc1.21.1neoforge.jar
mcwlights	mcwlights:soul_mangrove_tiki_torch	mcw-lights-1.1.5-mc1.21.1neoforge.jar
mcwlights	mcwlights:soul_oak_tiki_torch	mcw-lights-1.1.5-mc1.21.1neoforge.jar
mcwlights	mcwlights:soul_spruce_tiki_torch	mcw-lights-1.1.5-mc1.21.1neoforge.jar
mcwlights	mcwlights:soul_warped_tiki_torch	mcw-lights-1.1.5-mc1.21.1neoforge.jar
mcwlights	mcwlights:spruce_ceiling_fan_light	mcw-lights-1.1.5-mc1.21.1neoforge.jar
mcwlights	mcwlights:spruce_tiki_torch	mcw-lights-1.1.5-mc1.21.1neoforge.jar
mcwlights	mcwlights:square_wall_lamp	mcw-lights-1.1.5-mc1.21.1neoforge.jar
mcwlights	mcwlights:striped_garden_light	mcw-lights-1.1.5-mc1.21.1neoforge.jar
mcwlights	mcwlights:striped_lantern	mcw-lights-1.1.5-mc1.21.1neoforge.jar
mcwlights	mcwlights:striped_wall_lantern	mcw-lights-1.1.5-mc1.21.1neoforge.jar
mcwlights	mcwlights:tavern_lantern	mcw-lights-1.1.5-mc1.21.1neoforge.jar
mcwlights	mcwlights:tavern_wall_lantern	mcw-lights-1.1.5-mc1.21.1neoforge.jar
mcwlights	mcwlights:thin_garden_light	mcw-lights-1.1.5-mc1.21.1neoforge.jar
mcwlights	mcwlights:tower_garden_light	mcw-lights-1.1.5-mc1.21.1neoforge.jar
mcwlights	mcwlights:upgraded_torch	mcw-lights-1.1.5-mc1.21.1neoforge.jar
mcwlights	mcwlights:wall_lamp	mcw-lights-1.1.5-mc1.21.1neoforge.jar
mcwlights	mcwlights:wall_lantern	mcw-lights-1.1.5-mc1.21.1neoforge.jar
mcwlights	mcwlights:warped_ceiling_fan_light	mcw-lights-1.1.5-mc1.21.1neoforge.jar
mcwlights	mcwlights:warped_tiki_torch	mcw-lights-1.1.5-mc1.21.1neoforge.jar
mcwlights	mcwlights:white_ceiling_light	mcw-lights-1.1.5-mc1.21.1neoforge.jar
mcwlights	mcwlights:white_lamp	mcw-lights-1.1.5-mc1.21.1neoforge.jar
mcwlights	mcwlights:white_paper_lamp	mcw-lights-1.1.5-mc1.21.1neoforge.jar
mcwlights	mcwlights:yellow_ceiling_light	mcw-lights-1.1.5-mc1.21.1neoforge.jar
mcwlights	mcwlights:yellow_lamp	mcw-lights-1.1.5-mc1.21.1neoforge.jar
mcwlights	mcwlights:yellow_paper_lamp	mcw-lights-1.1.5-mc1.21.1neoforge.jar
mcwpaths	mcwpaths:acacia_planks_path	mcw-mcwpaths-1.1.1-mc1.21.1neoforge.jar
mcwpaths	mcwpaths:andesite_basket_weave_paving	mcw-mcwpaths-1.1.1-mc1.21.1neoforge.jar
mcwpaths	mcwpaths:andesite_clover_paving	mcw-mcwpaths-1.1.1-mc1.21.1neoforge.jar
mcwpaths	mcwpaths:andesite_crystal_floor	mcw-mcwpaths-1.1.1-mc1.21.1neoforge.jar
mcwpaths	mcwpaths:andesite_crystal_floor_path	mcw-mcwpaths-1.1.1-mc1.21.1neoforge.jar
mcwpaths	mcwpaths:andesite_crystal_floor_slab	mcw-mcwpaths-1.1.1-mc1.21.1neoforge.jar
mcwpaths	mcwpaths:andesite_crystal_floor_stairs	mcw-mcwpaths-1.1.1-mc1.21.1neoforge.jar
mcwpaths	mcwpaths:andesite_diamond_paving	mcw-mcwpaths-1.1.1-mc1.21.1neoforge.jar
mcwpaths	mcwpaths:andesite_dumble_paving	mcw-mcwpaths-1.1.1-mc1.21.1neoforge.jar
mcwpaths	mcwpaths:andesite_flagstone	mcw-mcwpaths-1.1.1-mc1.21.1neoforge.jar
mcwpaths	mcwpaths:andesite_flagstone_path	mcw-mcwpaths-1.1.1-mc1.21.1neoforge.jar
mcwpaths	mcwpaths:andesite_flagstone_slab	mcw-mcwpaths-1.1.1-mc1.21.1neoforge.jar
mcwpaths	mcwpaths:andesite_flagstone_stairs	mcw-mcwpaths-1.1.1-mc1.21.1neoforge.jar
mcwpaths	mcwpaths:andesite_honeycomb_paving	mcw-mcwpaths-1.1.1-mc1.21.1neoforge.jar
mcwpaths	mcwpaths:andesite_running_bond	mcw-mcwpaths-1.1.1-mc1.21.1neoforge.jar
mcwpaths	mcwpaths:andesite_running_bond_path	mcw-mcwpaths-1.1.1-mc1.21.1neoforge.jar
mcwpaths	mcwpaths:andesite_running_bond_slab	mcw-mcwpaths-1.1.1-mc1.21.1neoforge.jar
mcwpaths	mcwpaths:andesite_running_bond_stairs	mcw-mcwpaths-1.1.1-mc1.21.1neoforge.jar
mcwpaths	mcwpaths:andesite_square_paving	mcw-mcwpaths-1.1.1-mc1.21.1neoforge.jar
mcwpaths	mcwpaths:andesite_strewn_rocky_path	mcw-mcwpaths-1.1.1-mc1.21.1neoforge.jar
mcwpaths	mcwpaths:andesite_windmill_weave	mcw-mcwpaths-1.1.1-mc1.21.1neoforge.jar
mcwpaths	mcwpaths:andesite_windmill_weave_path	mcw-mcwpaths-1.1.1-mc1.21.1neoforge.jar
mcwpaths	mcwpaths:andesite_windmill_weave_slab	mcw-mcwpaths-1.1.1-mc1.21.1neoforge.jar
mcwpaths	mcwpaths:andesite_windmill_weave_stairs	mcw-mcwpaths-1.1.1-mc1.21.1neoforge.jar
mcwpaths	mcwpaths:bamboo_planks_path	mcw-mcwpaths-1.1.1-mc1.21.1neoforge.jar
mcwpaths	mcwpaths:birch_planks_path	mcw-mcwpaths-1.1.1-mc1.21.1neoforge.jar
mcwpaths	mcwpaths:blackstone_basket_weave_paving	mcw-mcwpaths-1.1.1-mc1.21.1neoforge.jar
mcwpaths	mcwpaths:blackstone_clover_paving	mcw-mcwpaths-1.1.1-mc1.21.1neoforge.jar
mcwpaths	mcwpaths:blackstone_crystal_floor	mcw-mcwpaths-1.1.1-mc1.21.1neoforge.jar
mcwpaths	mcwpaths:blackstone_crystal_floor_path	mcw-mcwpaths-1.1.1-mc1.21.1neoforge.jar
mcwpaths	mcwpaths:blackstone_crystal_floor_slab	mcw-mcwpaths-1.1.1-mc1.21.1neoforge.jar
mcwpaths	mcwpaths:blackstone_crystal_floor_stairs	mcw-mcwpaths-1.1.1-mc1.21.1neoforge.jar
mcwpaths	mcwpaths:blackstone_diamond_paving	mcw-mcwpaths-1.1.1-mc1.21.1neoforge.jar
mcwpaths	mcwpaths:blackstone_dumble_paving	mcw-mcwpaths-1.1.1-mc1.21.1neoforge.jar
mcwpaths	mcwpaths:blackstone_flagstone	mcw-mcwpaths-1.1.1-mc1.21.1neoforge.jar
mcwpaths	mcwpaths:blackstone_flagstone_path	mcw-mcwpaths-1.1.1-mc1.21.1neoforge.jar
mcwpaths	mcwpaths:blackstone_flagstone_slab	mcw-mcwpaths-1.1.1-mc1.21.1neoforge.jar
mcwpaths	mcwpaths:blackstone_flagstone_stairs	mcw-mcwpaths-1.1.1-mc1.21.1neoforge.jar
mcwpaths	mcwpaths:blackstone_honeycomb_paving	mcw-mcwpaths-1.1.1-mc1.21.1neoforge.jar
mcwpaths	mcwpaths:blackstone_running_bond	mcw-mcwpaths-1.1.1-mc1.21.1neoforge.jar
mcwpaths	mcwpaths:blackstone_running_bond_path	mcw-mcwpaths-1.1.1-mc1.21.1neoforge.jar
mcwpaths	mcwpaths:blackstone_running_bond_slab	mcw-mcwpaths-1.1.1-mc1.21.1neoforge.jar
mcwpaths	mcwpaths:blackstone_running_bond_stairs	mcw-mcwpaths-1.1.1-mc1.21.1neoforge.jar
mcwpaths	mcwpaths:blackstone_square_paving	mcw-mcwpaths-1.1.1-mc1.21.1neoforge.jar
mcwpaths	mcwpaths:blackstone_strewn_rocky_path	mcw-mcwpaths-1.1.1-mc1.21.1neoforge.jar
mcwpaths	mcwpaths:blackstone_windmill_weave	mcw-mcwpaths-1.1.1-mc1.21.1neoforge.jar
mcwpaths	mcwpaths:blackstone_windmill_weave_path	mcw-mcwpaths-1.1.1-mc1.21.1neoforge.jar
mcwpaths	mcwpaths:blackstone_windmill_weave_slab	mcw-mcwpaths-1.1.1-mc1.21.1neoforge.jar
mcwpaths	mcwpaths:blackstone_windmill_weave_stairs	mcw-mcwpaths-1.1.1-mc1.21.1neoforge.jar
mcwpaths	mcwpaths:brick_basket_weave_paving	mcw-mcwpaths-1.1.1-mc1.21.1neoforge.jar
mcwpaths	mcwpaths:brick_clover_paving	mcw-mcwpaths-1.1.1-mc1.21.1neoforge.jar
mcwpaths	mcwpaths:brick_crystal_floor	mcw-mcwpaths-1.1.1-mc1.21.1neoforge.jar
mcwpaths	mcwpaths:brick_crystal_floor_path	mcw-mcwpaths-1.1.1-mc1.21.1neoforge.jar
mcwpaths	mcwpaths:brick_crystal_floor_slab	mcw-mcwpaths-1.1.1-mc1.21.1neoforge.jar
mcwpaths	mcwpaths:brick_crystal_floor_stairs	mcw-mcwpaths-1.1.1-mc1.21.1neoforge.jar
mcwpaths	mcwpaths:brick_diamond_paving	mcw-mcwpaths-1.1.1-mc1.21.1neoforge.jar
mcwpaths	mcwpaths:brick_dumble_paving	mcw-mcwpaths-1.1.1-mc1.21.1neoforge.jar
mcwpaths	mcwpaths:brick_flagstone	mcw-mcwpaths-1.1.1-mc1.21.1neoforge.jar
mcwpaths	mcwpaths:brick_flagstone_path	mcw-mcwpaths-1.1.1-mc1.21.1neoforge.jar
mcwpaths	mcwpaths:brick_flagstone_slab	mcw-mcwpaths-1.1.1-mc1.21.1neoforge.jar
mcwpaths	mcwpaths:brick_flagstone_stairs	mcw-mcwpaths-1.1.1-mc1.21.1neoforge.jar
mcwpaths	mcwpaths:brick_honeycomb_paving	mcw-mcwpaths-1.1.1-mc1.21.1neoforge.jar
mcwpaths	mcwpaths:brick_running_bond	mcw-mcwpaths-1.1.1-mc1.21.1neoforge.jar
mcwpaths	mcwpaths:brick_running_bond_path	mcw-mcwpaths-1.1.1-mc1.21.1neoforge.jar
mcwpaths	mcwpaths:brick_running_bond_slab	mcw-mcwpaths-1.1.1-mc1.21.1neoforge.jar
mcwpaths	mcwpaths:brick_running_bond_stairs	mcw-mcwpaths-1.1.1-mc1.21.1neoforge.jar
mcwpaths	mcwpaths:brick_square_paving	mcw-mcwpaths-1.1.1-mc1.21.1neoforge.jar
mcwpaths	mcwpaths:brick_strewn_rocky_path	mcw-mcwpaths-1.1.1-mc1.21.1neoforge.jar
mcwpaths	mcwpaths:brick_windmill_weave	mcw-mcwpaths-1.1.1-mc1.21.1neoforge.jar
mcwpaths	mcwpaths:brick_windmill_weave_path	mcw-mcwpaths-1.1.1-mc1.21.1neoforge.jar
mcwpaths	mcwpaths:brick_windmill_weave_slab	mcw-mcwpaths-1.1.1-mc1.21.1neoforge.jar
mcwpaths	mcwpaths:brick_windmill_weave_stairs	mcw-mcwpaths-1.1.1-mc1.21.1neoforge.jar
mcwpaths	mcwpaths:cherry_planks_path	mcw-mcwpaths-1.1.1-mc1.21.1neoforge.jar
mcwpaths	mcwpaths:cobbled_deepslate_basket_weave_paving	mcw-mcwpaths-1.1.1-mc1.21.1neoforge.jar
mcwpaths	mcwpaths:cobbled_deepslate_clover_paving	mcw-mcwpaths-1.1.1-mc1.21.1neoforge.jar
mcwpaths	mcwpaths:cobbled_deepslate_crystal_floor	mcw-mcwpaths-1.1.1-mc1.21.1neoforge.jar
mcwpaths	mcwpaths:cobbled_deepslate_crystal_floor_path	mcw-mcwpaths-1.1.1-mc1.21.1neoforge.jar
mcwpaths	mcwpaths:cobbled_deepslate_crystal_floor_slab	mcw-mcwpaths-1.1.1-mc1.21.1neoforge.jar
mcwpaths	mcwpaths:cobbled_deepslate_crystal_floor_stairs	mcw-mcwpaths-1.1.1-mc1.21.1neoforge.jar
mcwpaths	mcwpaths:cobbled_deepslate_diamond_paving	mcw-mcwpaths-1.1.1-mc1.21.1neoforge.jar
mcwpaths	mcwpaths:cobbled_deepslate_dumble_paving	mcw-mcwpaths-1.1.1-mc1.21.1neoforge.jar
mcwpaths	mcwpaths:cobbled_deepslate_flagstone	mcw-mcwpaths-1.1.1-mc1.21.1neoforge.jar
mcwpaths	mcwpaths:cobbled_deepslate_flagstone_path	mcw-mcwpaths-1.1.1-mc1.21.1neoforge.jar
mcwpaths	mcwpaths:cobbled_deepslate_flagstone_slab	mcw-mcwpaths-1.1.1-mc1.21.1neoforge.jar
mcwpaths	mcwpaths:cobbled_deepslate_flagstone_stairs	mcw-mcwpaths-1.1.1-mc1.21.1neoforge.jar
mcwpaths	mcwpaths:cobbled_deepslate_honeycomb_paving	mcw-mcwpaths-1.1.1-mc1.21.1neoforge.jar
mcwpaths	mcwpaths:cobbled_deepslate_running_bond	mcw-mcwpaths-1.1.1-mc1.21.1neoforge.jar
mcwpaths	mcwpaths:cobbled_deepslate_running_bond_path	mcw-mcwpaths-1.1.1-mc1.21.1neoforge.jar
mcwpaths	mcwpaths:cobbled_deepslate_running_bond_slab	mcw-mcwpaths-1.1.1-mc1.21.1neoforge.jar
mcwpaths	mcwpaths:cobbled_deepslate_running_bond_stairs	mcw-mcwpaths-1.1.1-mc1.21.1neoforge.jar
mcwpaths	mcwpaths:cobbled_deepslate_square_paving	mcw-mcwpaths-1.1.1-mc1.21.1neoforge.jar
mcwpaths	mcwpaths:cobbled_deepslate_strewn_rocky_path	mcw-mcwpaths-1.1.1-mc1.21.1neoforge.jar
mcwpaths	mcwpaths:cobbled_deepslate_windmill_weave	mcw-mcwpaths-1.1.1-mc1.21.1neoforge.jar
mcwpaths	mcwpaths:cobbled_deepslate_windmill_weave_path	mcw-mcwpaths-1.1.1-mc1.21.1neoforge.jar
mcwpaths	mcwpaths:cobbled_deepslate_windmill_weave_slab	mcw-mcwpaths-1.1.1-mc1.21.1neoforge.jar
mcwpaths	mcwpaths:cobbled_deepslate_windmill_weave_stairs	mcw-mcwpaths-1.1.1-mc1.21.1neoforge.jar
mcwpaths	mcwpaths:cobblestone_basket_weave_paving	mcw-mcwpaths-1.1.1-mc1.21.1neoforge.jar
mcwpaths	mcwpaths:cobblestone_clover_paving	mcw-mcwpaths-1.1.1-mc1.21.1neoforge.jar
mcwpaths	mcwpaths:cobblestone_diamond_paving	mcw-mcwpaths-1.1.1-mc1.21.1neoforge.jar
mcwpaths	mcwpaths:cobblestone_dumble_paving	mcw-mcwpaths-1.1.1-mc1.21.1neoforge.jar
mcwpaths	mcwpaths:cobblestone_honeycomb_paving	mcw-mcwpaths-1.1.1-mc1.21.1neoforge.jar
mcwpaths	mcwpaths:cobblestone_square_paving	mcw-mcwpaths-1.1.1-mc1.21.1neoforge.jar
mcwpaths	mcwpaths:crimson_planks_path	mcw-mcwpaths-1.1.1-mc1.21.1neoforge.jar
mcwpaths	mcwpaths:dark_oak_planks_path	mcw-mcwpaths-1.1.1-mc1.21.1neoforge.jar
mcwpaths	mcwpaths:dark_prismarine_basket_weave_paving	mcw-mcwpaths-1.1.1-mc1.21.1neoforge.jar
mcwpaths	mcwpaths:dark_prismarine_clover_paving	mcw-mcwpaths-1.1.1-mc1.21.1neoforge.jar
mcwpaths	mcwpaths:dark_prismarine_crystal_floor	mcw-mcwpaths-1.1.1-mc1.21.1neoforge.jar
mcwpaths	mcwpaths:dark_prismarine_crystal_floor_path	mcw-mcwpaths-1.1.1-mc1.21.1neoforge.jar
mcwpaths	mcwpaths:dark_prismarine_crystal_floor_slab	mcw-mcwpaths-1.1.1-mc1.21.1neoforge.jar
mcwpaths	mcwpaths:dark_prismarine_crystal_floor_stairs	mcw-mcwpaths-1.1.1-mc1.21.1neoforge.jar
mcwpaths	mcwpaths:dark_prismarine_diamond_paving	mcw-mcwpaths-1.1.1-mc1.21.1neoforge.jar
mcwpaths	mcwpaths:dark_prismarine_dumble_paving	mcw-mcwpaths-1.1.1-mc1.21.1neoforge.jar
mcwpaths	mcwpaths:dark_prismarine_flagstone	mcw-mcwpaths-1.1.1-mc1.21.1neoforge.jar
mcwpaths	mcwpaths:dark_prismarine_flagstone_path	mcw-mcwpaths-1.1.1-mc1.21.1neoforge.jar
mcwpaths	mcwpaths:dark_prismarine_flagstone_slab	mcw-mcwpaths-1.1.1-mc1.21.1neoforge.jar
mcwpaths	mcwpaths:dark_prismarine_flagstone_stairs	mcw-mcwpaths-1.1.1-mc1.21.1neoforge.jar
mcwpaths	mcwpaths:dark_prismarine_honeycomb_paving	mcw-mcwpaths-1.1.1-mc1.21.1neoforge.jar
mcwpaths	mcwpaths:dark_prismarine_running_bond	mcw-mcwpaths-1.1.1-mc1.21.1neoforge.jar
mcwpaths	mcwpaths:dark_prismarine_running_bond_path	mcw-mcwpaths-1.1.1-mc1.21.1neoforge.jar
mcwpaths	mcwpaths:dark_prismarine_running_bond_slab	mcw-mcwpaths-1.1.1-mc1.21.1neoforge.jar
mcwpaths	mcwpaths:dark_prismarine_running_bond_stairs	mcw-mcwpaths-1.1.1-mc1.21.1neoforge.jar
mcwpaths	mcwpaths:dark_prismarine_square_paving	mcw-mcwpaths-1.1.1-mc1.21.1neoforge.jar
mcwpaths	mcwpaths:dark_prismarine_strewn_rocky_path	mcw-mcwpaths-1.1.1-mc1.21.1neoforge.jar
mcwpaths	mcwpaths:dark_prismarine_windmill_weave	mcw-mcwpaths-1.1.1-mc1.21.1neoforge.jar
mcwpaths	mcwpaths:dark_prismarine_windmill_weave_path	mcw-mcwpaths-1.1.1-mc1.21.1neoforge.jar
mcwpaths	mcwpaths:dark_prismarine_windmill_weave_slab	mcw-mcwpaths-1.1.1-mc1.21.1neoforge.jar
mcwpaths	mcwpaths:dark_prismarine_windmill_weave_stairs	mcw-mcwpaths-1.1.1-mc1.21.1neoforge.jar
mcwpaths	mcwpaths:deepslate_basket_weave_paving	mcw-mcwpaths-1.1.1-mc1.21.1neoforge.jar
mcwpaths	mcwpaths:deepslate_clover_paving	mcw-mcwpaths-1.1.1-mc1.21.1neoforge.jar
mcwpaths	mcwpaths:deepslate_crystal_floor	mcw-mcwpaths-1.1.1-mc1.21.1neoforge.jar
mcwpaths	mcwpaths:deepslate_crystal_floor_path	mcw-mcwpaths-1.1.1-mc1.21.1neoforge.jar
mcwpaths	mcwpaths:deepslate_crystal_floor_slab	mcw-mcwpaths-1.1.1-mc1.21.1neoforge.jar
mcwpaths	mcwpaths:deepslate_crystal_floor_stairs	mcw-mcwpaths-1.1.1-mc1.21.1neoforge.jar
mcwpaths	mcwpaths:deepslate_diamond_paving	mcw-mcwpaths-1.1.1-mc1.21.1neoforge.jar
mcwpaths	mcwpaths:deepslate_dumble_paving	mcw-mcwpaths-1.1.1-mc1.21.1neoforge.jar
mcwpaths	mcwpaths:deepslate_flagstone	mcw-mcwpaths-1.1.1-mc1.21.1neoforge.jar
mcwpaths	mcwpaths:deepslate_flagstone_path	mcw-mcwpaths-1.1.1-mc1.21.1neoforge.jar
mcwpaths	mcwpaths:deepslate_flagstone_slab	mcw-mcwpaths-1.1.1-mc1.21.1neoforge.jar
mcwpaths	mcwpaths:deepslate_flagstone_stairs	mcw-mcwpaths-1.1.1-mc1.21.1neoforge.jar
mcwpaths	mcwpaths:deepslate_honeycomb_paving	mcw-mcwpaths-1.1.1-mc1.21.1neoforge.jar
mcwpaths	mcwpaths:deepslate_running_bond	mcw-mcwpaths-1.1.1-mc1.21.1neoforge.jar
mcwpaths	mcwpaths:deepslate_running_bond_path	mcw-mcwpaths-1.1.1-mc1.21.1neoforge.jar
mcwpaths	mcwpaths:deepslate_running_bond_slab	mcw-mcwpaths-1.1.1-mc1.21.1neoforge.jar
mcwpaths	mcwpaths:deepslate_running_bond_stairs	mcw-mcwpaths-1.1.1-mc1.21.1neoforge.jar
mcwpaths	mcwpaths:deepslate_square_paving	mcw-mcwpaths-1.1.1-mc1.21.1neoforge.jar
mcwpaths	mcwpaths:deepslate_strewn_rocky_path	mcw-mcwpaths-1.1.1-mc1.21.1neoforge.jar
mcwpaths	mcwpaths:deepslate_windmill_weave	mcw-mcwpaths-1.1.1-mc1.21.1neoforge.jar
mcwpaths	mcwpaths:deepslate_windmill_weave_path	mcw-mcwpaths-1.1.1-mc1.21.1neoforge.jar
mcwpaths	mcwpaths:deepslate_windmill_weave_slab	mcw-mcwpaths-1.1.1-mc1.21.1neoforge.jar
mcwpaths	mcwpaths:deepslate_windmill_weave_stairs	mcw-mcwpaths-1.1.1-mc1.21.1neoforge.jar
mcwpaths	mcwpaths:diorite_basket_weave_paving	mcw-mcwpaths-1.1.1-mc1.21.1neoforge.jar
mcwpaths	mcwpaths:diorite_clover_paving	mcw-mcwpaths-1.1.1-mc1.21.1neoforge.jar
mcwpaths	mcwpaths:diorite_crystal_floor	mcw-mcwpaths-1.1.1-mc1.21.1neoforge.jar
mcwpaths	mcwpaths:diorite_crystal_floor_path	mcw-mcwpaths-1.1.1-mc1.21.1neoforge.jar
mcwpaths	mcwpaths:diorite_crystal_floor_slab	mcw-mcwpaths-1.1.1-mc1.21.1neoforge.jar
mcwpaths	mcwpaths:diorite_crystal_floor_stairs	mcw-mcwpaths-1.1.1-mc1.21.1neoforge.jar
mcwpaths	mcwpaths:diorite_diamond_paving	mcw-mcwpaths-1.1.1-mc1.21.1neoforge.jar
mcwpaths	mcwpaths:diorite_dumble_paving	mcw-mcwpaths-1.1.1-mc1.21.1neoforge.jar
mcwpaths	mcwpaths:diorite_flagstone	mcw-mcwpaths-1.1.1-mc1.21.1neoforge.jar
mcwpaths	mcwpaths:diorite_flagstone_path	mcw-mcwpaths-1.1.1-mc1.21.1neoforge.jar
mcwpaths	mcwpaths:diorite_flagstone_slab	mcw-mcwpaths-1.1.1-mc1.21.1neoforge.jar
mcwpaths	mcwpaths:diorite_flagstone_stairs	mcw-mcwpaths-1.1.1-mc1.21.1neoforge.jar
mcwpaths	mcwpaths:diorite_honeycomb_paving	mcw-mcwpaths-1.1.1-mc1.21.1neoforge.jar
mcwpaths	mcwpaths:diorite_running_bond	mcw-mcwpaths-1.1.1-mc1.21.1neoforge.jar
mcwpaths	mcwpaths:diorite_running_bond_path	mcw-mcwpaths-1.1.1-mc1.21.1neoforge.jar
mcwpaths	mcwpaths:diorite_running_bond_slab	mcw-mcwpaths-1.1.1-mc1.21.1neoforge.jar
mcwpaths	mcwpaths:diorite_running_bond_stairs	mcw-mcwpaths-1.1.1-mc1.21.1neoforge.jar
mcwpaths	mcwpaths:diorite_square_paving	mcw-mcwpaths-1.1.1-mc1.21.1neoforge.jar
mcwpaths	mcwpaths:diorite_strewn_rocky_path	mcw-mcwpaths-1.1.1-mc1.21.1neoforge.jar
mcwpaths	mcwpaths:diorite_windmill_weave	mcw-mcwpaths-1.1.1-mc1.21.1neoforge.jar
mcwpaths	mcwpaths:diorite_windmill_weave_path	mcw-mcwpaths-1.1.1-mc1.21.1neoforge.jar
mcwpaths	mcwpaths:diorite_windmill_weave_slab	mcw-mcwpaths-1.1.1-mc1.21.1neoforge.jar
mcwpaths	mcwpaths:diorite_windmill_weave_stairs	mcw-mcwpaths-1.1.1-mc1.21.1neoforge.jar
mcwpaths	mcwpaths:dirt_path_block	mcw-mcwpaths-1.1.1-mc1.21.1neoforge.jar
mcwpaths	mcwpaths:granite_basket_weave_paving	mcw-mcwpaths-1.1.1-mc1.21.1neoforge.jar
mcwpaths	mcwpaths:granite_clover_paving	mcw-mcwpaths-1.1.1-mc1.21.1neoforge.jar
mcwpaths	mcwpaths:granite_crystal_floor	mcw-mcwpaths-1.1.1-mc1.21.1neoforge.jar
mcwpaths	mcwpaths:granite_crystal_floor_path	mcw-mcwpaths-1.1.1-mc1.21.1neoforge.jar
mcwpaths	mcwpaths:granite_crystal_floor_slab	mcw-mcwpaths-1.1.1-mc1.21.1neoforge.jar
mcwpaths	mcwpaths:granite_crystal_floor_stairs	mcw-mcwpaths-1.1.1-mc1.21.1neoforge.jar
mcwpaths	mcwpaths:granite_diamond_paving	mcw-mcwpaths-1.1.1-mc1.21.1neoforge.jar
mcwpaths	mcwpaths:granite_dumble_paving	mcw-mcwpaths-1.1.1-mc1.21.1neoforge.jar
mcwpaths	mcwpaths:granite_flagstone	mcw-mcwpaths-1.1.1-mc1.21.1neoforge.jar
mcwpaths	mcwpaths:granite_flagstone_path	mcw-mcwpaths-1.1.1-mc1.21.1neoforge.jar
mcwpaths	mcwpaths:granite_flagstone_slab	mcw-mcwpaths-1.1.1-mc1.21.1neoforge.jar
mcwpaths	mcwpaths:granite_flagstone_stairs	mcw-mcwpaths-1.1.1-mc1.21.1neoforge.jar
mcwpaths	mcwpaths:granite_honeycomb_paving	mcw-mcwpaths-1.1.1-mc1.21.1neoforge.jar
mcwpaths	mcwpaths:granite_running_bond	mcw-mcwpaths-1.1.1-mc1.21.1neoforge.jar
mcwpaths	mcwpaths:granite_running_bond_path	mcw-mcwpaths-1.1.1-mc1.21.1neoforge.jar
mcwpaths	mcwpaths:granite_running_bond_slab	mcw-mcwpaths-1.1.1-mc1.21.1neoforge.jar
mcwpaths	mcwpaths:granite_running_bond_stairs	mcw-mcwpaths-1.1.1-mc1.21.1neoforge.jar
mcwpaths	mcwpaths:granite_square_paving	mcw-mcwpaths-1.1.1-mc1.21.1neoforge.jar
mcwpaths	mcwpaths:granite_strewn_rocky_path	mcw-mcwpaths-1.1.1-mc1.21.1neoforge.jar
mcwpaths	mcwpaths:granite_windmill_weave	mcw-mcwpaths-1.1.1-mc1.21.1neoforge.jar
mcwpaths	mcwpaths:granite_windmill_weave_path	mcw-mcwpaths-1.1.1-mc1.21.1neoforge.jar
mcwpaths	mcwpaths:granite_windmill_weave_slab	mcw-mcwpaths-1.1.1-mc1.21.1neoforge.jar
mcwpaths	mcwpaths:granite_windmill_weave_stairs	mcw-mcwpaths-1.1.1-mc1.21.1neoforge.jar
mcwpaths	mcwpaths:gravel_path_block	mcw-mcwpaths-1.1.1-mc1.21.1neoforge.jar
mcwpaths	mcwpaths:jungle_planks_path	mcw-mcwpaths-1.1.1-mc1.21.1neoforge.jar
mcwpaths	mcwpaths:mangrove_planks_path	mcw-mcwpaths-1.1.1-mc1.21.1neoforge.jar
mcwpaths	mcwpaths:mossy_cobblestone_basket_weave_paving	mcw-mcwpaths-1.1.1-mc1.21.1neoforge.jar
mcwpaths	mcwpaths:mossy_cobblestone_clover_paving	mcw-mcwpaths-1.1.1-mc1.21.1neoforge.jar
mcwpaths	mcwpaths:mossy_cobblestone_diamond_paving	mcw-mcwpaths-1.1.1-mc1.21.1neoforge.jar
mcwpaths	mcwpaths:mossy_cobblestone_dumble_paving	mcw-mcwpaths-1.1.1-mc1.21.1neoforge.jar
mcwpaths	mcwpaths:mossy_cobblestone_honeycomb_paving	mcw-mcwpaths-1.1.1-mc1.21.1neoforge.jar
mcwpaths	mcwpaths:mossy_cobblestone_square_paving	mcw-mcwpaths-1.1.1-mc1.21.1neoforge.jar
mcwpaths	mcwpaths:mossy_stone_crystal_floor	mcw-mcwpaths-1.1.1-mc1.21.1neoforge.jar
mcwpaths	mcwpaths:mossy_stone_crystal_floor_path	mcw-mcwpaths-1.1.1-mc1.21.1neoforge.jar
mcwpaths	mcwpaths:mossy_stone_crystal_floor_slab	mcw-mcwpaths-1.1.1-mc1.21.1neoforge.jar
mcwpaths	mcwpaths:mossy_stone_crystal_floor_stairs	mcw-mcwpaths-1.1.1-mc1.21.1neoforge.jar
mcwpaths	mcwpaths:mossy_stone_flagstone	mcw-mcwpaths-1.1.1-mc1.21.1neoforge.jar
mcwpaths	mcwpaths:mossy_stone_flagstone_path	mcw-mcwpaths-1.1.1-mc1.21.1neoforge.jar
mcwpaths	mcwpaths:mossy_stone_flagstone_slab	mcw-mcwpaths-1.1.1-mc1.21.1neoforge.jar
mcwpaths	mcwpaths:mossy_stone_flagstone_stairs	mcw-mcwpaths-1.1.1-mc1.21.1neoforge.jar
mcwpaths	mcwpaths:mossy_stone_running_bond	mcw-mcwpaths-1.1.1-mc1.21.1neoforge.jar
mcwpaths	mcwpaths:mossy_stone_running_bond_path	mcw-mcwpaths-1.1.1-mc1.21.1neoforge.jar
mcwpaths	mcwpaths:mossy_stone_running_bond_slab	mcw-mcwpaths-1.1.1-mc1.21.1neoforge.jar
mcwpaths	mcwpaths:mossy_stone_running_bond_stairs	mcw-mcwpaths-1.1.1-mc1.21.1neoforge.jar
mcwpaths	mcwpaths:mossy_stone_strewn_rocky_path	mcw-mcwpaths-1.1.1-mc1.21.1neoforge.jar
mcwpaths	mcwpaths:mossy_stone_windmill_weave	mcw-mcwpaths-1.1.1-mc1.21.1neoforge.jar
mcwpaths	mcwpaths:mossy_stone_windmill_weave_path	mcw-mcwpaths-1.1.1-mc1.21.1neoforge.jar
mcwpaths	mcwpaths:mossy_stone_windmill_weave_slab	mcw-mcwpaths-1.1.1-mc1.21.1neoforge.jar
mcwpaths	mcwpaths:mossy_stone_windmill_weave_stairs	mcw-mcwpaths-1.1.1-mc1.21.1neoforge.jar
mcwpaths	mcwpaths:mud_brick_basket_weave_paving	mcw-mcwpaths-1.1.1-mc1.21.1neoforge.jar
mcwpaths	mcwpaths:mud_brick_clover_paving	mcw-mcwpaths-1.1.1-mc1.21.1neoforge.jar
mcwpaths	mcwpaths:mud_brick_crystal_floor	mcw-mcwpaths-1.1.1-mc1.21.1neoforge.jar
mcwpaths	mcwpaths:mud_brick_crystal_floor_path	mcw-mcwpaths-1.1.1-mc1.21.1neoforge.jar
mcwpaths	mcwpaths:mud_brick_crystal_floor_slab	mcw-mcwpaths-1.1.1-mc1.21.1neoforge.jar
mcwpaths	mcwpaths:mud_brick_crystal_floor_stairs	mcw-mcwpaths-1.1.1-mc1.21.1neoforge.jar
mcwpaths	mcwpaths:mud_brick_diamond_paving	mcw-mcwpaths-1.1.1-mc1.21.1neoforge.jar
mcwpaths	mcwpaths:mud_brick_dumble_paving	mcw-mcwpaths-1.1.1-mc1.21.1neoforge.jar
mcwpaths	mcwpaths:mud_brick_flagstone	mcw-mcwpaths-1.1.1-mc1.21.1neoforge.jar
mcwpaths	mcwpaths:mud_brick_flagstone_path	mcw-mcwpaths-1.1.1-mc1.21.1neoforge.jar
mcwpaths	mcwpaths:mud_brick_flagstone_slab	mcw-mcwpaths-1.1.1-mc1.21.1neoforge.jar
mcwpaths	mcwpaths:mud_brick_flagstone_stairs	mcw-mcwpaths-1.1.1-mc1.21.1neoforge.jar
mcwpaths	mcwpaths:mud_brick_honeycomb_paving	mcw-mcwpaths-1.1.1-mc1.21.1neoforge.jar
mcwpaths	mcwpaths:mud_brick_running_bond	mcw-mcwpaths-1.1.1-mc1.21.1neoforge.jar
mcwpaths	mcwpaths:mud_brick_running_bond_path	mcw-mcwpaths-1.1.1-mc1.21.1neoforge.jar
mcwpaths	mcwpaths:mud_brick_running_bond_slab	mcw-mcwpaths-1.1.1-mc1.21.1neoforge.jar
mcwpaths	mcwpaths:mud_brick_running_bond_stairs	mcw-mcwpaths-1.1.1-mc1.21.1neoforge.jar
mcwpaths	mcwpaths:mud_brick_square_paving	mcw-mcwpaths-1.1.1-mc1.21.1neoforge.jar
mcwpaths	mcwpaths:mud_brick_strewn_rocky_path	mcw-mcwpaths-1.1.1-mc1.21.1neoforge.jar
mcwpaths	mcwpaths:mud_brick_windmill_weave	mcw-mcwpaths-1.1.1-mc1.21.1neoforge.jar
mcwpaths	mcwpaths:mud_brick_windmill_weave_path	mcw-mcwpaths-1.1.1-mc1.21.1neoforge.jar
mcwpaths	mcwpaths:mud_brick_windmill_weave_slab	mcw-mcwpaths-1.1.1-mc1.21.1neoforge.jar
mcwpaths	mcwpaths:mud_brick_windmill_weave_stairs	mcw-mcwpaths-1.1.1-mc1.21.1neoforge.jar
mcwpaths	mcwpaths:oak_planks_path	mcw-mcwpaths-1.1.1-mc1.21.1neoforge.jar
mcwpaths	mcwpaths:podzol_path_block	mcw-mcwpaths-1.1.1-mc1.21.1neoforge.jar
mcwpaths	mcwpaths:red_sand_path_block	mcw-mcwpaths-1.1.1-mc1.21.1neoforge.jar
mcwpaths	mcwpaths:red_sandstone_basket_weave_paving	mcw-mcwpaths-1.1.1-mc1.21.1neoforge.jar
mcwpaths	mcwpaths:red_sandstone_clover_paving	mcw-mcwpaths-1.1.1-mc1.21.1neoforge.jar
mcwpaths	mcwpaths:red_sandstone_crystal_floor	mcw-mcwpaths-1.1.1-mc1.21.1neoforge.jar
mcwpaths	mcwpaths:red_sandstone_crystal_floor_path	mcw-mcwpaths-1.1.1-mc1.21.1neoforge.jar
mcwpaths	mcwpaths:red_sandstone_crystal_floor_slab	mcw-mcwpaths-1.1.1-mc1.21.1neoforge.jar
mcwpaths	mcwpaths:red_sandstone_crystal_floor_stairs	mcw-mcwpaths-1.1.1-mc1.21.1neoforge.jar
mcwpaths	mcwpaths:red_sandstone_diamond_paving	mcw-mcwpaths-1.1.1-mc1.21.1neoforge.jar
mcwpaths	mcwpaths:red_sandstone_dumble_paving	mcw-mcwpaths-1.1.1-mc1.21.1neoforge.jar
mcwpaths	mcwpaths:red_sandstone_flagstone	mcw-mcwpaths-1.1.1-mc1.21.1neoforge.jar
mcwpaths	mcwpaths:red_sandstone_flagstone_path	mcw-mcwpaths-1.1.1-mc1.21.1neoforge.jar
mcwpaths	mcwpaths:red_sandstone_flagstone_slab	mcw-mcwpaths-1.1.1-mc1.21.1neoforge.jar
mcwpaths	mcwpaths:red_sandstone_flagstone_stairs	mcw-mcwpaths-1.1.1-mc1.21.1neoforge.jar
mcwpaths	mcwpaths:red_sandstone_honeycomb_paving	mcw-mcwpaths-1.1.1-mc1.21.1neoforge.jar
mcwpaths	mcwpaths:red_sandstone_running_bond	mcw-mcwpaths-1.1.1-mc1.21.1neoforge.jar
mcwpaths	mcwpaths:red_sandstone_running_bond_path	mcw-mcwpaths-1.1.1-mc1.21.1neoforge.jar
mcwpaths	mcwpaths:red_sandstone_running_bond_slab	mcw-mcwpaths-1.1.1-mc1.21.1neoforge.jar
mcwpaths	mcwpaths:red_sandstone_running_bond_stairs	mcw-mcwpaths-1.1.1-mc1.21.1neoforge.jar
mcwpaths	mcwpaths:red_sandstone_square_paving	mcw-mcwpaths-1.1.1-mc1.21.1neoforge.jar
mcwpaths	mcwpaths:red_sandstone_strewn_rocky_path	mcw-mcwpaths-1.1.1-mc1.21.1neoforge.jar
mcwpaths	mcwpaths:red_sandstone_windmill_weave	mcw-mcwpaths-1.1.1-mc1.21.1neoforge.jar
mcwpaths	mcwpaths:red_sandstone_windmill_weave_path	mcw-mcwpaths-1.1.1-mc1.21.1neoforge.jar
mcwpaths	mcwpaths:red_sandstone_windmill_weave_slab	mcw-mcwpaths-1.1.1-mc1.21.1neoforge.jar
mcwpaths	mcwpaths:red_sandstone_windmill_weave_stairs	mcw-mcwpaths-1.1.1-mc1.21.1neoforge.jar
mcwpaths	mcwpaths:sand_path_block	mcw-mcwpaths-1.1.1-mc1.21.1neoforge.jar
mcwpaths	mcwpaths:sandstone_basket_weave_paving	mcw-mcwpaths-1.1.1-mc1.21.1neoforge.jar
mcwpaths	mcwpaths:sandstone_clover_paving	mcw-mcwpaths-1.1.1-mc1.21.1neoforge.jar
mcwpaths	mcwpaths:sandstone_crystal_floor	mcw-mcwpaths-1.1.1-mc1.21.1neoforge.jar
mcwpaths	mcwpaths:sandstone_crystal_floor_path	mcw-mcwpaths-1.1.1-mc1.21.1neoforge.jar
mcwpaths	mcwpaths:sandstone_crystal_floor_slab	mcw-mcwpaths-1.1.1-mc1.21.1neoforge.jar
mcwpaths	mcwpaths:sandstone_crystal_floor_stairs	mcw-mcwpaths-1.1.1-mc1.21.1neoforge.jar
mcwpaths	mcwpaths:sandstone_diamond_paving	mcw-mcwpaths-1.1.1-mc1.21.1neoforge.jar
mcwpaths	mcwpaths:sandstone_dumble_paving	mcw-mcwpaths-1.1.1-mc1.21.1neoforge.jar
mcwpaths	mcwpaths:sandstone_flagstone	mcw-mcwpaths-1.1.1-mc1.21.1neoforge.jar
mcwpaths	mcwpaths:sandstone_flagstone_path	mcw-mcwpaths-1.1.1-mc1.21.1neoforge.jar
mcwpaths	mcwpaths:sandstone_flagstone_slab	mcw-mcwpaths-1.1.1-mc1.21.1neoforge.jar
mcwpaths	mcwpaths:sandstone_flagstone_stairs	mcw-mcwpaths-1.1.1-mc1.21.1neoforge.jar
mcwpaths	mcwpaths:sandstone_honeycomb_paving	mcw-mcwpaths-1.1.1-mc1.21.1neoforge.jar
mcwpaths	mcwpaths:sandstone_running_bond	mcw-mcwpaths-1.1.1-mc1.21.1neoforge.jar
mcwpaths	mcwpaths:sandstone_running_bond_path	mcw-mcwpaths-1.1.1-mc1.21.1neoforge.jar
mcwpaths	mcwpaths:sandstone_running_bond_slab	mcw-mcwpaths-1.1.1-mc1.21.1neoforge.jar
mcwpaths	mcwpaths:sandstone_running_bond_stairs	mcw-mcwpaths-1.1.1-mc1.21.1neoforge.jar
mcwpaths	mcwpaths:sandstone_square_paving	mcw-mcwpaths-1.1.1-mc1.21.1neoforge.jar
mcwpaths	mcwpaths:sandstone_strewn_rocky_path	mcw-mcwpaths-1.1.1-mc1.21.1neoforge.jar
mcwpaths	mcwpaths:sandstone_windmill_weave	mcw-mcwpaths-1.1.1-mc1.21.1neoforge.jar
mcwpaths	mcwpaths:sandstone_windmill_weave_path	mcw-mcwpaths-1.1.1-mc1.21.1neoforge.jar
mcwpaths	mcwpaths:sandstone_windmill_weave_slab	mcw-mcwpaths-1.1.1-mc1.21.1neoforge.jar
mcwpaths	mcwpaths:sandstone_windmill_weave_stairs	mcw-mcwpaths-1.1.1-mc1.21.1neoforge.jar
mcwpaths	mcwpaths:spruce_planks_path	mcw-mcwpaths-1.1.1-mc1.21.1neoforge.jar
mcwpaths	mcwpaths:stone_crystal_floor	mcw-mcwpaths-1.1.1-mc1.21.1neoforge.jar
mcwpaths	mcwpaths:stone_crystal_floor_path	mcw-mcwpaths-1.1.1-mc1.21.1neoforge.jar
mcwpaths	mcwpaths:stone_crystal_floor_slab	mcw-mcwpaths-1.1.1-mc1.21.1neoforge.jar
mcwpaths	mcwpaths:stone_crystal_floor_stairs	mcw-mcwpaths-1.1.1-mc1.21.1neoforge.jar
mcwpaths	mcwpaths:stone_flagstone	mcw-mcwpaths-1.1.1-mc1.21.1neoforge.jar
mcwpaths	mcwpaths:stone_flagstone_path	mcw-mcwpaths-1.1.1-mc1.21.1neoforge.jar
mcwpaths	mcwpaths:stone_flagstone_slab	mcw-mcwpaths-1.1.1-mc1.21.1neoforge.jar
mcwpaths	mcwpaths:stone_flagstone_stairs	mcw-mcwpaths-1.1.1-mc1.21.1neoforge.jar
mcwpaths	mcwpaths:stone_running_bond	mcw-mcwpaths-1.1.1-mc1.21.1neoforge.jar
mcwpaths	mcwpaths:stone_running_bond_path	mcw-mcwpaths-1.1.1-mc1.21.1neoforge.jar
mcwpaths	mcwpaths:stone_running_bond_slab	mcw-mcwpaths-1.1.1-mc1.21.1neoforge.jar
mcwpaths	mcwpaths:stone_running_bond_stairs	mcw-mcwpaths-1.1.1-mc1.21.1neoforge.jar
mcwpaths	mcwpaths:stone_strewn_rocky_path	mcw-mcwpaths-1.1.1-mc1.21.1neoforge.jar
mcwpaths	mcwpaths:stone_windmill_weave	mcw-mcwpaths-1.1.1-mc1.21.1neoforge.jar
mcwpaths	mcwpaths:stone_windmill_weave_path	mcw-mcwpaths-1.1.1-mc1.21.1neoforge.jar
mcwpaths	mcwpaths:stone_windmill_weave_slab	mcw-mcwpaths-1.1.1-mc1.21.1neoforge.jar
mcwpaths	mcwpaths:stone_windmill_weave_stairs	mcw-mcwpaths-1.1.1-mc1.21.1neoforge.jar
mcwpaths	mcwpaths:warped_planks_path	mcw-mcwpaths-1.1.1-mc1.21.1neoforge.jar
mcwroofs	mcwroofs:acacia_attic_roof	mcw-roofs-2.3.2-mc1.21.1neoforge.jar
mcwroofs	mcwroofs:acacia_lower_roof	mcw-roofs-2.3.2-mc1.21.1neoforge.jar
mcwroofs	mcwroofs:acacia_planks_attic_roof	mcw-roofs-2.3.2-mc1.21.1neoforge.jar
mcwroofs	mcwroofs:acacia_planks_lower_roof	mcw-roofs-2.3.2-mc1.21.1neoforge.jar
mcwroofs	mcwroofs:acacia_planks_roof	mcw-roofs-2.3.2-mc1.21.1neoforge.jar
mcwroofs	mcwroofs:acacia_planks_steep_roof	mcw-roofs-2.3.2-mc1.21.1neoforge.jar
mcwroofs	mcwroofs:acacia_planks_top_roof	mcw-roofs-2.3.2-mc1.21.1neoforge.jar
mcwroofs	mcwroofs:acacia_planks_upper_lower_roof	mcw-roofs-2.3.2-mc1.21.1neoforge.jar
mcwroofs	mcwroofs:acacia_planks_upper_steep_roof	mcw-roofs-2.3.2-mc1.21.1neoforge.jar
mcwroofs	mcwroofs:acacia_roof	mcw-roofs-2.3.2-mc1.21.1neoforge.jar
mcwroofs	mcwroofs:acacia_steep_roof	mcw-roofs-2.3.2-mc1.21.1neoforge.jar
mcwroofs	mcwroofs:acacia_top_roof	mcw-roofs-2.3.2-mc1.21.1neoforge.jar
mcwroofs	mcwroofs:acacia_upper_lower_roof	mcw-roofs-2.3.2-mc1.21.1neoforge.jar
mcwroofs	mcwroofs:acacia_upper_steep_roof	mcw-roofs-2.3.2-mc1.21.1neoforge.jar
mcwroofs	mcwroofs:andesite_attic_roof	mcw-roofs-2.3.2-mc1.21.1neoforge.jar
mcwroofs	mcwroofs:andesite_lower_roof	mcw-roofs-2.3.2-mc1.21.1neoforge.jar
mcwroofs	mcwroofs:andesite_roof	mcw-roofs-2.3.2-mc1.21.1neoforge.jar
mcwroofs	mcwroofs:andesite_steep_roof	mcw-roofs-2.3.2-mc1.21.1neoforge.jar
mcwroofs	mcwroofs:andesite_top_roof	mcw-roofs-2.3.2-mc1.21.1neoforge.jar
mcwroofs	mcwroofs:andesite_upper_lower_roof	mcw-roofs-2.3.2-mc1.21.1neoforge.jar
mcwroofs	mcwroofs:andesite_upper_steep_roof	mcw-roofs-2.3.2-mc1.21.1neoforge.jar
mcwroofs	mcwroofs:bamboo_attic_roof	mcw-roofs-2.3.2-mc1.21.1neoforge.jar
mcwroofs	mcwroofs:bamboo_lower_roof	mcw-roofs-2.3.2-mc1.21.1neoforge.jar
mcwroofs	mcwroofs:bamboo_mosaic_attic_roof	mcw-roofs-2.3.2-mc1.21.1neoforge.jar
mcwroofs	mcwroofs:bamboo_mosaic_lower_roof	mcw-roofs-2.3.2-mc1.21.1neoforge.jar
mcwroofs	mcwroofs:bamboo_mosaic_roof	mcw-roofs-2.3.2-mc1.21.1neoforge.jar
mcwroofs	mcwroofs:bamboo_mosaic_steep_roof	mcw-roofs-2.3.2-mc1.21.1neoforge.jar
mcwroofs	mcwroofs:bamboo_mosaic_top_roof	mcw-roofs-2.3.2-mc1.21.1neoforge.jar
mcwroofs	mcwroofs:bamboo_mosaic_upper_lower_roof	mcw-roofs-2.3.2-mc1.21.1neoforge.jar
mcwroofs	mcwroofs:bamboo_mosaic_upper_steep_roof	mcw-roofs-2.3.2-mc1.21.1neoforge.jar
mcwroofs	mcwroofs:bamboo_planks_attic_roof	mcw-roofs-2.3.2-mc1.21.1neoforge.jar
mcwroofs	mcwroofs:bamboo_planks_lower_roof	mcw-roofs-2.3.2-mc1.21.1neoforge.jar
mcwroofs	mcwroofs:bamboo_planks_roof	mcw-roofs-2.3.2-mc1.21.1neoforge.jar
mcwroofs	mcwroofs:bamboo_planks_steep_roof	mcw-roofs-2.3.2-mc1.21.1neoforge.jar
mcwroofs	mcwroofs:bamboo_planks_top_roof	mcw-roofs-2.3.2-mc1.21.1neoforge.jar
mcwroofs	mcwroofs:bamboo_planks_upper_lower_roof	mcw-roofs-2.3.2-mc1.21.1neoforge.jar
mcwroofs	mcwroofs:bamboo_planks_upper_steep_roof	mcw-roofs-2.3.2-mc1.21.1neoforge.jar
mcwroofs	mcwroofs:bamboo_roof	mcw-roofs-2.3.2-mc1.21.1neoforge.jar
mcwroofs	mcwroofs:bamboo_steep_roof	mcw-roofs-2.3.2-mc1.21.1neoforge.jar
mcwroofs	mcwroofs:bamboo_top_roof	mcw-roofs-2.3.2-mc1.21.1neoforge.jar
mcwroofs	mcwroofs:bamboo_upper_lower_roof	mcw-roofs-2.3.2-mc1.21.1neoforge.jar
mcwroofs	mcwroofs:bamboo_upper_steep_roof	mcw-roofs-2.3.2-mc1.21.1neoforge.jar
mcwroofs	mcwroofs:base_attic_roof	mcw-roofs-2.3.2-mc1.21.1neoforge.jar
mcwroofs	mcwroofs:base_lower_roof	mcw-roofs-2.3.2-mc1.21.1neoforge.jar
mcwroofs	mcwroofs:base_roof	mcw-roofs-2.3.2-mc1.21.1neoforge.jar
mcwroofs	mcwroofs:base_roof_block	mcw-roofs-2.3.2-mc1.21.1neoforge.jar
mcwroofs	mcwroofs:base_roof_slab	mcw-roofs-2.3.2-mc1.21.1neoforge.jar
mcwroofs	mcwroofs:base_steep_roof	mcw-roofs-2.3.2-mc1.21.1neoforge.jar
mcwroofs	mcwroofs:base_top_roof	mcw-roofs-2.3.2-mc1.21.1neoforge.jar
mcwroofs	mcwroofs:base_upper_lower_roof	mcw-roofs-2.3.2-mc1.21.1neoforge.jar
mcwroofs	mcwroofs:base_upper_steep_roof	mcw-roofs-2.3.2-mc1.21.1neoforge.jar
mcwroofs	mcwroofs:birch_attic_roof	mcw-roofs-2.3.2-mc1.21.1neoforge.jar
mcwroofs	mcwroofs:birch_lower_roof	mcw-roofs-2.3.2-mc1.21.1neoforge.jar
mcwroofs	mcwroofs:birch_planks_attic_roof	mcw-roofs-2.3.2-mc1.21.1neoforge.jar
mcwroofs	mcwroofs:birch_planks_lower_roof	mcw-roofs-2.3.2-mc1.21.1neoforge.jar
mcwroofs	mcwroofs:birch_planks_roof	mcw-roofs-2.3.2-mc1.21.1neoforge.jar
mcwroofs	mcwroofs:birch_planks_steep_roof	mcw-roofs-2.3.2-mc1.21.1neoforge.jar
mcwroofs	mcwroofs:birch_planks_top_roof	mcw-roofs-2.3.2-mc1.21.1neoforge.jar
mcwroofs	mcwroofs:birch_planks_upper_lower_roof	mcw-roofs-2.3.2-mc1.21.1neoforge.jar
mcwroofs	mcwroofs:birch_planks_upper_steep_roof	mcw-roofs-2.3.2-mc1.21.1neoforge.jar
mcwroofs	mcwroofs:birch_roof	mcw-roofs-2.3.2-mc1.21.1neoforge.jar
mcwroofs	mcwroofs:birch_steep_roof	mcw-roofs-2.3.2-mc1.21.1neoforge.jar
mcwroofs	mcwroofs:birch_top_roof	mcw-roofs-2.3.2-mc1.21.1neoforge.jar
mcwroofs	mcwroofs:birch_upper_lower_roof	mcw-roofs-2.3.2-mc1.21.1neoforge.jar
mcwroofs	mcwroofs:birch_upper_steep_roof	mcw-roofs-2.3.2-mc1.21.1neoforge.jar
mcwroofs	mcwroofs:black_attic_roof	mcw-roofs-2.3.2-mc1.21.1neoforge.jar
mcwroofs	mcwroofs:black_concrete_attic_roof	mcw-roofs-2.3.2-mc1.21.1neoforge.jar
mcwroofs	mcwroofs:black_concrete_lower_roof	mcw-roofs-2.3.2-mc1.21.1neoforge.jar
mcwroofs	mcwroofs:black_concrete_roof	mcw-roofs-2.3.2-mc1.21.1neoforge.jar
mcwroofs	mcwroofs:black_concrete_steep_roof	mcw-roofs-2.3.2-mc1.21.1neoforge.jar
mcwroofs	mcwroofs:black_concrete_top_roof	mcw-roofs-2.3.2-mc1.21.1neoforge.jar
mcwroofs	mcwroofs:black_concrete_upper_lower_roof	mcw-roofs-2.3.2-mc1.21.1neoforge.jar
mcwroofs	mcwroofs:black_concrete_upper_steep_roof	mcw-roofs-2.3.2-mc1.21.1neoforge.jar
mcwroofs	mcwroofs:black_lower_roof	mcw-roofs-2.3.2-mc1.21.1neoforge.jar
mcwroofs	mcwroofs:black_roof	mcw-roofs-2.3.2-mc1.21.1neoforge.jar
mcwroofs	mcwroofs:black_roof_block	mcw-roofs-2.3.2-mc1.21.1neoforge.jar
mcwroofs	mcwroofs:black_roof_slab	mcw-roofs-2.3.2-mc1.21.1neoforge.jar
mcwroofs	mcwroofs:black_steep_roof	mcw-roofs-2.3.2-mc1.21.1neoforge.jar
mcwroofs	mcwroofs:black_striped_awning	mcw-roofs-2.3.2-mc1.21.1neoforge.jar
mcwroofs	mcwroofs:black_terracotta_attic_roof	mcw-roofs-2.3.2-mc1.21.1neoforge.jar
mcwroofs	mcwroofs:black_terracotta_lower_roof	mcw-roofs-2.3.2-mc1.21.1neoforge.jar
mcwroofs	mcwroofs:black_terracotta_roof	mcw-roofs-2.3.2-mc1.21.1neoforge.jar
mcwroofs	mcwroofs:black_terracotta_steep_roof	mcw-roofs-2.3.2-mc1.21.1neoforge.jar
mcwroofs	mcwroofs:black_terracotta_top_roof	mcw-roofs-2.3.2-mc1.21.1neoforge.jar
mcwroofs	mcwroofs:black_terracotta_upper_lower_roof	mcw-roofs-2.3.2-mc1.21.1neoforge.jar
mcwroofs	mcwroofs:black_terracotta_upper_steep_roof	mcw-roofs-2.3.2-mc1.21.1neoforge.jar
mcwroofs	mcwroofs:black_top_roof	mcw-roofs-2.3.2-mc1.21.1neoforge.jar
mcwroofs	mcwroofs:black_upper_lower_roof	mcw-roofs-2.3.2-mc1.21.1neoforge.jar
mcwroofs	mcwroofs:black_upper_steep_roof	mcw-roofs-2.3.2-mc1.21.1neoforge.jar
mcwroofs	mcwroofs:blackstone_attic_roof	mcw-roofs-2.3.2-mc1.21.1neoforge.jar
mcwroofs	mcwroofs:blackstone_lower_roof	mcw-roofs-2.3.2-mc1.21.1neoforge.jar
mcwroofs	mcwroofs:blackstone_roof	mcw-roofs-2.3.2-mc1.21.1neoforge.jar
mcwroofs	mcwroofs:blackstone_steep_roof	mcw-roofs-2.3.2-mc1.21.1neoforge.jar
mcwroofs	mcwroofs:blackstone_top_roof	mcw-roofs-2.3.2-mc1.21.1neoforge.jar
mcwroofs	mcwroofs:blackstone_upper_lower_roof	mcw-roofs-2.3.2-mc1.21.1neoforge.jar
mcwroofs	mcwroofs:blackstone_upper_steep_roof	mcw-roofs-2.3.2-mc1.21.1neoforge.jar
mcwroofs	mcwroofs:blue_concrete_attic_roof	mcw-roofs-2.3.2-mc1.21.1neoforge.jar
mcwroofs	mcwroofs:blue_concrete_lower_roof	mcw-roofs-2.3.2-mc1.21.1neoforge.jar
mcwroofs	mcwroofs:blue_concrete_roof	mcw-roofs-2.3.2-mc1.21.1neoforge.jar
mcwroofs	mcwroofs:blue_concrete_steep_roof	mcw-roofs-2.3.2-mc1.21.1neoforge.jar
mcwroofs	mcwroofs:blue_concrete_top_roof	mcw-roofs-2.3.2-mc1.21.1neoforge.jar
mcwroofs	mcwroofs:blue_concrete_upper_lower_roof	mcw-roofs-2.3.2-mc1.21.1neoforge.jar
mcwroofs	mcwroofs:blue_concrete_upper_steep_roof	mcw-roofs-2.3.2-mc1.21.1neoforge.jar
mcwroofs	mcwroofs:blue_striped_awning	mcw-roofs-2.3.2-mc1.21.1neoforge.jar
mcwroofs	mcwroofs:blue_terracotta_attic_roof	mcw-roofs-2.3.2-mc1.21.1neoforge.jar
mcwroofs	mcwroofs:blue_terracotta_lower_roof	mcw-roofs-2.3.2-mc1.21.1neoforge.jar
mcwroofs	mcwroofs:blue_terracotta_roof	mcw-roofs-2.3.2-mc1.21.1neoforge.jar
mcwroofs	mcwroofs:blue_terracotta_steep_roof	mcw-roofs-2.3.2-mc1.21.1neoforge.jar
mcwroofs	mcwroofs:blue_terracotta_top_roof	mcw-roofs-2.3.2-mc1.21.1neoforge.jar
mcwroofs	mcwroofs:blue_terracotta_upper_lower_roof	mcw-roofs-2.3.2-mc1.21.1neoforge.jar
mcwroofs	mcwroofs:blue_terracotta_upper_steep_roof	mcw-roofs-2.3.2-mc1.21.1neoforge.jar
mcwroofs	mcwroofs:bricks_attic_roof	mcw-roofs-2.3.2-mc1.21.1neoforge.jar
mcwroofs	mcwroofs:bricks_lower_roof	mcw-roofs-2.3.2-mc1.21.1neoforge.jar
mcwroofs	mcwroofs:bricks_roof	mcw-roofs-2.3.2-mc1.21.1neoforge.jar
mcwroofs	mcwroofs:bricks_steep_roof	mcw-roofs-2.3.2-mc1.21.1neoforge.jar
mcwroofs	mcwroofs:bricks_top_roof	mcw-roofs-2.3.2-mc1.21.1neoforge.jar
mcwroofs	mcwroofs:bricks_upper_lower_roof	mcw-roofs-2.3.2-mc1.21.1neoforge.jar
mcwroofs	mcwroofs:bricks_upper_steep_roof	mcw-roofs-2.3.2-mc1.21.1neoforge.jar
mcwroofs	mcwroofs:brown_concrete_attic_roof	mcw-roofs-2.3.2-mc1.21.1neoforge.jar
mcwroofs	mcwroofs:brown_concrete_lower_roof	mcw-roofs-2.3.2-mc1.21.1neoforge.jar
mcwroofs	mcwroofs:brown_concrete_roof	mcw-roofs-2.3.2-mc1.21.1neoforge.jar
mcwroofs	mcwroofs:brown_concrete_steep_roof	mcw-roofs-2.3.2-mc1.21.1neoforge.jar
mcwroofs	mcwroofs:brown_concrete_top_roof	mcw-roofs-2.3.2-mc1.21.1neoforge.jar
mcwroofs	mcwroofs:brown_concrete_upper_lower_roof	mcw-roofs-2.3.2-mc1.21.1neoforge.jar
mcwroofs	mcwroofs:brown_concrete_upper_steep_roof	mcw-roofs-2.3.2-mc1.21.1neoforge.jar
mcwroofs	mcwroofs:brown_striped_awning	mcw-roofs-2.3.2-mc1.21.1neoforge.jar
mcwroofs	mcwroofs:brown_terracotta_attic_roof	mcw-roofs-2.3.2-mc1.21.1neoforge.jar
mcwroofs	mcwroofs:brown_terracotta_lower_roof	mcw-roofs-2.3.2-mc1.21.1neoforge.jar
mcwroofs	mcwroofs:brown_terracotta_roof	mcw-roofs-2.3.2-mc1.21.1neoforge.jar
mcwroofs	mcwroofs:brown_terracotta_steep_roof	mcw-roofs-2.3.2-mc1.21.1neoforge.jar
mcwroofs	mcwroofs:brown_terracotta_top_roof	mcw-roofs-2.3.2-mc1.21.1neoforge.jar
mcwroofs	mcwroofs:brown_terracotta_upper_lower_roof	mcw-roofs-2.3.2-mc1.21.1neoforge.jar
mcwroofs	mcwroofs:brown_terracotta_upper_steep_roof	mcw-roofs-2.3.2-mc1.21.1neoforge.jar
mcwroofs	mcwroofs:cherry_attic_roof	mcw-roofs-2.3.2-mc1.21.1neoforge.jar
mcwroofs	mcwroofs:cherry_lower_roof	mcw-roofs-2.3.2-mc1.21.1neoforge.jar
mcwroofs	mcwroofs:cherry_planks_attic_roof	mcw-roofs-2.3.2-mc1.21.1neoforge.jar
mcwroofs	mcwroofs:cherry_planks_lower_roof	mcw-roofs-2.3.2-mc1.21.1neoforge.jar
mcwroofs	mcwroofs:cherry_planks_roof	mcw-roofs-2.3.2-mc1.21.1neoforge.jar
mcwroofs	mcwroofs:cherry_planks_steep_roof	mcw-roofs-2.3.2-mc1.21.1neoforge.jar
mcwroofs	mcwroofs:cherry_planks_top_roof	mcw-roofs-2.3.2-mc1.21.1neoforge.jar
mcwroofs	mcwroofs:cherry_planks_upper_lower_roof	mcw-roofs-2.3.2-mc1.21.1neoforge.jar
mcwroofs	mcwroofs:cherry_planks_upper_steep_roof	mcw-roofs-2.3.2-mc1.21.1neoforge.jar
mcwroofs	mcwroofs:cherry_roof	mcw-roofs-2.3.2-mc1.21.1neoforge.jar
mcwroofs	mcwroofs:cherry_steep_roof	mcw-roofs-2.3.2-mc1.21.1neoforge.jar
mcwroofs	mcwroofs:cherry_top_roof	mcw-roofs-2.3.2-mc1.21.1neoforge.jar
mcwroofs	mcwroofs:cherry_upper_lower_roof	mcw-roofs-2.3.2-mc1.21.1neoforge.jar
mcwroofs	mcwroofs:cherry_upper_steep_roof	mcw-roofs-2.3.2-mc1.21.1neoforge.jar
mcwroofs	mcwroofs:cobblestone_attic_roof	mcw-roofs-2.3.2-mc1.21.1neoforge.jar
mcwroofs	mcwroofs:cobblestone_lower_roof	mcw-roofs-2.3.2-mc1.21.1neoforge.jar
mcwroofs	mcwroofs:cobblestone_roof	mcw-roofs-2.3.2-mc1.21.1neoforge.jar
mcwroofs	mcwroofs:cobblestone_steep_roof	mcw-roofs-2.3.2-mc1.21.1neoforge.jar
mcwroofs	mcwroofs:cobblestone_top_roof	mcw-roofs-2.3.2-mc1.21.1neoforge.jar
mcwroofs	mcwroofs:cobblestone_upper_lower_roof	mcw-roofs-2.3.2-mc1.21.1neoforge.jar
mcwroofs	mcwroofs:cobblestone_upper_steep_roof	mcw-roofs-2.3.2-mc1.21.1neoforge.jar
mcwroofs	mcwroofs:crimson_attic_roof	mcw-roofs-2.3.2-mc1.21.1neoforge.jar
mcwroofs	mcwroofs:crimson_lower_roof	mcw-roofs-2.3.2-mc1.21.1neoforge.jar
mcwroofs	mcwroofs:crimson_planks_attic_roof	mcw-roofs-2.3.2-mc1.21.1neoforge.jar
mcwroofs	mcwroofs:crimson_planks_lower_roof	mcw-roofs-2.3.2-mc1.21.1neoforge.jar
mcwroofs	mcwroofs:crimson_planks_roof	mcw-roofs-2.3.2-mc1.21.1neoforge.jar
mcwroofs	mcwroofs:crimson_planks_steep_roof	mcw-roofs-2.3.2-mc1.21.1neoforge.jar
mcwroofs	mcwroofs:crimson_planks_top_roof	mcw-roofs-2.3.2-mc1.21.1neoforge.jar
mcwroofs	mcwroofs:crimson_planks_upper_lower_roof	mcw-roofs-2.3.2-mc1.21.1neoforge.jar
mcwroofs	mcwroofs:crimson_planks_upper_steep_roof	mcw-roofs-2.3.2-mc1.21.1neoforge.jar
mcwroofs	mcwroofs:crimson_roof	mcw-roofs-2.3.2-mc1.21.1neoforge.jar
mcwroofs	mcwroofs:crimson_steep_roof	mcw-roofs-2.3.2-mc1.21.1neoforge.jar
mcwroofs	mcwroofs:crimson_top_roof	mcw-roofs-2.3.2-mc1.21.1neoforge.jar
mcwroofs	mcwroofs:crimson_upper_lower_roof	mcw-roofs-2.3.2-mc1.21.1neoforge.jar
mcwroofs	mcwroofs:crimson_upper_steep_roof	mcw-roofs-2.3.2-mc1.21.1neoforge.jar
mcwroofs	mcwroofs:cyan_concrete_attic_roof	mcw-roofs-2.3.2-mc1.21.1neoforge.jar
mcwroofs	mcwroofs:cyan_concrete_lower_roof	mcw-roofs-2.3.2-mc1.21.1neoforge.jar
mcwroofs	mcwroofs:cyan_concrete_roof	mcw-roofs-2.3.2-mc1.21.1neoforge.jar
mcwroofs	mcwroofs:cyan_concrete_steep_roof	mcw-roofs-2.3.2-mc1.21.1neoforge.jar
mcwroofs	mcwroofs:cyan_concrete_top_roof	mcw-roofs-2.3.2-mc1.21.1neoforge.jar
mcwroofs	mcwroofs:cyan_concrete_upper_lower_roof	mcw-roofs-2.3.2-mc1.21.1neoforge.jar
mcwroofs	mcwroofs:cyan_concrete_upper_steep_roof	mcw-roofs-2.3.2-mc1.21.1neoforge.jar
mcwroofs	mcwroofs:cyan_striped_awning	mcw-roofs-2.3.2-mc1.21.1neoforge.jar
mcwroofs	mcwroofs:cyan_terracotta_attic_roof	mcw-roofs-2.3.2-mc1.21.1neoforge.jar
mcwroofs	mcwroofs:cyan_terracotta_lower_roof	mcw-roofs-2.3.2-mc1.21.1neoforge.jar
mcwroofs	mcwroofs:cyan_terracotta_roof	mcw-roofs-2.3.2-mc1.21.1neoforge.jar
mcwroofs	mcwroofs:cyan_terracotta_steep_roof	mcw-roofs-2.3.2-mc1.21.1neoforge.jar
mcwroofs	mcwroofs:cyan_terracotta_top_roof	mcw-roofs-2.3.2-mc1.21.1neoforge.jar
mcwroofs	mcwroofs:cyan_terracotta_upper_lower_roof	mcw-roofs-2.3.2-mc1.21.1neoforge.jar
mcwroofs	mcwroofs:cyan_terracotta_upper_steep_roof	mcw-roofs-2.3.2-mc1.21.1neoforge.jar
mcwroofs	mcwroofs:dark_oak_attic_roof	mcw-roofs-2.3.2-mc1.21.1neoforge.jar
mcwroofs	mcwroofs:dark_oak_lower_roof	mcw-roofs-2.3.2-mc1.21.1neoforge.jar
mcwroofs	mcwroofs:dark_oak_planks_attic_roof	mcw-roofs-2.3.2-mc1.21.1neoforge.jar
mcwroofs	mcwroofs:dark_oak_planks_lower_roof	mcw-roofs-2.3.2-mc1.21.1neoforge.jar
mcwroofs	mcwroofs:dark_oak_planks_roof	mcw-roofs-2.3.2-mc1.21.1neoforge.jar
mcwroofs	mcwroofs:dark_oak_planks_steep_roof	mcw-roofs-2.3.2-mc1.21.1neoforge.jar
mcwroofs	mcwroofs:dark_oak_planks_top_roof	mcw-roofs-2.3.2-mc1.21.1neoforge.jar
mcwroofs	mcwroofs:dark_oak_planks_upper_lower_roof	mcw-roofs-2.3.2-mc1.21.1neoforge.jar
mcwroofs	mcwroofs:dark_oak_planks_upper_steep_roof	mcw-roofs-2.3.2-mc1.21.1neoforge.jar
mcwroofs	mcwroofs:dark_oak_roof	mcw-roofs-2.3.2-mc1.21.1neoforge.jar
mcwroofs	mcwroofs:dark_oak_steep_roof	mcw-roofs-2.3.2-mc1.21.1neoforge.jar
mcwroofs	mcwroofs:dark_oak_top_roof	mcw-roofs-2.3.2-mc1.21.1neoforge.jar
mcwroofs	mcwroofs:dark_oak_upper_lower_roof	mcw-roofs-2.3.2-mc1.21.1neoforge.jar
mcwroofs	mcwroofs:dark_oak_upper_steep_roof	mcw-roofs-2.3.2-mc1.21.1neoforge.jar
mcwroofs	mcwroofs:dark_prismarine_attic_roof	mcw-roofs-2.3.2-mc1.21.1neoforge.jar
mcwroofs	mcwroofs:dark_prismarine_lower_roof	mcw-roofs-2.3.2-mc1.21.1neoforge.jar
mcwroofs	mcwroofs:dark_prismarine_roof	mcw-roofs-2.3.2-mc1.21.1neoforge.jar
mcwroofs	mcwroofs:dark_prismarine_steep_roof	mcw-roofs-2.3.2-mc1.21.1neoforge.jar
mcwroofs	mcwroofs:dark_prismarine_top_roof	mcw-roofs-2.3.2-mc1.21.1neoforge.jar
mcwroofs	mcwroofs:dark_prismarine_upper_lower_roof	mcw-roofs-2.3.2-mc1.21.1neoforge.jar
mcwroofs	mcwroofs:dark_prismarine_upper_steep_roof	mcw-roofs-2.3.2-mc1.21.1neoforge.jar
mcwroofs	mcwroofs:deepslate_attic_roof	mcw-roofs-2.3.2-mc1.21.1neoforge.jar
mcwroofs	mcwroofs:deepslate_lower_roof	mcw-roofs-2.3.2-mc1.21.1neoforge.jar
mcwroofs	mcwroofs:deepslate_roof	mcw-roofs-2.3.2-mc1.21.1neoforge.jar
mcwroofs	mcwroofs:deepslate_steep_roof	mcw-roofs-2.3.2-mc1.21.1neoforge.jar
mcwroofs	mcwroofs:deepslate_top_roof	mcw-roofs-2.3.2-mc1.21.1neoforge.jar
mcwroofs	mcwroofs:deepslate_upper_lower_roof	mcw-roofs-2.3.2-mc1.21.1neoforge.jar
mcwroofs	mcwroofs:deepslate_upper_steep_roof	mcw-roofs-2.3.2-mc1.21.1neoforge.jar
mcwroofs	mcwroofs:diorite_attic_roof	mcw-roofs-2.3.2-mc1.21.1neoforge.jar
mcwroofs	mcwroofs:diorite_lower_roof	mcw-roofs-2.3.2-mc1.21.1neoforge.jar
mcwroofs	mcwroofs:diorite_roof	mcw-roofs-2.3.2-mc1.21.1neoforge.jar
mcwroofs	mcwroofs:diorite_steep_roof	mcw-roofs-2.3.2-mc1.21.1neoforge.jar
mcwroofs	mcwroofs:diorite_top_roof	mcw-roofs-2.3.2-mc1.21.1neoforge.jar
mcwroofs	mcwroofs:diorite_upper_lower_roof	mcw-roofs-2.3.2-mc1.21.1neoforge.jar
mcwroofs	mcwroofs:diorite_upper_steep_roof	mcw-roofs-2.3.2-mc1.21.1neoforge.jar
mcwroofs	mcwroofs:granite_attic_roof	mcw-roofs-2.3.2-mc1.21.1neoforge.jar
mcwroofs	mcwroofs:granite_lower_roof	mcw-roofs-2.3.2-mc1.21.1neoforge.jar
mcwroofs	mcwroofs:granite_roof	mcw-roofs-2.3.2-mc1.21.1neoforge.jar
mcwroofs	mcwroofs:granite_steep_roof	mcw-roofs-2.3.2-mc1.21.1neoforge.jar
mcwroofs	mcwroofs:granite_top_roof	mcw-roofs-2.3.2-mc1.21.1neoforge.jar
mcwroofs	mcwroofs:granite_upper_lower_roof	mcw-roofs-2.3.2-mc1.21.1neoforge.jar
mcwroofs	mcwroofs:granite_upper_steep_roof	mcw-roofs-2.3.2-mc1.21.1neoforge.jar
mcwroofs	mcwroofs:grass_attic_roof	mcw-roofs-2.3.2-mc1.21.1neoforge.jar
mcwroofs	mcwroofs:grass_lower_roof	mcw-roofs-2.3.2-mc1.21.1neoforge.jar
mcwroofs	mcwroofs:grass_roof	mcw-roofs-2.3.2-mc1.21.1neoforge.jar
mcwroofs	mcwroofs:grass_steep_roof	mcw-roofs-2.3.2-mc1.21.1neoforge.jar
mcwroofs	mcwroofs:grass_top_roof	mcw-roofs-2.3.2-mc1.21.1neoforge.jar
mcwroofs	mcwroofs:grass_upper_lower_roof	mcw-roofs-2.3.2-mc1.21.1neoforge.jar
mcwroofs	mcwroofs:grass_upper_steep_roof	mcw-roofs-2.3.2-mc1.21.1neoforge.jar
mcwroofs	mcwroofs:gray_attic_roof	mcw-roofs-2.3.2-mc1.21.1neoforge.jar
mcwroofs	mcwroofs:gray_concrete_attic_roof	mcw-roofs-2.3.2-mc1.21.1neoforge.jar
mcwroofs	mcwroofs:gray_concrete_lower_roof	mcw-roofs-2.3.2-mc1.21.1neoforge.jar
mcwroofs	mcwroofs:gray_concrete_roof	mcw-roofs-2.3.2-mc1.21.1neoforge.jar
mcwroofs	mcwroofs:gray_concrete_steep_roof	mcw-roofs-2.3.2-mc1.21.1neoforge.jar
mcwroofs	mcwroofs:gray_concrete_top_roof	mcw-roofs-2.3.2-mc1.21.1neoforge.jar
mcwroofs	mcwroofs:gray_concrete_upper_lower_roof	mcw-roofs-2.3.2-mc1.21.1neoforge.jar
mcwroofs	mcwroofs:gray_concrete_upper_steep_roof	mcw-roofs-2.3.2-mc1.21.1neoforge.jar
mcwroofs	mcwroofs:gray_lower_roof	mcw-roofs-2.3.2-mc1.21.1neoforge.jar
mcwroofs	mcwroofs:gray_roof	mcw-roofs-2.3.2-mc1.21.1neoforge.jar
mcwroofs	mcwroofs:gray_roof_block	mcw-roofs-2.3.2-mc1.21.1neoforge.jar
mcwroofs	mcwroofs:gray_roof_slab	mcw-roofs-2.3.2-mc1.21.1neoforge.jar
mcwroofs	mcwroofs:gray_steep_roof	mcw-roofs-2.3.2-mc1.21.1neoforge.jar
mcwroofs	mcwroofs:gray_striped_awning	mcw-roofs-2.3.2-mc1.21.1neoforge.jar
mcwroofs	mcwroofs:gray_terracotta_attic_roof	mcw-roofs-2.3.2-mc1.21.1neoforge.jar
mcwroofs	mcwroofs:gray_terracotta_lower_roof	mcw-roofs-2.3.2-mc1.21.1neoforge.jar
mcwroofs	mcwroofs:gray_terracotta_roof	mcw-roofs-2.3.2-mc1.21.1neoforge.jar
mcwroofs	mcwroofs:gray_terracotta_steep_roof	mcw-roofs-2.3.2-mc1.21.1neoforge.jar
mcwroofs	mcwroofs:gray_terracotta_top_roof	mcw-roofs-2.3.2-mc1.21.1neoforge.jar
mcwroofs	mcwroofs:gray_terracotta_upper_lower_roof	mcw-roofs-2.3.2-mc1.21.1neoforge.jar
mcwroofs	mcwroofs:gray_terracotta_upper_steep_roof	mcw-roofs-2.3.2-mc1.21.1neoforge.jar
mcwroofs	mcwroofs:gray_top_roof	mcw-roofs-2.3.2-mc1.21.1neoforge.jar
mcwroofs	mcwroofs:gray_upper_lower_roof	mcw-roofs-2.3.2-mc1.21.1neoforge.jar
mcwroofs	mcwroofs:gray_upper_steep_roof	mcw-roofs-2.3.2-mc1.21.1neoforge.jar
mcwroofs	mcwroofs:green_concrete_attic_roof	mcw-roofs-2.3.2-mc1.21.1neoforge.jar
mcwroofs	mcwroofs:green_concrete_lower_roof	mcw-roofs-2.3.2-mc1.21.1neoforge.jar
mcwroofs	mcwroofs:green_concrete_roof	mcw-roofs-2.3.2-mc1.21.1neoforge.jar
mcwroofs	mcwroofs:green_concrete_steep_roof	mcw-roofs-2.3.2-mc1.21.1neoforge.jar
mcwroofs	mcwroofs:green_concrete_top_roof	mcw-roofs-2.3.2-mc1.21.1neoforge.jar
mcwroofs	mcwroofs:green_concrete_upper_lower_roof	mcw-roofs-2.3.2-mc1.21.1neoforge.jar
mcwroofs	mcwroofs:green_concrete_upper_steep_roof	mcw-roofs-2.3.2-mc1.21.1neoforge.jar
mcwroofs	mcwroofs:green_striped_awning	mcw-roofs-2.3.2-mc1.21.1neoforge.jar
mcwroofs	mcwroofs:green_terracotta_attic_roof	mcw-roofs-2.3.2-mc1.21.1neoforge.jar
mcwroofs	mcwroofs:green_terracotta_lower_roof	mcw-roofs-2.3.2-mc1.21.1neoforge.jar
mcwroofs	mcwroofs:green_terracotta_roof	mcw-roofs-2.3.2-mc1.21.1neoforge.jar
mcwroofs	mcwroofs:green_terracotta_steep_roof	mcw-roofs-2.3.2-mc1.21.1neoforge.jar
mcwroofs	mcwroofs:green_terracotta_top_roof	mcw-roofs-2.3.2-mc1.21.1neoforge.jar
mcwroofs	mcwroofs:green_terracotta_upper_lower_roof	mcw-roofs-2.3.2-mc1.21.1neoforge.jar
mcwroofs	mcwroofs:green_terracotta_upper_steep_roof	mcw-roofs-2.3.2-mc1.21.1neoforge.jar
mcwroofs	mcwroofs:gutter_base	mcw-roofs-2.3.2-mc1.21.1neoforge.jar
mcwroofs	mcwroofs:gutter_base_black	mcw-roofs-2.3.2-mc1.21.1neoforge.jar
mcwroofs	mcwroofs:gutter_base_blue	mcw-roofs-2.3.2-mc1.21.1neoforge.jar
mcwroofs	mcwroofs:gutter_base_brown	mcw-roofs-2.3.2-mc1.21.1neoforge.jar
mcwroofs	mcwroofs:gutter_base_cyan	mcw-roofs-2.3.2-mc1.21.1neoforge.jar
mcwroofs	mcwroofs:gutter_base_gray	mcw-roofs-2.3.2-mc1.21.1neoforge.jar
mcwroofs	mcwroofs:gutter_base_green	mcw-roofs-2.3.2-mc1.21.1neoforge.jar
mcwroofs	mcwroofs:gutter_base_light_blue	mcw-roofs-2.3.2-mc1.21.1neoforge.jar
mcwroofs	mcwroofs:gutter_base_light_gray	mcw-roofs-2.3.2-mc1.21.1neoforge.jar
mcwroofs	mcwroofs:gutter_base_lime	mcw-roofs-2.3.2-mc1.21.1neoforge.jar
mcwroofs	mcwroofs:gutter_base_magenta	mcw-roofs-2.3.2-mc1.21.1neoforge.jar
mcwroofs	mcwroofs:gutter_base_orange	mcw-roofs-2.3.2-mc1.21.1neoforge.jar
mcwroofs	mcwroofs:gutter_base_pink	mcw-roofs-2.3.2-mc1.21.1neoforge.jar
mcwroofs	mcwroofs:gutter_base_purple	mcw-roofs-2.3.2-mc1.21.1neoforge.jar
mcwroofs	mcwroofs:gutter_base_red	mcw-roofs-2.3.2-mc1.21.1neoforge.jar
mcwroofs	mcwroofs:gutter_base_white	mcw-roofs-2.3.2-mc1.21.1neoforge.jar
mcwroofs	mcwroofs:gutter_base_yellow	mcw-roofs-2.3.2-mc1.21.1neoforge.jar
mcwroofs	mcwroofs:gutter_middle	mcw-roofs-2.3.2-mc1.21.1neoforge.jar
mcwroofs	mcwroofs:gutter_middle_black	mcw-roofs-2.3.2-mc1.21.1neoforge.jar
mcwroofs	mcwroofs:gutter_middle_blue	mcw-roofs-2.3.2-mc1.21.1neoforge.jar
mcwroofs	mcwroofs:gutter_middle_brown	mcw-roofs-2.3.2-mc1.21.1neoforge.jar
mcwroofs	mcwroofs:gutter_middle_cyan	mcw-roofs-2.3.2-mc1.21.1neoforge.jar
mcwroofs	mcwroofs:gutter_middle_gray	mcw-roofs-2.3.2-mc1.21.1neoforge.jar
mcwroofs	mcwroofs:gutter_middle_green	mcw-roofs-2.3.2-mc1.21.1neoforge.jar
mcwroofs	mcwroofs:gutter_middle_light_blue	mcw-roofs-2.3.2-mc1.21.1neoforge.jar
mcwroofs	mcwroofs:gutter_middle_light_gray	mcw-roofs-2.3.2-mc1.21.1neoforge.jar
mcwroofs	mcwroofs:gutter_middle_lime	mcw-roofs-2.3.2-mc1.21.1neoforge.jar
mcwroofs	mcwroofs:gutter_middle_magenta	mcw-roofs-2.3.2-mc1.21.1neoforge.jar
mcwroofs	mcwroofs:gutter_middle_orange	mcw-roofs-2.3.2-mc1.21.1neoforge.jar
mcwroofs	mcwroofs:gutter_middle_pink	mcw-roofs-2.3.2-mc1.21.1neoforge.jar
mcwroofs	mcwroofs:gutter_middle_purple	mcw-roofs-2.3.2-mc1.21.1neoforge.jar
mcwroofs	mcwroofs:gutter_middle_red	mcw-roofs-2.3.2-mc1.21.1neoforge.jar
mcwroofs	mcwroofs:gutter_middle_white	mcw-roofs-2.3.2-mc1.21.1neoforge.jar
mcwroofs	mcwroofs:gutter_middle_yellow	mcw-roofs-2.3.2-mc1.21.1neoforge.jar
mcwroofs	mcwroofs:jungle_attic_roof	mcw-roofs-2.3.2-mc1.21.1neoforge.jar
mcwroofs	mcwroofs:jungle_lower_roof	mcw-roofs-2.3.2-mc1.21.1neoforge.jar
mcwroofs	mcwroofs:jungle_planks_attic_roof	mcw-roofs-2.3.2-mc1.21.1neoforge.jar
mcwroofs	mcwroofs:jungle_planks_lower_roof	mcw-roofs-2.3.2-mc1.21.1neoforge.jar
mcwroofs	mcwroofs:jungle_planks_roof	mcw-roofs-2.3.2-mc1.21.1neoforge.jar
mcwroofs	mcwroofs:jungle_planks_steep_roof	mcw-roofs-2.3.2-mc1.21.1neoforge.jar
mcwroofs	mcwroofs:jungle_planks_top_roof	mcw-roofs-2.3.2-mc1.21.1neoforge.jar
mcwroofs	mcwroofs:jungle_planks_upper_lower_roof	mcw-roofs-2.3.2-mc1.21.1neoforge.jar
mcwroofs	mcwroofs:jungle_planks_upper_steep_roof	mcw-roofs-2.3.2-mc1.21.1neoforge.jar
mcwroofs	mcwroofs:jungle_roof	mcw-roofs-2.3.2-mc1.21.1neoforge.jar
mcwroofs	mcwroofs:jungle_steep_roof	mcw-roofs-2.3.2-mc1.21.1neoforge.jar
mcwroofs	mcwroofs:jungle_top_roof	mcw-roofs-2.3.2-mc1.21.1neoforge.jar
mcwroofs	mcwroofs:jungle_upper_lower_roof	mcw-roofs-2.3.2-mc1.21.1neoforge.jar
mcwroofs	mcwroofs:jungle_upper_steep_roof	mcw-roofs-2.3.2-mc1.21.1neoforge.jar
mcwroofs	mcwroofs:light_blue_concrete_attic_roof	mcw-roofs-2.3.2-mc1.21.1neoforge.jar
mcwroofs	mcwroofs:light_blue_concrete_lower_roof	mcw-roofs-2.3.2-mc1.21.1neoforge.jar
mcwroofs	mcwroofs:light_blue_concrete_roof	mcw-roofs-2.3.2-mc1.21.1neoforge.jar
mcwroofs	mcwroofs:light_blue_concrete_steep_roof	mcw-roofs-2.3.2-mc1.21.1neoforge.jar
mcwroofs	mcwroofs:light_blue_concrete_top_roof	mcw-roofs-2.3.2-mc1.21.1neoforge.jar
mcwroofs	mcwroofs:light_blue_concrete_upper_lower_roof	mcw-roofs-2.3.2-mc1.21.1neoforge.jar
mcwroofs	mcwroofs:light_blue_concrete_upper_steep_roof	mcw-roofs-2.3.2-mc1.21.1neoforge.jar
mcwroofs	mcwroofs:light_blue_striped_awning	mcw-roofs-2.3.2-mc1.21.1neoforge.jar
mcwroofs	mcwroofs:light_blue_terracotta_attic_roof	mcw-roofs-2.3.2-mc1.21.1neoforge.jar
mcwroofs	mcwroofs:light_blue_terracotta_lower_roof	mcw-roofs-2.3.2-mc1.21.1neoforge.jar
mcwroofs	mcwroofs:light_blue_terracotta_roof	mcw-roofs-2.3.2-mc1.21.1neoforge.jar
mcwroofs	mcwroofs:light_blue_terracotta_steep_roof	mcw-roofs-2.3.2-mc1.21.1neoforge.jar
mcwroofs	mcwroofs:light_blue_terracotta_top_roof	mcw-roofs-2.3.2-mc1.21.1neoforge.jar
mcwroofs	mcwroofs:light_blue_terracotta_upper_lower_roof	mcw-roofs-2.3.2-mc1.21.1neoforge.jar
mcwroofs	mcwroofs:light_blue_terracotta_upper_steep_roof	mcw-roofs-2.3.2-mc1.21.1neoforge.jar
mcwroofs	mcwroofs:light_gray_attic_roof	mcw-roofs-2.3.2-mc1.21.1neoforge.jar
mcwroofs	mcwroofs:light_gray_concrete_attic_roof	mcw-roofs-2.3.2-mc1.21.1neoforge.jar
mcwroofs	mcwroofs:light_gray_concrete_lower_roof	mcw-roofs-2.3.2-mc1.21.1neoforge.jar
mcwroofs	mcwroofs:light_gray_concrete_roof	mcw-roofs-2.3.2-mc1.21.1neoforge.jar
mcwroofs	mcwroofs:light_gray_concrete_steep_roof	mcw-roofs-2.3.2-mc1.21.1neoforge.jar
mcwroofs	mcwroofs:light_gray_concrete_top_roof	mcw-roofs-2.3.2-mc1.21.1neoforge.jar
mcwroofs	mcwroofs:light_gray_concrete_upper_lower_roof	mcw-roofs-2.3.2-mc1.21.1neoforge.jar
mcwroofs	mcwroofs:light_gray_concrete_upper_steep_roof	mcw-roofs-2.3.2-mc1.21.1neoforge.jar
mcwroofs	mcwroofs:light_gray_lower_roof	mcw-roofs-2.3.2-mc1.21.1neoforge.jar
mcwroofs	mcwroofs:light_gray_roof	mcw-roofs-2.3.2-mc1.21.1neoforge.jar
mcwroofs	mcwroofs:light_gray_roof_block	mcw-roofs-2.3.2-mc1.21.1neoforge.jar
mcwroofs	mcwroofs:light_gray_roof_slab	mcw-roofs-2.3.2-mc1.21.1neoforge.jar
mcwroofs	mcwroofs:light_gray_steep_roof	mcw-roofs-2.3.2-mc1.21.1neoforge.jar
mcwroofs	mcwroofs:light_gray_striped_awning	mcw-roofs-2.3.2-mc1.21.1neoforge.jar
mcwroofs	mcwroofs:light_gray_terracotta_attic_roof	mcw-roofs-2.3.2-mc1.21.1neoforge.jar
mcwroofs	mcwroofs:light_gray_terracotta_lower_roof	mcw-roofs-2.3.2-mc1.21.1neoforge.jar
mcwroofs	mcwroofs:light_gray_terracotta_roof	mcw-roofs-2.3.2-mc1.21.1neoforge.jar
mcwroofs	mcwroofs:light_gray_terracotta_steep_roof	mcw-roofs-2.3.2-mc1.21.1neoforge.jar
mcwroofs	mcwroofs:light_gray_terracotta_top_roof	mcw-roofs-2.3.2-mc1.21.1neoforge.jar
mcwroofs	mcwroofs:light_gray_terracotta_upper_lower_roof	mcw-roofs-2.3.2-mc1.21.1neoforge.jar
mcwroofs	mcwroofs:light_gray_terracotta_upper_steep_roof	mcw-roofs-2.3.2-mc1.21.1neoforge.jar
mcwroofs	mcwroofs:light_gray_top_roof	mcw-roofs-2.3.2-mc1.21.1neoforge.jar
mcwroofs	mcwroofs:light_gray_upper_lower_roof	mcw-roofs-2.3.2-mc1.21.1neoforge.jar
mcwroofs	mcwroofs:light_gray_upper_steep_roof	mcw-roofs-2.3.2-mc1.21.1neoforge.jar
mcwroofs	mcwroofs:lime_concrete_attic_roof	mcw-roofs-2.3.2-mc1.21.1neoforge.jar
mcwroofs	mcwroofs:lime_concrete_lower_roof	mcw-roofs-2.3.2-mc1.21.1neoforge.jar
mcwroofs	mcwroofs:lime_concrete_roof	mcw-roofs-2.3.2-mc1.21.1neoforge.jar
mcwroofs	mcwroofs:lime_concrete_steep_roof	mcw-roofs-2.3.2-mc1.21.1neoforge.jar
mcwroofs	mcwroofs:lime_concrete_top_roof	mcw-roofs-2.3.2-mc1.21.1neoforge.jar
mcwroofs	mcwroofs:lime_concrete_upper_lower_roof	mcw-roofs-2.3.2-mc1.21.1neoforge.jar
mcwroofs	mcwroofs:lime_concrete_upper_steep_roof	mcw-roofs-2.3.2-mc1.21.1neoforge.jar
mcwroofs	mcwroofs:lime_striped_awning	mcw-roofs-2.3.2-mc1.21.1neoforge.jar
mcwroofs	mcwroofs:lime_terracotta_attic_roof	mcw-roofs-2.3.2-mc1.21.1neoforge.jar
mcwroofs	mcwroofs:lime_terracotta_lower_roof	mcw-roofs-2.3.2-mc1.21.1neoforge.jar
mcwroofs	mcwroofs:lime_terracotta_roof	mcw-roofs-2.3.2-mc1.21.1neoforge.jar
mcwroofs	mcwroofs:lime_terracotta_steep_roof	mcw-roofs-2.3.2-mc1.21.1neoforge.jar
mcwroofs	mcwroofs:lime_terracotta_top_roof	mcw-roofs-2.3.2-mc1.21.1neoforge.jar
mcwroofs	mcwroofs:lime_terracotta_upper_lower_roof	mcw-roofs-2.3.2-mc1.21.1neoforge.jar
mcwroofs	mcwroofs:lime_terracotta_upper_steep_roof	mcw-roofs-2.3.2-mc1.21.1neoforge.jar
mcwroofs	mcwroofs:magenta_concrete_attic_roof	mcw-roofs-2.3.2-mc1.21.1neoforge.jar
mcwroofs	mcwroofs:magenta_concrete_lower_roof	mcw-roofs-2.3.2-mc1.21.1neoforge.jar
mcwroofs	mcwroofs:magenta_concrete_roof	mcw-roofs-2.3.2-mc1.21.1neoforge.jar
mcwroofs	mcwroofs:magenta_concrete_steep_roof	mcw-roofs-2.3.2-mc1.21.1neoforge.jar
mcwroofs	mcwroofs:magenta_concrete_top_roof	mcw-roofs-2.3.2-mc1.21.1neoforge.jar
mcwroofs	mcwroofs:magenta_concrete_upper_lower_roof	mcw-roofs-2.3.2-mc1.21.1neoforge.jar
mcwroofs	mcwroofs:magenta_concrete_upper_steep_roof	mcw-roofs-2.3.2-mc1.21.1neoforge.jar
mcwroofs	mcwroofs:magenta_striped_awning	mcw-roofs-2.3.2-mc1.21.1neoforge.jar
mcwroofs	mcwroofs:magenta_terracotta_attic_roof	mcw-roofs-2.3.2-mc1.21.1neoforge.jar
mcwroofs	mcwroofs:magenta_terracotta_lower_roof	mcw-roofs-2.3.2-mc1.21.1neoforge.jar
mcwroofs	mcwroofs:magenta_terracotta_roof	mcw-roofs-2.3.2-mc1.21.1neoforge.jar
mcwroofs	mcwroofs:magenta_terracotta_steep_roof	mcw-roofs-2.3.2-mc1.21.1neoforge.jar
mcwroofs	mcwroofs:magenta_terracotta_top_roof	mcw-roofs-2.3.2-mc1.21.1neoforge.jar
mcwroofs	mcwroofs:magenta_terracotta_upper_lower_roof	mcw-roofs-2.3.2-mc1.21.1neoforge.jar
mcwroofs	mcwroofs:magenta_terracotta_upper_steep_roof	mcw-roofs-2.3.2-mc1.21.1neoforge.jar
mcwroofs	mcwroofs:mangrove_attic_roof	mcw-roofs-2.3.2-mc1.21.1neoforge.jar
mcwroofs	mcwroofs:mangrove_lower_roof	mcw-roofs-2.3.2-mc1.21.1neoforge.jar
mcwroofs	mcwroofs:mangrove_planks_attic_roof	mcw-roofs-2.3.2-mc1.21.1neoforge.jar
mcwroofs	mcwroofs:mangrove_planks_lower_roof	mcw-roofs-2.3.2-mc1.21.1neoforge.jar
mcwroofs	mcwroofs:mangrove_planks_roof	mcw-roofs-2.3.2-mc1.21.1neoforge.jar
mcwroofs	mcwroofs:mangrove_planks_steep_roof	mcw-roofs-2.3.2-mc1.21.1neoforge.jar
mcwroofs	mcwroofs:mangrove_planks_top_roof	mcw-roofs-2.3.2-mc1.21.1neoforge.jar
mcwroofs	mcwroofs:mangrove_planks_upper_lower_roof	mcw-roofs-2.3.2-mc1.21.1neoforge.jar
mcwroofs	mcwroofs:mangrove_planks_upper_steep_roof	mcw-roofs-2.3.2-mc1.21.1neoforge.jar
mcwroofs	mcwroofs:mangrove_roof	mcw-roofs-2.3.2-mc1.21.1neoforge.jar
mcwroofs	mcwroofs:mangrove_steep_roof	mcw-roofs-2.3.2-mc1.21.1neoforge.jar
mcwroofs	mcwroofs:mangrove_top_roof	mcw-roofs-2.3.2-mc1.21.1neoforge.jar
mcwroofs	mcwroofs:mangrove_upper_lower_roof	mcw-roofs-2.3.2-mc1.21.1neoforge.jar
mcwroofs	mcwroofs:mangrove_upper_steep_roof	mcw-roofs-2.3.2-mc1.21.1neoforge.jar
mcwroofs	mcwroofs:mud_brick_attic_roof	mcw-roofs-2.3.2-mc1.21.1neoforge.jar
mcwroofs	mcwroofs:mud_brick_lower_roof	mcw-roofs-2.3.2-mc1.21.1neoforge.jar
mcwroofs	mcwroofs:mud_brick_roof	mcw-roofs-2.3.2-mc1.21.1neoforge.jar
mcwroofs	mcwroofs:mud_brick_steep_roof	mcw-roofs-2.3.2-mc1.21.1neoforge.jar
mcwroofs	mcwroofs:mud_brick_top_roof	mcw-roofs-2.3.2-mc1.21.1neoforge.jar
mcwroofs	mcwroofs:mud_brick_upper_lower_roof	mcw-roofs-2.3.2-mc1.21.1neoforge.jar
mcwroofs	mcwroofs:mud_brick_upper_steep_roof	mcw-roofs-2.3.2-mc1.21.1neoforge.jar
mcwroofs	mcwroofs:nether_bricks_attic_roof	mcw-roofs-2.3.2-mc1.21.1neoforge.jar
mcwroofs	mcwroofs:nether_bricks_lower_roof	mcw-roofs-2.3.2-mc1.21.1neoforge.jar
mcwroofs	mcwroofs:nether_bricks_roof	mcw-roofs-2.3.2-mc1.21.1neoforge.jar
mcwroofs	mcwroofs:nether_bricks_steep_roof	mcw-roofs-2.3.2-mc1.21.1neoforge.jar
mcwroofs	mcwroofs:nether_bricks_top_roof	mcw-roofs-2.3.2-mc1.21.1neoforge.jar
mcwroofs	mcwroofs:nether_bricks_upper_lower_roof	mcw-roofs-2.3.2-mc1.21.1neoforge.jar
mcwroofs	mcwroofs:nether_bricks_upper_steep_roof	mcw-roofs-2.3.2-mc1.21.1neoforge.jar
mcwroofs	mcwroofs:oak_attic_roof	mcw-roofs-2.3.2-mc1.21.1neoforge.jar
mcwroofs	mcwroofs:oak_lower_roof	mcw-roofs-2.3.2-mc1.21.1neoforge.jar
mcwroofs	mcwroofs:oak_planks_attic_roof	mcw-roofs-2.3.2-mc1.21.1neoforge.jar
mcwroofs	mcwroofs:oak_planks_lower_roof	mcw-roofs-2.3.2-mc1.21.1neoforge.jar
mcwroofs	mcwroofs:oak_planks_roof	mcw-roofs-2.3.2-mc1.21.1neoforge.jar
mcwroofs	mcwroofs:oak_planks_steep_roof	mcw-roofs-2.3.2-mc1.21.1neoforge.jar
mcwroofs	mcwroofs:oak_planks_top_roof	mcw-roofs-2.3.2-mc1.21.1neoforge.jar
mcwroofs	mcwroofs:oak_planks_upper_lower_roof	mcw-roofs-2.3.2-mc1.21.1neoforge.jar
mcwroofs	mcwroofs:oak_planks_upper_steep_roof	mcw-roofs-2.3.2-mc1.21.1neoforge.jar
mcwroofs	mcwroofs:oak_roof	mcw-roofs-2.3.2-mc1.21.1neoforge.jar
mcwroofs	mcwroofs:oak_steep_roof	mcw-roofs-2.3.2-mc1.21.1neoforge.jar
mcwroofs	mcwroofs:oak_top_roof	mcw-roofs-2.3.2-mc1.21.1neoforge.jar
mcwroofs	mcwroofs:oak_upper_lower_roof	mcw-roofs-2.3.2-mc1.21.1neoforge.jar
mcwroofs	mcwroofs:oak_upper_steep_roof	mcw-roofs-2.3.2-mc1.21.1neoforge.jar
mcwroofs	mcwroofs:orange_concrete_attic_roof	mcw-roofs-2.3.2-mc1.21.1neoforge.jar
mcwroofs	mcwroofs:orange_concrete_lower_roof	mcw-roofs-2.3.2-mc1.21.1neoforge.jar
mcwroofs	mcwroofs:orange_concrete_roof	mcw-roofs-2.3.2-mc1.21.1neoforge.jar
mcwroofs	mcwroofs:orange_concrete_steep_roof	mcw-roofs-2.3.2-mc1.21.1neoforge.jar
mcwroofs	mcwroofs:orange_concrete_top_roof	mcw-roofs-2.3.2-mc1.21.1neoforge.jar
mcwroofs	mcwroofs:orange_concrete_upper_lower_roof	mcw-roofs-2.3.2-mc1.21.1neoforge.jar
mcwroofs	mcwroofs:orange_concrete_upper_steep_roof	mcw-roofs-2.3.2-mc1.21.1neoforge.jar
mcwroofs	mcwroofs:orange_striped_awning	mcw-roofs-2.3.2-mc1.21.1neoforge.jar
mcwroofs	mcwroofs:orange_terracotta_attic_roof	mcw-roofs-2.3.2-mc1.21.1neoforge.jar
mcwroofs	mcwroofs:orange_terracotta_lower_roof	mcw-roofs-2.3.2-mc1.21.1neoforge.jar
mcwroofs	mcwroofs:orange_terracotta_roof	mcw-roofs-2.3.2-mc1.21.1neoforge.jar
mcwroofs	mcwroofs:orange_terracotta_steep_roof	mcw-roofs-2.3.2-mc1.21.1neoforge.jar
mcwroofs	mcwroofs:orange_terracotta_top_roof	mcw-roofs-2.3.2-mc1.21.1neoforge.jar
mcwroofs	mcwroofs:orange_terracotta_upper_lower_roof	mcw-roofs-2.3.2-mc1.21.1neoforge.jar
mcwroofs	mcwroofs:orange_terracotta_upper_steep_roof	mcw-roofs-2.3.2-mc1.21.1neoforge.jar
mcwroofs	mcwroofs:pink_concrete_attic_roof	mcw-roofs-2.3.2-mc1.21.1neoforge.jar
mcwroofs	mcwroofs:pink_concrete_lower_roof	mcw-roofs-2.3.2-mc1.21.1neoforge.jar
mcwroofs	mcwroofs:pink_concrete_roof	mcw-roofs-2.3.2-mc1.21.1neoforge.jar
mcwroofs	mcwroofs:pink_concrete_steep_roof	mcw-roofs-2.3.2-mc1.21.1neoforge.jar
mcwroofs	mcwroofs:pink_concrete_top_roof	mcw-roofs-2.3.2-mc1.21.1neoforge.jar
mcwroofs	mcwroofs:pink_concrete_upper_lower_roof	mcw-roofs-2.3.2-mc1.21.1neoforge.jar
mcwroofs	mcwroofs:pink_concrete_upper_steep_roof	mcw-roofs-2.3.2-mc1.21.1neoforge.jar
mcwroofs	mcwroofs:pink_striped_awning	mcw-roofs-2.3.2-mc1.21.1neoforge.jar
mcwroofs	mcwroofs:pink_terracotta_attic_roof	mcw-roofs-2.3.2-mc1.21.1neoforge.jar
mcwroofs	mcwroofs:pink_terracotta_lower_roof	mcw-roofs-2.3.2-mc1.21.1neoforge.jar
mcwroofs	mcwroofs:pink_terracotta_roof	mcw-roofs-2.3.2-mc1.21.1neoforge.jar
mcwroofs	mcwroofs:pink_terracotta_steep_roof	mcw-roofs-2.3.2-mc1.21.1neoforge.jar
mcwroofs	mcwroofs:pink_terracotta_top_roof	mcw-roofs-2.3.2-mc1.21.1neoforge.jar
mcwroofs	mcwroofs:pink_terracotta_upper_lower_roof	mcw-roofs-2.3.2-mc1.21.1neoforge.jar
mcwroofs	mcwroofs:pink_terracotta_upper_steep_roof	mcw-roofs-2.3.2-mc1.21.1neoforge.jar
mcwroofs	mcwroofs:prismarine_brick_attic_roof	mcw-roofs-2.3.2-mc1.21.1neoforge.jar
mcwroofs	mcwroofs:prismarine_brick_lower_roof	mcw-roofs-2.3.2-mc1.21.1neoforge.jar
mcwroofs	mcwroofs:prismarine_brick_roof	mcw-roofs-2.3.2-mc1.21.1neoforge.jar
mcwroofs	mcwroofs:prismarine_brick_steep_roof	mcw-roofs-2.3.2-mc1.21.1neoforge.jar
mcwroofs	mcwroofs:prismarine_brick_top_roof	mcw-roofs-2.3.2-mc1.21.1neoforge.jar
mcwroofs	mcwroofs:prismarine_brick_upper_lower_roof	mcw-roofs-2.3.2-mc1.21.1neoforge.jar
mcwroofs	mcwroofs:prismarine_brick_upper_steep_roof	mcw-roofs-2.3.2-mc1.21.1neoforge.jar
mcwroofs	mcwroofs:purple_concrete_attic_roof	mcw-roofs-2.3.2-mc1.21.1neoforge.jar
mcwroofs	mcwroofs:purple_concrete_lower_roof	mcw-roofs-2.3.2-mc1.21.1neoforge.jar
mcwroofs	mcwroofs:purple_concrete_roof	mcw-roofs-2.3.2-mc1.21.1neoforge.jar
mcwroofs	mcwroofs:purple_concrete_steep_roof	mcw-roofs-2.3.2-mc1.21.1neoforge.jar
mcwroofs	mcwroofs:purple_concrete_top_roof	mcw-roofs-2.3.2-mc1.21.1neoforge.jar
mcwroofs	mcwroofs:purple_concrete_upper_lower_roof	mcw-roofs-2.3.2-mc1.21.1neoforge.jar
mcwroofs	mcwroofs:purple_concrete_upper_steep_roof	mcw-roofs-2.3.2-mc1.21.1neoforge.jar
mcwroofs	mcwroofs:purple_striped_awning	mcw-roofs-2.3.2-mc1.21.1neoforge.jar
mcwroofs	mcwroofs:purple_terracotta_attic_roof	mcw-roofs-2.3.2-mc1.21.1neoforge.jar
mcwroofs	mcwroofs:purple_terracotta_lower_roof	mcw-roofs-2.3.2-mc1.21.1neoforge.jar
mcwroofs	mcwroofs:purple_terracotta_roof	mcw-roofs-2.3.2-mc1.21.1neoforge.jar
mcwroofs	mcwroofs:purple_terracotta_steep_roof	mcw-roofs-2.3.2-mc1.21.1neoforge.jar
mcwroofs	mcwroofs:purple_terracotta_top_roof	mcw-roofs-2.3.2-mc1.21.1neoforge.jar
mcwroofs	mcwroofs:purple_terracotta_upper_lower_roof	mcw-roofs-2.3.2-mc1.21.1neoforge.jar
mcwroofs	mcwroofs:purple_terracotta_upper_steep_roof	mcw-roofs-2.3.2-mc1.21.1neoforge.jar
mcwroofs	mcwroofs:rain_gutter	mcw-roofs-2.3.2-mc1.21.1neoforge.jar
mcwroofs	mcwroofs:red_concrete_attic_roof	mcw-roofs-2.3.2-mc1.21.1neoforge.jar
mcwroofs	mcwroofs:red_concrete_lower_roof	mcw-roofs-2.3.2-mc1.21.1neoforge.jar
mcwroofs	mcwroofs:red_concrete_roof	mcw-roofs-2.3.2-mc1.21.1neoforge.jar
mcwroofs	mcwroofs:red_concrete_steep_roof	mcw-roofs-2.3.2-mc1.21.1neoforge.jar
mcwroofs	mcwroofs:red_concrete_top_roof	mcw-roofs-2.3.2-mc1.21.1neoforge.jar
mcwroofs	mcwroofs:red_concrete_upper_lower_roof	mcw-roofs-2.3.2-mc1.21.1neoforge.jar
mcwroofs	mcwroofs:red_concrete_upper_steep_roof	mcw-roofs-2.3.2-mc1.21.1neoforge.jar
mcwroofs	mcwroofs:red_nether_bricks_attic_roof	mcw-roofs-2.3.2-mc1.21.1neoforge.jar
mcwroofs	mcwroofs:red_nether_bricks_lower_roof	mcw-roofs-2.3.2-mc1.21.1neoforge.jar
mcwroofs	mcwroofs:red_nether_bricks_roof	mcw-roofs-2.3.2-mc1.21.1neoforge.jar
mcwroofs	mcwroofs:red_nether_bricks_steep_roof	mcw-roofs-2.3.2-mc1.21.1neoforge.jar
mcwroofs	mcwroofs:red_nether_bricks_top_roof	mcw-roofs-2.3.2-mc1.21.1neoforge.jar
mcwroofs	mcwroofs:red_nether_bricks_upper_lower_roof	mcw-roofs-2.3.2-mc1.21.1neoforge.jar
mcwroofs	mcwroofs:red_nether_bricks_upper_steep_roof	mcw-roofs-2.3.2-mc1.21.1neoforge.jar
mcwroofs	mcwroofs:red_sandstone_attic_roof	mcw-roofs-2.3.2-mc1.21.1neoforge.jar
mcwroofs	mcwroofs:red_sandstone_lower_roof	mcw-roofs-2.3.2-mc1.21.1neoforge.jar
mcwroofs	mcwroofs:red_sandstone_roof	mcw-roofs-2.3.2-mc1.21.1neoforge.jar
mcwroofs	mcwroofs:red_sandstone_steep_roof	mcw-roofs-2.3.2-mc1.21.1neoforge.jar
mcwroofs	mcwroofs:red_sandstone_top_roof	mcw-roofs-2.3.2-mc1.21.1neoforge.jar
mcwroofs	mcwroofs:red_sandstone_upper_lower_roof	mcw-roofs-2.3.2-mc1.21.1neoforge.jar
mcwroofs	mcwroofs:red_sandstone_upper_steep_roof	mcw-roofs-2.3.2-mc1.21.1neoforge.jar
mcwroofs	mcwroofs:red_striped_awning	mcw-roofs-2.3.2-mc1.21.1neoforge.jar
mcwroofs	mcwroofs:red_terracotta_attic_roof	mcw-roofs-2.3.2-mc1.21.1neoforge.jar
mcwroofs	mcwroofs:red_terracotta_lower_roof	mcw-roofs-2.3.2-mc1.21.1neoforge.jar
mcwroofs	mcwroofs:red_terracotta_roof	mcw-roofs-2.3.2-mc1.21.1neoforge.jar
mcwroofs	mcwroofs:red_terracotta_steep_roof	mcw-roofs-2.3.2-mc1.21.1neoforge.jar
mcwroofs	mcwroofs:red_terracotta_top_roof	mcw-roofs-2.3.2-mc1.21.1neoforge.jar
mcwroofs	mcwroofs:red_terracotta_upper_lower_roof	mcw-roofs-2.3.2-mc1.21.1neoforge.jar
mcwroofs	mcwroofs:red_terracotta_upper_steep_roof	mcw-roofs-2.3.2-mc1.21.1neoforge.jar
mcwroofs	mcwroofs:roofing_hammer	mcw-roofs-2.3.2-mc1.21.1neoforge.jar
mcwroofs	mcwroofs:sandstone_attic_roof	mcw-roofs-2.3.2-mc1.21.1neoforge.jar
mcwroofs	mcwroofs:sandstone_lower_roof	mcw-roofs-2.3.2-mc1.21.1neoforge.jar
mcwroofs	mcwroofs:sandstone_roof	mcw-roofs-2.3.2-mc1.21.1neoforge.jar
mcwroofs	mcwroofs:sandstone_steep_roof	mcw-roofs-2.3.2-mc1.21.1neoforge.jar
mcwroofs	mcwroofs:sandstone_top_roof	mcw-roofs-2.3.2-mc1.21.1neoforge.jar
mcwroofs	mcwroofs:sandstone_upper_lower_roof	mcw-roofs-2.3.2-mc1.21.1neoforge.jar
mcwroofs	mcwroofs:sandstone_upper_steep_roof	mcw-roofs-2.3.2-mc1.21.1neoforge.jar
mcwroofs	mcwroofs:spruce_attic_roof	mcw-roofs-2.3.2-mc1.21.1neoforge.jar
mcwroofs	mcwroofs:spruce_lower_roof	mcw-roofs-2.3.2-mc1.21.1neoforge.jar
mcwroofs	mcwroofs:spruce_planks_attic_roof	mcw-roofs-2.3.2-mc1.21.1neoforge.jar
mcwroofs	mcwroofs:spruce_planks_lower_roof	mcw-roofs-2.3.2-mc1.21.1neoforge.jar
mcwroofs	mcwroofs:spruce_planks_roof	mcw-roofs-2.3.2-mc1.21.1neoforge.jar
mcwroofs	mcwroofs:spruce_planks_steep_roof	mcw-roofs-2.3.2-mc1.21.1neoforge.jar
mcwroofs	mcwroofs:spruce_planks_top_roof	mcw-roofs-2.3.2-mc1.21.1neoforge.jar
mcwroofs	mcwroofs:spruce_planks_upper_lower_roof	mcw-roofs-2.3.2-mc1.21.1neoforge.jar
mcwroofs	mcwroofs:spruce_planks_upper_steep_roof	mcw-roofs-2.3.2-mc1.21.1neoforge.jar
mcwroofs	mcwroofs:spruce_roof	mcw-roofs-2.3.2-mc1.21.1neoforge.jar
mcwroofs	mcwroofs:spruce_steep_roof	mcw-roofs-2.3.2-mc1.21.1neoforge.jar
mcwroofs	mcwroofs:spruce_top_roof	mcw-roofs-2.3.2-mc1.21.1neoforge.jar
mcwroofs	mcwroofs:spruce_upper_lower_roof	mcw-roofs-2.3.2-mc1.21.1neoforge.jar
mcwroofs	mcwroofs:spruce_upper_steep_roof	mcw-roofs-2.3.2-mc1.21.1neoforge.jar
mcwroofs	mcwroofs:stone_attic_roof	mcw-roofs-2.3.2-mc1.21.1neoforge.jar
mcwroofs	mcwroofs:stone_bricks_attic_roof	mcw-roofs-2.3.2-mc1.21.1neoforge.jar
mcwroofs	mcwroofs:stone_bricks_lower_roof	mcw-roofs-2.3.2-mc1.21.1neoforge.jar
mcwroofs	mcwroofs:stone_bricks_roof	mcw-roofs-2.3.2-mc1.21.1neoforge.jar
mcwroofs	mcwroofs:stone_bricks_steep_roof	mcw-roofs-2.3.2-mc1.21.1neoforge.jar
mcwroofs	mcwroofs:stone_bricks_top_roof	mcw-roofs-2.3.2-mc1.21.1neoforge.jar
mcwroofs	mcwroofs:stone_bricks_upper_lower_roof	mcw-roofs-2.3.2-mc1.21.1neoforge.jar
mcwroofs	mcwroofs:stone_bricks_upper_steep_roof	mcw-roofs-2.3.2-mc1.21.1neoforge.jar
mcwroofs	mcwroofs:stone_lower_roof	mcw-roofs-2.3.2-mc1.21.1neoforge.jar
mcwroofs	mcwroofs:stone_roof	mcw-roofs-2.3.2-mc1.21.1neoforge.jar
mcwroofs	mcwroofs:stone_steep_roof	mcw-roofs-2.3.2-mc1.21.1neoforge.jar
mcwroofs	mcwroofs:stone_top_roof	mcw-roofs-2.3.2-mc1.21.1neoforge.jar
mcwroofs	mcwroofs:stone_upper_lower_roof	mcw-roofs-2.3.2-mc1.21.1neoforge.jar
mcwroofs	mcwroofs:stone_upper_steep_roof	mcw-roofs-2.3.2-mc1.21.1neoforge.jar
mcwroofs	mcwroofs:thatch_attic_roof	mcw-roofs-2.3.2-mc1.21.1neoforge.jar
mcwroofs	mcwroofs:thatch_lower_roof	mcw-roofs-2.3.2-mc1.21.1neoforge.jar
mcwroofs	mcwroofs:thatch_roof	mcw-roofs-2.3.2-mc1.21.1neoforge.jar
mcwroofs	mcwroofs:thatch_steep_roof	mcw-roofs-2.3.2-mc1.21.1neoforge.jar
mcwroofs	mcwroofs:thatch_top_roof	mcw-roofs-2.3.2-mc1.21.1neoforge.jar
mcwroofs	mcwroofs:thatch_upper_lower_roof	mcw-roofs-2.3.2-mc1.21.1neoforge.jar
mcwroofs	mcwroofs:thatch_upper_steep_roof	mcw-roofs-2.3.2-mc1.21.1neoforge.jar
mcwroofs	mcwroofs:warped_attic_roof	mcw-roofs-2.3.2-mc1.21.1neoforge.jar
mcwroofs	mcwroofs:warped_lower_roof	mcw-roofs-2.3.2-mc1.21.1neoforge.jar
mcwroofs	mcwroofs:warped_planks_attic_roof	mcw-roofs-2.3.2-mc1.21.1neoforge.jar
mcwroofs	mcwroofs:warped_planks_lower_roof	mcw-roofs-2.3.2-mc1.21.1neoforge.jar
mcwroofs	mcwroofs:warped_planks_roof	mcw-roofs-2.3.2-mc1.21.1neoforge.jar
mcwroofs	mcwroofs:warped_planks_steep_roof	mcw-roofs-2.3.2-mc1.21.1neoforge.jar
mcwroofs	mcwroofs:warped_planks_top_roof	mcw-roofs-2.3.2-mc1.21.1neoforge.jar
mcwroofs	mcwroofs:warped_planks_upper_lower_roof	mcw-roofs-2.3.2-mc1.21.1neoforge.jar
mcwroofs	mcwroofs:warped_planks_upper_steep_roof	mcw-roofs-2.3.2-mc1.21.1neoforge.jar
mcwroofs	mcwroofs:warped_roof	mcw-roofs-2.3.2-mc1.21.1neoforge.jar
mcwroofs	mcwroofs:warped_steep_roof	mcw-roofs-2.3.2-mc1.21.1neoforge.jar
mcwroofs	mcwroofs:warped_top_roof	mcw-roofs-2.3.2-mc1.21.1neoforge.jar
mcwroofs	mcwroofs:warped_upper_lower_roof	mcw-roofs-2.3.2-mc1.21.1neoforge.jar
mcwroofs	mcwroofs:warped_upper_steep_roof	mcw-roofs-2.3.2-mc1.21.1neoforge.jar
mcwroofs	mcwroofs:white_attic_roof	mcw-roofs-2.3.2-mc1.21.1neoforge.jar
mcwroofs	mcwroofs:white_concrete_attic_roof	mcw-roofs-2.3.2-mc1.21.1neoforge.jar
mcwroofs	mcwroofs:white_concrete_lower_roof	mcw-roofs-2.3.2-mc1.21.1neoforge.jar
mcwroofs	mcwroofs:white_concrete_roof	mcw-roofs-2.3.2-mc1.21.1neoforge.jar
mcwroofs	mcwroofs:white_concrete_steep_roof	mcw-roofs-2.3.2-mc1.21.1neoforge.jar
mcwroofs	mcwroofs:white_concrete_top_roof	mcw-roofs-2.3.2-mc1.21.1neoforge.jar
mcwroofs	mcwroofs:white_concrete_upper_lower_roof	mcw-roofs-2.3.2-mc1.21.1neoforge.jar
mcwroofs	mcwroofs:white_concrete_upper_steep_roof	mcw-roofs-2.3.2-mc1.21.1neoforge.jar
mcwroofs	mcwroofs:white_lower_roof	mcw-roofs-2.3.2-mc1.21.1neoforge.jar
mcwroofs	mcwroofs:white_roof	mcw-roofs-2.3.2-mc1.21.1neoforge.jar
mcwroofs	mcwroofs:white_roof_block	mcw-roofs-2.3.2-mc1.21.1neoforge.jar
mcwroofs	mcwroofs:white_roof_slab	mcw-roofs-2.3.2-mc1.21.1neoforge.jar
mcwroofs	mcwroofs:white_steep_roof	mcw-roofs-2.3.2-mc1.21.1neoforge.jar
mcwroofs	mcwroofs:white_terracotta_attic_roof	mcw-roofs-2.3.2-mc1.21.1neoforge.jar
mcwroofs	mcwroofs:white_terracotta_lower_roof	mcw-roofs-2.3.2-mc1.21.1neoforge.jar
mcwroofs	mcwroofs:white_terracotta_roof	mcw-roofs-2.3.2-mc1.21.1neoforge.jar
mcwroofs	mcwroofs:white_terracotta_steep_roof	mcw-roofs-2.3.2-mc1.21.1neoforge.jar
mcwroofs	mcwroofs:white_terracotta_top_roof	mcw-roofs-2.3.2-mc1.21.1neoforge.jar
mcwroofs	mcwroofs:white_terracotta_upper_lower_roof	mcw-roofs-2.3.2-mc1.21.1neoforge.jar
mcwroofs	mcwroofs:white_terracotta_upper_steep_roof	mcw-roofs-2.3.2-mc1.21.1neoforge.jar
mcwroofs	mcwroofs:white_top_roof	mcw-roofs-2.3.2-mc1.21.1neoforge.jar
mcwroofs	mcwroofs:white_upper_lower_roof	mcw-roofs-2.3.2-mc1.21.1neoforge.jar
mcwroofs	mcwroofs:white_upper_steep_roof	mcw-roofs-2.3.2-mc1.21.1neoforge.jar
mcwroofs	mcwroofs:yellow_concrete_attic_roof	mcw-roofs-2.3.2-mc1.21.1neoforge.jar
mcwroofs	mcwroofs:yellow_concrete_lower_roof	mcw-roofs-2.3.2-mc1.21.1neoforge.jar
mcwroofs	mcwroofs:yellow_concrete_roof	mcw-roofs-2.3.2-mc1.21.1neoforge.jar
mcwroofs	mcwroofs:yellow_concrete_steep_roof	mcw-roofs-2.3.2-mc1.21.1neoforge.jar
mcwroofs	mcwroofs:yellow_concrete_top_roof	mcw-roofs-2.3.2-mc1.21.1neoforge.jar
mcwroofs	mcwroofs:yellow_concrete_upper_lower_roof	mcw-roofs-2.3.2-mc1.21.1neoforge.jar
mcwroofs	mcwroofs:yellow_concrete_upper_steep_roof	mcw-roofs-2.3.2-mc1.21.1neoforge.jar
mcwroofs	mcwroofs:yellow_striped_awning	mcw-roofs-2.3.2-mc1.21.1neoforge.jar
mcwroofs	mcwroofs:yellow_terracotta_attic_roof	mcw-roofs-2.3.2-mc1.21.1neoforge.jar
mcwroofs	mcwroofs:yellow_terracotta_lower_roof	mcw-roofs-2.3.2-mc1.21.1neoforge.jar
mcwroofs	mcwroofs:yellow_terracotta_roof	mcw-roofs-2.3.2-mc1.21.1neoforge.jar
mcwroofs	mcwroofs:yellow_terracotta_steep_roof	mcw-roofs-2.3.2-mc1.21.1neoforge.jar
mcwroofs	mcwroofs:yellow_terracotta_top_roof	mcw-roofs-2.3.2-mc1.21.1neoforge.jar
mcwroofs	mcwroofs:yellow_terracotta_upper_lower_roof	mcw-roofs-2.3.2-mc1.21.1neoforge.jar
mcwroofs	mcwroofs:yellow_terracotta_upper_steep_roof	mcw-roofs-2.3.2-mc1.21.1neoforge.jar
mcwtrpdoors	mcwtrpdoors:acacia_bamboo_trapdoor	mcw-trapdoors-1.1.5-mc1.21.1neoforge.jar
mcwtrpdoors	mcwtrpdoors:acacia_bark_trapdoor	mcw-trapdoors-1.1.5-mc1.21.1neoforge.jar
mcwtrpdoors	mcwtrpdoors:acacia_barn_trapdoor	mcw-trapdoors-1.1.5-mc1.21.1neoforge.jar
mcwtrpdoors	mcwtrpdoors:acacia_barred_trapdoor	mcw-trapdoors-1.1.5-mc1.21.1neoforge.jar
mcwtrpdoors	mcwtrpdoors:acacia_barrel_trapdoor	mcw-trapdoors-1.1.5-mc1.21.1neoforge.jar
mcwtrpdoors	mcwtrpdoors:acacia_beach_trapdoor	mcw-trapdoors-1.1.5-mc1.21.1neoforge.jar
mcwtrpdoors	mcwtrpdoors:acacia_blossom_trapdoor	mcw-trapdoors-1.1.5-mc1.21.1neoforge.jar
mcwtrpdoors	mcwtrpdoors:acacia_classic_trapdoor	mcw-trapdoors-1.1.5-mc1.21.1neoforge.jar
mcwtrpdoors	mcwtrpdoors:acacia_cottage_trapdoor	mcw-trapdoors-1.1.5-mc1.21.1neoforge.jar
mcwtrpdoors	mcwtrpdoors:acacia_four_panel_trapdoor	mcw-trapdoors-1.1.5-mc1.21.1neoforge.jar
mcwtrpdoors	mcwtrpdoors:acacia_glass_trapdoor	mcw-trapdoors-1.1.5-mc1.21.1neoforge.jar
mcwtrpdoors	mcwtrpdoors:acacia_mystic_trapdoor	mcw-trapdoors-1.1.5-mc1.21.1neoforge.jar
mcwtrpdoors	mcwtrpdoors:acacia_paper_trapdoor	mcw-trapdoors-1.1.5-mc1.21.1neoforge.jar
mcwtrpdoors	mcwtrpdoors:acacia_ranch_trapdoor	mcw-trapdoors-1.1.5-mc1.21.1neoforge.jar
mcwtrpdoors	mcwtrpdoors:acacia_swamp_trapdoor	mcw-trapdoors-1.1.5-mc1.21.1neoforge.jar
mcwtrpdoors	mcwtrpdoors:acacia_whispering_trapdoor	mcw-trapdoors-1.1.5-mc1.21.1neoforge.jar
mcwtrpdoors	mcwtrpdoors:bamboo_bark_trapdoor	mcw-trapdoors-1.1.5-mc1.21.1neoforge.jar
mcwtrpdoors	mcwtrpdoors:bamboo_barn_trapdoor	mcw-trapdoors-1.1.5-mc1.21.1neoforge.jar
mcwtrpdoors	mcwtrpdoors:bamboo_barred_trapdoor	mcw-trapdoors-1.1.5-mc1.21.1neoforge.jar
mcwtrpdoors	mcwtrpdoors:bamboo_barrel_trapdoor	mcw-trapdoors-1.1.5-mc1.21.1neoforge.jar
mcwtrpdoors	mcwtrpdoors:bamboo_beach_trapdoor	mcw-trapdoors-1.1.5-mc1.21.1neoforge.jar
mcwtrpdoors	mcwtrpdoors:bamboo_blossom_trapdoor	mcw-trapdoors-1.1.5-mc1.21.1neoforge.jar
mcwtrpdoors	mcwtrpdoors:bamboo_classic_trapdoor	mcw-trapdoors-1.1.5-mc1.21.1neoforge.jar
mcwtrpdoors	mcwtrpdoors:bamboo_cottage_trapdoor	mcw-trapdoors-1.1.5-mc1.21.1neoforge.jar
mcwtrpdoors	mcwtrpdoors:bamboo_four_panel_trapdoor	mcw-trapdoors-1.1.5-mc1.21.1neoforge.jar
mcwtrpdoors	mcwtrpdoors:bamboo_glass_trapdoor	mcw-trapdoors-1.1.5-mc1.21.1neoforge.jar
mcwtrpdoors	mcwtrpdoors:bamboo_mystic_trapdoor	mcw-trapdoors-1.1.5-mc1.21.1neoforge.jar
mcwtrpdoors	mcwtrpdoors:bamboo_paper_trapdoor	mcw-trapdoors-1.1.5-mc1.21.1neoforge.jar
mcwtrpdoors	mcwtrpdoors:bamboo_swamp_trapdoor	mcw-trapdoors-1.1.5-mc1.21.1neoforge.jar
mcwtrpdoors	mcwtrpdoors:bamboo_trapdoor	mcw-trapdoors-1.1.5-mc1.21.1neoforge.jar
mcwtrpdoors	mcwtrpdoors:bamboo_tropical_trapdoor	mcw-trapdoors-1.1.5-mc1.21.1neoforge.jar
mcwtrpdoors	mcwtrpdoors:bamboo_whispering_trapdoor	mcw-trapdoors-1.1.5-mc1.21.1neoforge.jar
mcwtrpdoors	mcwtrpdoors:birch_bamboo_trapdoor	mcw-trapdoors-1.1.5-mc1.21.1neoforge.jar
mcwtrpdoors	mcwtrpdoors:birch_bark_trapdoor	mcw-trapdoors-1.1.5-mc1.21.1neoforge.jar
mcwtrpdoors	mcwtrpdoors:birch_barn_trapdoor	mcw-trapdoors-1.1.5-mc1.21.1neoforge.jar
mcwtrpdoors	mcwtrpdoors:birch_barred_trapdoor	mcw-trapdoors-1.1.5-mc1.21.1neoforge.jar
mcwtrpdoors	mcwtrpdoors:birch_barrel_trapdoor	mcw-trapdoors-1.1.5-mc1.21.1neoforge.jar
mcwtrpdoors	mcwtrpdoors:birch_beach_trapdoor	mcw-trapdoors-1.1.5-mc1.21.1neoforge.jar
mcwtrpdoors	mcwtrpdoors:birch_blossom_trapdoor	mcw-trapdoors-1.1.5-mc1.21.1neoforge.jar
mcwtrpdoors	mcwtrpdoors:birch_classic_trapdoor	mcw-trapdoors-1.1.5-mc1.21.1neoforge.jar
mcwtrpdoors	mcwtrpdoors:birch_cottage_trapdoor	mcw-trapdoors-1.1.5-mc1.21.1neoforge.jar
mcwtrpdoors	mcwtrpdoors:birch_four_panel_trapdoor	mcw-trapdoors-1.1.5-mc1.21.1neoforge.jar
mcwtrpdoors	mcwtrpdoors:birch_glass_trapdoor	mcw-trapdoors-1.1.5-mc1.21.1neoforge.jar
mcwtrpdoors	mcwtrpdoors:birch_mystic_trapdoor	mcw-trapdoors-1.1.5-mc1.21.1neoforge.jar
mcwtrpdoors	mcwtrpdoors:birch_ranch_trapdoor	mcw-trapdoors-1.1.5-mc1.21.1neoforge.jar
mcwtrpdoors	mcwtrpdoors:birch_swamp_trapdoor	mcw-trapdoors-1.1.5-mc1.21.1neoforge.jar
mcwtrpdoors	mcwtrpdoors:birch_tropical_trapdoor	mcw-trapdoors-1.1.5-mc1.21.1neoforge.jar
mcwtrpdoors	mcwtrpdoors:birch_whispering_trapdoor	mcw-trapdoors-1.1.5-mc1.21.1neoforge.jar
mcwtrpdoors	mcwtrpdoors:cherry_bamboo_trapdoor	mcw-trapdoors-1.1.5-mc1.21.1neoforge.jar
mcwtrpdoors	mcwtrpdoors:cherry_bark_trapdoor	mcw-trapdoors-1.1.5-mc1.21.1neoforge.jar
mcwtrpdoors	mcwtrpdoors:cherry_barn_trapdoor	mcw-trapdoors-1.1.5-mc1.21.1neoforge.jar
mcwtrpdoors	mcwtrpdoors:cherry_barred_trapdoor	mcw-trapdoors-1.1.5-mc1.21.1neoforge.jar
mcwtrpdoors	mcwtrpdoors:cherry_barrel_trapdoor	mcw-trapdoors-1.1.5-mc1.21.1neoforge.jar
mcwtrpdoors	mcwtrpdoors:cherry_beach_trapdoor	mcw-trapdoors-1.1.5-mc1.21.1neoforge.jar
mcwtrpdoors	mcwtrpdoors:cherry_classic_trapdoor	mcw-trapdoors-1.1.5-mc1.21.1neoforge.jar
mcwtrpdoors	mcwtrpdoors:cherry_cottage_trapdoor	mcw-trapdoors-1.1.5-mc1.21.1neoforge.jar
mcwtrpdoors	mcwtrpdoors:cherry_four_panel_trapdoor	mcw-trapdoors-1.1.5-mc1.21.1neoforge.jar
mcwtrpdoors	mcwtrpdoors:cherry_glass_trapdoor	mcw-trapdoors-1.1.5-mc1.21.1neoforge.jar
mcwtrpdoors	mcwtrpdoors:cherry_mystic_trapdoor	mcw-trapdoors-1.1.5-mc1.21.1neoforge.jar
mcwtrpdoors	mcwtrpdoors:cherry_paper_trapdoor	mcw-trapdoors-1.1.5-mc1.21.1neoforge.jar
mcwtrpdoors	mcwtrpdoors:cherry_ranch_trapdoor	mcw-trapdoors-1.1.5-mc1.21.1neoforge.jar
mcwtrpdoors	mcwtrpdoors:cherry_swamp_trapdoor	mcw-trapdoors-1.1.5-mc1.21.1neoforge.jar
mcwtrpdoors	mcwtrpdoors:cherry_tropical_trapdoor	mcw-trapdoors-1.1.5-mc1.21.1neoforge.jar
mcwtrpdoors	mcwtrpdoors:cherry_whispering_trapdoor	mcw-trapdoors-1.1.5-mc1.21.1neoforge.jar
mcwtrpdoors	mcwtrpdoors:crimson_bamboo_trapdoor	mcw-trapdoors-1.1.5-mc1.21.1neoforge.jar
mcwtrpdoors	mcwtrpdoors:crimson_bark_trapdoor	mcw-trapdoors-1.1.5-mc1.21.1neoforge.jar
mcwtrpdoors	mcwtrpdoors:crimson_barn_trapdoor	mcw-trapdoors-1.1.5-mc1.21.1neoforge.jar
mcwtrpdoors	mcwtrpdoors:crimson_barrel_trapdoor	mcw-trapdoors-1.1.5-mc1.21.1neoforge.jar
mcwtrpdoors	mcwtrpdoors:crimson_beach_trapdoor	mcw-trapdoors-1.1.5-mc1.21.1neoforge.jar
mcwtrpdoors	mcwtrpdoors:crimson_blossom_trapdoor	mcw-trapdoors-1.1.5-mc1.21.1neoforge.jar
mcwtrpdoors	mcwtrpdoors:crimson_classic_trapdoor	mcw-trapdoors-1.1.5-mc1.21.1neoforge.jar
mcwtrpdoors	mcwtrpdoors:crimson_cottage_trapdoor	mcw-trapdoors-1.1.5-mc1.21.1neoforge.jar
mcwtrpdoors	mcwtrpdoors:crimson_four_panel_trapdoor	mcw-trapdoors-1.1.5-mc1.21.1neoforge.jar
mcwtrpdoors	mcwtrpdoors:crimson_glass_trapdoor	mcw-trapdoors-1.1.5-mc1.21.1neoforge.jar
mcwtrpdoors	mcwtrpdoors:crimson_mystic_trapdoor	mcw-trapdoors-1.1.5-mc1.21.1neoforge.jar
mcwtrpdoors	mcwtrpdoors:crimson_paper_trapdoor	mcw-trapdoors-1.1.5-mc1.21.1neoforge.jar
mcwtrpdoors	mcwtrpdoors:crimson_ranch_trapdoor	mcw-trapdoors-1.1.5-mc1.21.1neoforge.jar
mcwtrpdoors	mcwtrpdoors:crimson_swamp_trapdoor	mcw-trapdoors-1.1.5-mc1.21.1neoforge.jar
mcwtrpdoors	mcwtrpdoors:crimson_tropical_trapdoor	mcw-trapdoors-1.1.5-mc1.21.1neoforge.jar
mcwtrpdoors	mcwtrpdoors:crimson_whispering_trapdoor	mcw-trapdoors-1.1.5-mc1.21.1neoforge.jar
mcwtrpdoors	mcwtrpdoors:dark_oak_bamboo_trapdoor	mcw-trapdoors-1.1.5-mc1.21.1neoforge.jar
mcwtrpdoors	mcwtrpdoors:dark_oak_bark_trapdoor	mcw-trapdoors-1.1.5-mc1.21.1neoforge.jar
mcwtrpdoors	mcwtrpdoors:dark_oak_barn_trapdoor	mcw-trapdoors-1.1.5-mc1.21.1neoforge.jar
mcwtrpdoors	mcwtrpdoors:dark_oak_barred_trapdoor	mcw-trapdoors-1.1.5-mc1.21.1neoforge.jar
mcwtrpdoors	mcwtrpdoors:dark_oak_barrel_trapdoor	mcw-trapdoors-1.1.5-mc1.21.1neoforge.jar
mcwtrpdoors	mcwtrpdoors:dark_oak_beach_trapdoor	mcw-trapdoors-1.1.5-mc1.21.1neoforge.jar
mcwtrpdoors	mcwtrpdoors:dark_oak_blossom_trapdoor	mcw-trapdoors-1.1.5-mc1.21.1neoforge.jar
mcwtrpdoors	mcwtrpdoors:dark_oak_classic_trapdoor	mcw-trapdoors-1.1.5-mc1.21.1neoforge.jar
mcwtrpdoors	mcwtrpdoors:dark_oak_cottage_trapdoor	mcw-trapdoors-1.1.5-mc1.21.1neoforge.jar
mcwtrpdoors	mcwtrpdoors:dark_oak_glass_trapdoor	mcw-trapdoors-1.1.5-mc1.21.1neoforge.jar
mcwtrpdoors	mcwtrpdoors:dark_oak_mystic_trapdoor	mcw-trapdoors-1.1.5-mc1.21.1neoforge.jar
mcwtrpdoors	mcwtrpdoors:dark_oak_paper_trapdoor	mcw-trapdoors-1.1.5-mc1.21.1neoforge.jar
mcwtrpdoors	mcwtrpdoors:dark_oak_ranch_trapdoor	mcw-trapdoors-1.1.5-mc1.21.1neoforge.jar
mcwtrpdoors	mcwtrpdoors:dark_oak_swamp_trapdoor	mcw-trapdoors-1.1.5-mc1.21.1neoforge.jar
mcwtrpdoors	mcwtrpdoors:dark_oak_tropical_trapdoor	mcw-trapdoors-1.1.5-mc1.21.1neoforge.jar
mcwtrpdoors	mcwtrpdoors:dark_oak_whispering_trapdoor	mcw-trapdoors-1.1.5-mc1.21.1neoforge.jar
mcwtrpdoors	mcwtrpdoors:jungle_bamboo_trapdoor	mcw-trapdoors-1.1.5-mc1.21.1neoforge.jar
mcwtrpdoors	mcwtrpdoors:jungle_bark_trapdoor	mcw-trapdoors-1.1.5-mc1.21.1neoforge.jar
mcwtrpdoors	mcwtrpdoors:jungle_barn_trapdoor	mcw-trapdoors-1.1.5-mc1.21.1neoforge.jar
mcwtrpdoors	mcwtrpdoors:jungle_barred_trapdoor	mcw-trapdoors-1.1.5-mc1.21.1neoforge.jar
mcwtrpdoors	mcwtrpdoors:jungle_barrel_trapdoor	mcw-trapdoors-1.1.5-mc1.21.1neoforge.jar
mcwtrpdoors	mcwtrpdoors:jungle_blossom_trapdoor	mcw-trapdoors-1.1.5-mc1.21.1neoforge.jar
mcwtrpdoors	mcwtrpdoors:jungle_classic_trapdoor	mcw-trapdoors-1.1.5-mc1.21.1neoforge.jar
mcwtrpdoors	mcwtrpdoors:jungle_cottage_trapdoor	mcw-trapdoors-1.1.5-mc1.21.1neoforge.jar
mcwtrpdoors	mcwtrpdoors:jungle_four_panel_trapdoor	mcw-trapdoors-1.1.5-mc1.21.1neoforge.jar
mcwtrpdoors	mcwtrpdoors:jungle_glass_trapdoor	mcw-trapdoors-1.1.5-mc1.21.1neoforge.jar
mcwtrpdoors	mcwtrpdoors:jungle_mystic_trapdoor	mcw-trapdoors-1.1.5-mc1.21.1neoforge.jar
mcwtrpdoors	mcwtrpdoors:jungle_paper_trapdoor	mcw-trapdoors-1.1.5-mc1.21.1neoforge.jar
mcwtrpdoors	mcwtrpdoors:jungle_ranch_trapdoor	mcw-trapdoors-1.1.5-mc1.21.1neoforge.jar
mcwtrpdoors	mcwtrpdoors:jungle_swamp_trapdoor	mcw-trapdoors-1.1.5-mc1.21.1neoforge.jar
mcwtrpdoors	mcwtrpdoors:jungle_tropical_trapdoor	mcw-trapdoors-1.1.5-mc1.21.1neoforge.jar
mcwtrpdoors	mcwtrpdoors:jungle_whispering_trapdoor	mcw-trapdoors-1.1.5-mc1.21.1neoforge.jar
mcwtrpdoors	mcwtrpdoors:mangrove_bamboo_trapdoor	mcw-trapdoors-1.1.5-mc1.21.1neoforge.jar
mcwtrpdoors	mcwtrpdoors:mangrove_bark_trapdoor	mcw-trapdoors-1.1.5-mc1.21.1neoforge.jar
mcwtrpdoors	mcwtrpdoors:mangrove_barn_trapdoor	mcw-trapdoors-1.1.5-mc1.21.1neoforge.jar
mcwtrpdoors	mcwtrpdoors:mangrove_barred_trapdoor	mcw-trapdoors-1.1.5-mc1.21.1neoforge.jar
mcwtrpdoors	mcwtrpdoors:mangrove_barrel_trapdoor	mcw-trapdoors-1.1.5-mc1.21.1neoforge.jar
mcwtrpdoors	mcwtrpdoors:mangrove_beach_trapdoor	mcw-trapdoors-1.1.5-mc1.21.1neoforge.jar
mcwtrpdoors	mcwtrpdoors:mangrove_blossom_trapdoor	mcw-trapdoors-1.1.5-mc1.21.1neoforge.jar
mcwtrpdoors	mcwtrpdoors:mangrove_classic_trapdoor	mcw-trapdoors-1.1.5-mc1.21.1neoforge.jar
mcwtrpdoors	mcwtrpdoors:mangrove_cottage_trapdoor	mcw-trapdoors-1.1.5-mc1.21.1neoforge.jar
mcwtrpdoors	mcwtrpdoors:mangrove_four_panel_trapdoor	mcw-trapdoors-1.1.5-mc1.21.1neoforge.jar
mcwtrpdoors	mcwtrpdoors:mangrove_glass_trapdoor	mcw-trapdoors-1.1.5-mc1.21.1neoforge.jar
mcwtrpdoors	mcwtrpdoors:mangrove_mystic_trapdoor	mcw-trapdoors-1.1.5-mc1.21.1neoforge.jar
mcwtrpdoors	mcwtrpdoors:mangrove_paper_trapdoor	mcw-trapdoors-1.1.5-mc1.21.1neoforge.jar
mcwtrpdoors	mcwtrpdoors:mangrove_ranch_trapdoor	mcw-trapdoors-1.1.5-mc1.21.1neoforge.jar
mcwtrpdoors	mcwtrpdoors:mangrove_tropical_trapdoor	mcw-trapdoors-1.1.5-mc1.21.1neoforge.jar
mcwtrpdoors	mcwtrpdoors:mangrove_whispering_trapdoor	mcw-trapdoors-1.1.5-mc1.21.1neoforge.jar
mcwtrpdoors	mcwtrpdoors:metal_full_trapdoor	mcw-trapdoors-1.1.5-mc1.21.1neoforge.jar
mcwtrpdoors	mcwtrpdoors:metal_trapdoor	mcw-trapdoors-1.1.5-mc1.21.1neoforge.jar
mcwtrpdoors	mcwtrpdoors:metal_warning_trapdoor	mcw-trapdoors-1.1.5-mc1.21.1neoforge.jar
mcwtrpdoors	mcwtrpdoors:oak_bamboo_trapdoor	mcw-trapdoors-1.1.5-mc1.21.1neoforge.jar
mcwtrpdoors	mcwtrpdoors:oak_bark_trapdoor	mcw-trapdoors-1.1.5-mc1.21.1neoforge.jar
mcwtrpdoors	mcwtrpdoors:oak_barn_trapdoor	mcw-trapdoors-1.1.5-mc1.21.1neoforge.jar
mcwtrpdoors	mcwtrpdoors:oak_barred_trapdoor	mcw-trapdoors-1.1.5-mc1.21.1neoforge.jar
mcwtrpdoors	mcwtrpdoors:oak_barrel_trapdoor	mcw-trapdoors-1.1.5-mc1.21.1neoforge.jar
mcwtrpdoors	mcwtrpdoors:oak_beach_trapdoor	mcw-trapdoors-1.1.5-mc1.21.1neoforge.jar
mcwtrpdoors	mcwtrpdoors:oak_blossom_trapdoor	mcw-trapdoors-1.1.5-mc1.21.1neoforge.jar
mcwtrpdoors	mcwtrpdoors:oak_cottage_trapdoor	mcw-trapdoors-1.1.5-mc1.21.1neoforge.jar
mcwtrpdoors	mcwtrpdoors:oak_four_panel_trapdoor	mcw-trapdoors-1.1.5-mc1.21.1neoforge.jar
mcwtrpdoors	mcwtrpdoors:oak_glass_trapdoor	mcw-trapdoors-1.1.5-mc1.21.1neoforge.jar
mcwtrpdoors	mcwtrpdoors:oak_mystic_trapdoor	mcw-trapdoors-1.1.5-mc1.21.1neoforge.jar
mcwtrpdoors	mcwtrpdoors:oak_paper_trapdoor	mcw-trapdoors-1.1.5-mc1.21.1neoforge.jar
mcwtrpdoors	mcwtrpdoors:oak_ranch_trapdoor	mcw-trapdoors-1.1.5-mc1.21.1neoforge.jar
mcwtrpdoors	mcwtrpdoors:oak_swamp_trapdoor	mcw-trapdoors-1.1.5-mc1.21.1neoforge.jar
mcwtrpdoors	mcwtrpdoors:oak_tropical_trapdoor	mcw-trapdoors-1.1.5-mc1.21.1neoforge.jar
mcwtrpdoors	mcwtrpdoors:oak_whispering_trapdoor	mcw-trapdoors-1.1.5-mc1.21.1neoforge.jar
mcwtrpdoors	mcwtrpdoors:print_bamboo	mcw-trapdoors-1.1.5-mc1.21.1neoforge.jar
mcwtrpdoors	mcwtrpdoors:print_barred	mcw-trapdoors-1.1.5-mc1.21.1neoforge.jar
mcwtrpdoors	mcwtrpdoors:print_beach	mcw-trapdoors-1.1.5-mc1.21.1neoforge.jar
mcwtrpdoors	mcwtrpdoors:print_blossom	mcw-trapdoors-1.1.5-mc1.21.1neoforge.jar
mcwtrpdoors	mcwtrpdoors:print_classic	mcw-trapdoors-1.1.5-mc1.21.1neoforge.jar
mcwtrpdoors	mcwtrpdoors:print_cottage	mcw-trapdoors-1.1.5-mc1.21.1neoforge.jar
mcwtrpdoors	mcwtrpdoors:print_four_panel	mcw-trapdoors-1.1.5-mc1.21.1neoforge.jar
mcwtrpdoors	mcwtrpdoors:print_mystic	mcw-trapdoors-1.1.5-mc1.21.1neoforge.jar
mcwtrpdoors	mcwtrpdoors:print_paper	mcw-trapdoors-1.1.5-mc1.21.1neoforge.jar
mcwtrpdoors	mcwtrpdoors:print_swamp	mcw-trapdoors-1.1.5-mc1.21.1neoforge.jar
mcwtrpdoors	mcwtrpdoors:print_tropical	mcw-trapdoors-1.1.5-mc1.21.1neoforge.jar
mcwtrpdoors	mcwtrpdoors:print_whispering	mcw-trapdoors-1.1.5-mc1.21.1neoforge.jar
mcwtrpdoors	mcwtrpdoors:spruce_bamboo_trapdoor	mcw-trapdoors-1.1.5-mc1.21.1neoforge.jar
mcwtrpdoors	mcwtrpdoors:spruce_bark_trapdoor	mcw-trapdoors-1.1.5-mc1.21.1neoforge.jar
mcwtrpdoors	mcwtrpdoors:spruce_barn_trapdoor	mcw-trapdoors-1.1.5-mc1.21.1neoforge.jar
mcwtrpdoors	mcwtrpdoors:spruce_barred_trapdoor	mcw-trapdoors-1.1.5-mc1.21.1neoforge.jar
mcwtrpdoors	mcwtrpdoors:spruce_barrel_trapdoor	mcw-trapdoors-1.1.5-mc1.21.1neoforge.jar
mcwtrpdoors	mcwtrpdoors:spruce_beach_trapdoor	mcw-trapdoors-1.1.5-mc1.21.1neoforge.jar
mcwtrpdoors	mcwtrpdoors:spruce_blossom_trapdoor	mcw-trapdoors-1.1.5-mc1.21.1neoforge.jar
mcwtrpdoors	mcwtrpdoors:spruce_classic_trapdoor	mcw-trapdoors-1.1.5-mc1.21.1neoforge.jar
mcwtrpdoors	mcwtrpdoors:spruce_four_panel_trapdoor	mcw-trapdoors-1.1.5-mc1.21.1neoforge.jar
mcwtrpdoors	mcwtrpdoors:spruce_glass_trapdoor	mcw-trapdoors-1.1.5-mc1.21.1neoforge.jar
mcwtrpdoors	mcwtrpdoors:spruce_mystic_trapdoor	mcw-trapdoors-1.1.5-mc1.21.1neoforge.jar
mcwtrpdoors	mcwtrpdoors:spruce_paper_trapdoor	mcw-trapdoors-1.1.5-mc1.21.1neoforge.jar
mcwtrpdoors	mcwtrpdoors:spruce_ranch_trapdoor	mcw-trapdoors-1.1.5-mc1.21.1neoforge.jar
mcwtrpdoors	mcwtrpdoors:spruce_swamp_trapdoor	mcw-trapdoors-1.1.5-mc1.21.1neoforge.jar
mcwtrpdoors	mcwtrpdoors:spruce_tropical_trapdoor	mcw-trapdoors-1.1.5-mc1.21.1neoforge.jar
mcwtrpdoors	mcwtrpdoors:spruce_whispering_trapdoor	mcw-trapdoors-1.1.5-mc1.21.1neoforge.jar
mcwtrpdoors	mcwtrpdoors:warped_bamboo_trapdoor	mcw-trapdoors-1.1.5-mc1.21.1neoforge.jar
mcwtrpdoors	mcwtrpdoors:warped_bark_trapdoor	mcw-trapdoors-1.1.5-mc1.21.1neoforge.jar
mcwtrpdoors	mcwtrpdoors:warped_barn_trapdoor	mcw-trapdoors-1.1.5-mc1.21.1neoforge.jar
mcwtrpdoors	mcwtrpdoors:warped_barred_trapdoor	mcw-trapdoors-1.1.5-mc1.21.1neoforge.jar
mcwtrpdoors	mcwtrpdoors:warped_barrel_trapdoor	mcw-trapdoors-1.1.5-mc1.21.1neoforge.jar
mcwtrpdoors	mcwtrpdoors:warped_beach_trapdoor	mcw-trapdoors-1.1.5-mc1.21.1neoforge.jar
mcwtrpdoors	mcwtrpdoors:warped_blossom_trapdoor	mcw-trapdoors-1.1.5-mc1.21.1neoforge.jar
mcwtrpdoors	mcwtrpdoors:warped_classic_trapdoor	mcw-trapdoors-1.1.5-mc1.21.1neoforge.jar
mcwtrpdoors	mcwtrpdoors:warped_cottage_trapdoor	mcw-trapdoors-1.1.5-mc1.21.1neoforge.jar
mcwtrpdoors	mcwtrpdoors:warped_four_panel_trapdoor	mcw-trapdoors-1.1.5-mc1.21.1neoforge.jar
mcwtrpdoors	mcwtrpdoors:warped_glass_trapdoor	mcw-trapdoors-1.1.5-mc1.21.1neoforge.jar
mcwtrpdoors	mcwtrpdoors:warped_paper_trapdoor	mcw-trapdoors-1.1.5-mc1.21.1neoforge.jar
mcwtrpdoors	mcwtrpdoors:warped_ranch_trapdoor	mcw-trapdoors-1.1.5-mc1.21.1neoforge.jar
mcwtrpdoors	mcwtrpdoors:warped_swamp_trapdoor	mcw-trapdoors-1.1.5-mc1.21.1neoforge.jar
mcwtrpdoors	mcwtrpdoors:warped_tropical_trapdoor	mcw-trapdoors-1.1.5-mc1.21.1neoforge.jar
mcwtrpdoors	mcwtrpdoors:warped_whispering_trapdoor	mcw-trapdoors-1.1.5-mc1.21.1neoforge.jar
mcwwindows	mcwwindows:acacia_blinds	mcw-mcwwindows-2.4.2-mc1.21.1neoforge.jar
mcwwindows	mcwwindows:acacia_curtain_rod	mcw-mcwwindows-2.4.2-mc1.21.1neoforge.jar
mcwwindows	mcwwindows:acacia_four_window	mcw-mcwwindows-2.4.2-mc1.21.1neoforge.jar
mcwwindows	mcwwindows:acacia_log_parapet	mcw-mcwwindows-2.4.2-mc1.21.1neoforge.jar
mcwwindows	mcwwindows:acacia_louvered_shutter	mcw-mcwwindows-2.4.2-mc1.21.1neoforge.jar
mcwwindows	mcwwindows:acacia_pane_window	mcw-mcwwindows-2.4.2-mc1.21.1neoforge.jar
mcwwindows	mcwwindows:acacia_plank_four_window	mcw-mcwwindows-2.4.2-mc1.21.1neoforge.jar
mcwwindows	mcwwindows:acacia_plank_pane_window	mcw-mcwwindows-2.4.2-mc1.21.1neoforge.jar
mcwwindows	mcwwindows:acacia_plank_parapet	mcw-mcwwindows-2.4.2-mc1.21.1neoforge.jar
mcwwindows	mcwwindows:acacia_plank_window	mcw-mcwwindows-2.4.2-mc1.21.1neoforge.jar
mcwwindows	mcwwindows:acacia_plank_window2	mcw-mcwwindows-2.4.2-mc1.21.1neoforge.jar
mcwwindows	mcwwindows:acacia_shutter	mcw-mcwwindows-2.4.2-mc1.21.1neoforge.jar
mcwwindows	mcwwindows:acacia_window	mcw-mcwwindows-2.4.2-mc1.21.1neoforge.jar
mcwwindows	mcwwindows:acacia_window2	mcw-mcwwindows-2.4.2-mc1.21.1neoforge.jar
mcwwindows	mcwwindows:andesite_four_window	mcw-mcwwindows-2.4.2-mc1.21.1neoforge.jar
mcwwindows	mcwwindows:andesite_louvered_shutter	mcw-mcwwindows-2.4.2-mc1.21.1neoforge.jar
mcwwindows	mcwwindows:andesite_pane_window	mcw-mcwwindows-2.4.2-mc1.21.1neoforge.jar
mcwwindows	mcwwindows:andesite_parapet	mcw-mcwwindows-2.4.2-mc1.21.1neoforge.jar
mcwwindows	mcwwindows:andesite_window	mcw-mcwwindows-2.4.2-mc1.21.1neoforge.jar
mcwwindows	mcwwindows:andesite_window2	mcw-mcwwindows-2.4.2-mc1.21.1neoforge.jar
mcwwindows	mcwwindows:bamboo_shutter	mcw-mcwwindows-2.4.2-mc1.21.1neoforge.jar
mcwwindows	mcwwindows:birch_blinds	mcw-mcwwindows-2.4.2-mc1.21.1neoforge.jar
mcwwindows	mcwwindows:birch_curtain_rod	mcw-mcwwindows-2.4.2-mc1.21.1neoforge.jar
mcwwindows	mcwwindows:birch_four_window	mcw-mcwwindows-2.4.2-mc1.21.1neoforge.jar
mcwwindows	mcwwindows:birch_log_parapet	mcw-mcwwindows-2.4.2-mc1.21.1neoforge.jar
mcwwindows	mcwwindows:birch_louvered_shutter	mcw-mcwwindows-2.4.2-mc1.21.1neoforge.jar
mcwwindows	mcwwindows:birch_pane_window	mcw-mcwwindows-2.4.2-mc1.21.1neoforge.jar
mcwwindows	mcwwindows:birch_plank_four_window	mcw-mcwwindows-2.4.2-mc1.21.1neoforge.jar
mcwwindows	mcwwindows:birch_plank_pane_window	mcw-mcwwindows-2.4.2-mc1.21.1neoforge.jar
mcwwindows	mcwwindows:birch_plank_parapet	mcw-mcwwindows-2.4.2-mc1.21.1neoforge.jar
mcwwindows	mcwwindows:birch_plank_window	mcw-mcwwindows-2.4.2-mc1.21.1neoforge.jar
mcwwindows	mcwwindows:birch_plank_window2	mcw-mcwwindows-2.4.2-mc1.21.1neoforge.jar
mcwwindows	mcwwindows:birch_shutter	mcw-mcwwindows-2.4.2-mc1.21.1neoforge.jar
mcwwindows	mcwwindows:birch_window	mcw-mcwwindows-2.4.2-mc1.21.1neoforge.jar
mcwwindows	mcwwindows:birch_window2	mcw-mcwwindows-2.4.2-mc1.21.1neoforge.jar
mcwwindows	mcwwindows:black_curtain	mcw-mcwwindows-2.4.2-mc1.21.1neoforge.jar
mcwwindows	mcwwindows:black_mosaic_glass	mcw-mcwwindows-2.4.2-mc1.21.1neoforge.jar
mcwwindows	mcwwindows:black_mosaic_glass_pane	mcw-mcwwindows-2.4.2-mc1.21.1neoforge.jar
mcwwindows	mcwwindows:blackstone_brick_arrow_slit	mcw-mcwwindows-2.4.2-mc1.21.1neoforge.jar
mcwwindows	mcwwindows:blackstone_brick_gothic	mcw-mcwwindows-2.4.2-mc1.21.1neoforge.jar
mcwwindows	mcwwindows:blackstone_four_window	mcw-mcwwindows-2.4.2-mc1.21.1neoforge.jar
mcwwindows	mcwwindows:blackstone_pane_window	mcw-mcwwindows-2.4.2-mc1.21.1neoforge.jar
mcwwindows	mcwwindows:blackstone_parapet	mcw-mcwwindows-2.4.2-mc1.21.1neoforge.jar
mcwwindows	mcwwindows:blackstone_window	mcw-mcwwindows-2.4.2-mc1.21.1neoforge.jar
mcwwindows	mcwwindows:blackstone_window2	mcw-mcwwindows-2.4.2-mc1.21.1neoforge.jar
mcwwindows	mcwwindows:blue_curtain	mcw-mcwwindows-2.4.2-mc1.21.1neoforge.jar
mcwwindows	mcwwindows:blue_mosaic_glass	mcw-mcwwindows-2.4.2-mc1.21.1neoforge.jar
mcwwindows	mcwwindows:blue_mosaic_glass_pane	mcw-mcwwindows-2.4.2-mc1.21.1neoforge.jar
mcwwindows	mcwwindows:bricks_four_window	mcw-mcwwindows-2.4.2-mc1.21.1neoforge.jar
mcwwindows	mcwwindows:bricks_pane_window	mcw-mcwwindows-2.4.2-mc1.21.1neoforge.jar
mcwwindows	mcwwindows:bricks_window	mcw-mcwwindows-2.4.2-mc1.21.1neoforge.jar
mcwwindows	mcwwindows:bricks_window2	mcw-mcwwindows-2.4.2-mc1.21.1neoforge.jar
mcwwindows	mcwwindows:brown_curtain	mcw-mcwwindows-2.4.2-mc1.21.1neoforge.jar
mcwwindows	mcwwindows:brown_mosaic_glass	mcw-mcwwindows-2.4.2-mc1.21.1neoforge.jar
mcwwindows	mcwwindows:brown_mosaic_glass_pane	mcw-mcwwindows-2.4.2-mc1.21.1neoforge.jar
mcwwindows	mcwwindows:cherry_blinds	mcw-mcwwindows-2.4.2-mc1.21.1neoforge.jar
mcwwindows	mcwwindows:cherry_curtain_rod	mcw-mcwwindows-2.4.2-mc1.21.1neoforge.jar
mcwwindows	mcwwindows:cherry_four_window	mcw-mcwwindows-2.4.2-mc1.21.1neoforge.jar
mcwwindows	mcwwindows:cherry_log_parapet	mcw-mcwwindows-2.4.2-mc1.21.1neoforge.jar
mcwwindows	mcwwindows:cherry_louvered_shutter	mcw-mcwwindows-2.4.2-mc1.21.1neoforge.jar
mcwwindows	mcwwindows:cherry_pane_window	mcw-mcwwindows-2.4.2-mc1.21.1neoforge.jar
mcwwindows	mcwwindows:cherry_plank_four_window	mcw-mcwwindows-2.4.2-mc1.21.1neoforge.jar
mcwwindows	mcwwindows:cherry_plank_pane_window	mcw-mcwwindows-2.4.2-mc1.21.1neoforge.jar
mcwwindows	mcwwindows:cherry_plank_parapet	mcw-mcwwindows-2.4.2-mc1.21.1neoforge.jar
mcwwindows	mcwwindows:cherry_plank_window	mcw-mcwwindows-2.4.2-mc1.21.1neoforge.jar
mcwwindows	mcwwindows:cherry_plank_window2	mcw-mcwwindows-2.4.2-mc1.21.1neoforge.jar
mcwwindows	mcwwindows:cherry_shutter	mcw-mcwwindows-2.4.2-mc1.21.1neoforge.jar
mcwwindows	mcwwindows:cherry_window	mcw-mcwwindows-2.4.2-mc1.21.1neoforge.jar
mcwwindows	mcwwindows:cherry_window2	mcw-mcwwindows-2.4.2-mc1.21.1neoforge.jar
mcwwindows	mcwwindows:cobblestone_arrow_slit	mcw-mcwwindows-2.4.2-mc1.21.1neoforge.jar
mcwwindows	mcwwindows:crimson_blinds	mcw-mcwwindows-2.4.2-mc1.21.1neoforge.jar
mcwwindows	mcwwindows:crimson_curtain_rod	mcw-mcwwindows-2.4.2-mc1.21.1neoforge.jar
mcwwindows	mcwwindows:crimson_louvered_shutter	mcw-mcwwindows-2.4.2-mc1.21.1neoforge.jar
mcwwindows	mcwwindows:crimson_pane_window	mcw-mcwwindows-2.4.2-mc1.21.1neoforge.jar
mcwwindows	mcwwindows:crimson_plank_pane_window	mcw-mcwwindows-2.4.2-mc1.21.1neoforge.jar
mcwwindows	mcwwindows:crimson_plank_parapet	mcw-mcwwindows-2.4.2-mc1.21.1neoforge.jar
mcwwindows	mcwwindows:crimson_planks_four_window	mcw-mcwwindows-2.4.2-mc1.21.1neoforge.jar
mcwwindows	mcwwindows:crimson_planks_window	mcw-mcwwindows-2.4.2-mc1.21.1neoforge.jar
mcwwindows	mcwwindows:crimson_planks_window2	mcw-mcwwindows-2.4.2-mc1.21.1neoforge.jar
mcwwindows	mcwwindows:crimson_shutter	mcw-mcwwindows-2.4.2-mc1.21.1neoforge.jar
mcwwindows	mcwwindows:crimson_stem_four_window	mcw-mcwwindows-2.4.2-mc1.21.1neoforge.jar
mcwwindows	mcwwindows:crimson_stem_parapet	mcw-mcwwindows-2.4.2-mc1.21.1neoforge.jar
mcwwindows	mcwwindows:crimson_stem_window	mcw-mcwwindows-2.4.2-mc1.21.1neoforge.jar
mcwwindows	mcwwindows:crimson_stem_window2	mcw-mcwwindows-2.4.2-mc1.21.1neoforge.jar
mcwwindows	mcwwindows:cyan_curtain	mcw-mcwwindows-2.4.2-mc1.21.1neoforge.jar
mcwwindows	mcwwindows:cyan_mosaic_glass	mcw-mcwwindows-2.4.2-mc1.21.1neoforge.jar
mcwwindows	mcwwindows:cyan_mosaic_glass_pane	mcw-mcwwindows-2.4.2-mc1.21.1neoforge.jar
mcwwindows	mcwwindows:dark_oak_blinds	mcw-mcwwindows-2.4.2-mc1.21.1neoforge.jar
mcwwindows	mcwwindows:dark_oak_curtain_rod	mcw-mcwwindows-2.4.2-mc1.21.1neoforge.jar
mcwwindows	mcwwindows:dark_oak_four_window	mcw-mcwwindows-2.4.2-mc1.21.1neoforge.jar
mcwwindows	mcwwindows:dark_oak_log_parapet	mcw-mcwwindows-2.4.2-mc1.21.1neoforge.jar
mcwwindows	mcwwindows:dark_oak_louvered_shutter	mcw-mcwwindows-2.4.2-mc1.21.1neoforge.jar
mcwwindows	mcwwindows:dark_oak_pane_window	mcw-mcwwindows-2.4.2-mc1.21.1neoforge.jar
mcwwindows	mcwwindows:dark_oak_plank_four_window	mcw-mcwwindows-2.4.2-mc1.21.1neoforge.jar
mcwwindows	mcwwindows:dark_oak_plank_pane_window	mcw-mcwwindows-2.4.2-mc1.21.1neoforge.jar
mcwwindows	mcwwindows:dark_oak_plank_parapet	mcw-mcwwindows-2.4.2-mc1.21.1neoforge.jar
mcwwindows	mcwwindows:dark_oak_plank_window	mcw-mcwwindows-2.4.2-mc1.21.1neoforge.jar
mcwwindows	mcwwindows:dark_oak_plank_window2	mcw-mcwwindows-2.4.2-mc1.21.1neoforge.jar
mcwwindows	mcwwindows:dark_oak_shutter	mcw-mcwwindows-2.4.2-mc1.21.1neoforge.jar
mcwwindows	mcwwindows:dark_oak_window	mcw-mcwwindows-2.4.2-mc1.21.1neoforge.jar
mcwwindows	mcwwindows:dark_oak_window2	mcw-mcwwindows-2.4.2-mc1.21.1neoforge.jar
mcwwindows	mcwwindows:dark_prismarine_brick_arrow_slit	mcw-mcwwindows-2.4.2-mc1.21.1neoforge.jar
mcwwindows	mcwwindows:dark_prismarine_brick_gothic	mcw-mcwwindows-2.4.2-mc1.21.1neoforge.jar
mcwwindows	mcwwindows:dark_prismarine_four_window	mcw-mcwwindows-2.4.2-mc1.21.1neoforge.jar
mcwwindows	mcwwindows:dark_prismarine_pane_window	mcw-mcwwindows-2.4.2-mc1.21.1neoforge.jar
mcwwindows	mcwwindows:dark_prismarine_parapet	mcw-mcwwindows-2.4.2-mc1.21.1neoforge.jar
mcwwindows	mcwwindows:dark_prismarine_window	mcw-mcwwindows-2.4.2-mc1.21.1neoforge.jar
mcwwindows	mcwwindows:dark_prismarine_window2	mcw-mcwwindows-2.4.2-mc1.21.1neoforge.jar
mcwwindows	mcwwindows:deepslate_four_window	mcw-mcwwindows-2.4.2-mc1.21.1neoforge.jar
mcwwindows	mcwwindows:deepslate_pane_window	mcw-mcwwindows-2.4.2-mc1.21.1neoforge.jar
mcwwindows	mcwwindows:deepslate_window	mcw-mcwwindows-2.4.2-mc1.21.1neoforge.jar
mcwwindows	mcwwindows:deepslate_window2	mcw-mcwwindows-2.4.2-mc1.21.1neoforge.jar
mcwwindows	mcwwindows:diorite_four_window	mcw-mcwwindows-2.4.2-mc1.21.1neoforge.jar
mcwwindows	mcwwindows:diorite_louvered_shutter	mcw-mcwwindows-2.4.2-mc1.21.1neoforge.jar
mcwwindows	mcwwindows:diorite_pane_window	mcw-mcwwindows-2.4.2-mc1.21.1neoforge.jar
mcwwindows	mcwwindows:diorite_parapet	mcw-mcwwindows-2.4.2-mc1.21.1neoforge.jar
mcwwindows	mcwwindows:diorite_window	mcw-mcwwindows-2.4.2-mc1.21.1neoforge.jar
mcwwindows	mcwwindows:diorite_window2	mcw-mcwwindows-2.4.2-mc1.21.1neoforge.jar
mcwwindows	mcwwindows:end_brick_gothic	mcw-mcwwindows-2.4.2-mc1.21.1neoforge.jar
mcwwindows	mcwwindows:ender_brick_arrow_slit	mcw-mcwwindows-2.4.2-mc1.21.1neoforge.jar
mcwwindows	mcwwindows:golden_curtain_rod	mcw-mcwwindows-2.4.2-mc1.21.1neoforge.jar
mcwwindows	mcwwindows:granite_four_window	mcw-mcwwindows-2.4.2-mc1.21.1neoforge.jar
mcwwindows	mcwwindows:granite_louvered_shutter	mcw-mcwwindows-2.4.2-mc1.21.1neoforge.jar
mcwwindows	mcwwindows:granite_pane_window	mcw-mcwwindows-2.4.2-mc1.21.1neoforge.jar
mcwwindows	mcwwindows:granite_parapet	mcw-mcwwindows-2.4.2-mc1.21.1neoforge.jar
mcwwindows	mcwwindows:granite_window	mcw-mcwwindows-2.4.2-mc1.21.1neoforge.jar
mcwwindows	mcwwindows:granite_window2	mcw-mcwwindows-2.4.2-mc1.21.1neoforge.jar
mcwwindows	mcwwindows:gray_curtain	mcw-mcwwindows-2.4.2-mc1.21.1neoforge.jar
mcwwindows	mcwwindows:gray_mosaic_glass	mcw-mcwwindows-2.4.2-mc1.21.1neoforge.jar
mcwwindows	mcwwindows:gray_mosaic_glass_pane	mcw-mcwwindows-2.4.2-mc1.21.1neoforge.jar
mcwwindows	mcwwindows:green_curtain	mcw-mcwwindows-2.4.2-mc1.21.1neoforge.jar
mcwwindows	mcwwindows:green_mosaic_glass	mcw-mcwwindows-2.4.2-mc1.21.1neoforge.jar
mcwwindows	mcwwindows:green_mosaic_glass_pane	mcw-mcwwindows-2.4.2-mc1.21.1neoforge.jar
mcwwindows	mcwwindows:hammer	mcw-mcwwindows-2.4.2-mc1.21.1neoforge.jar
mcwwindows	mcwwindows:iron_shutter	mcw-mcwwindows-2.4.2-mc1.21.1neoforge.jar
mcwwindows	mcwwindows:jungle_blinds	mcw-mcwwindows-2.4.2-mc1.21.1neoforge.jar
mcwwindows	mcwwindows:jungle_curtain_rod	mcw-mcwwindows-2.4.2-mc1.21.1neoforge.jar
mcwwindows	mcwwindows:jungle_four_window	mcw-mcwwindows-2.4.2-mc1.21.1neoforge.jar
mcwwindows	mcwwindows:jungle_log_parapet	mcw-mcwwindows-2.4.2-mc1.21.1neoforge.jar
mcwwindows	mcwwindows:jungle_louvered_shutter	mcw-mcwwindows-2.4.2-mc1.21.1neoforge.jar
mcwwindows	mcwwindows:jungle_pane_window	mcw-mcwwindows-2.4.2-mc1.21.1neoforge.jar
mcwwindows	mcwwindows:jungle_plank_four_window	mcw-mcwwindows-2.4.2-mc1.21.1neoforge.jar
mcwwindows	mcwwindows:jungle_plank_pane_window	mcw-mcwwindows-2.4.2-mc1.21.1neoforge.jar
mcwwindows	mcwwindows:jungle_plank_parapet	mcw-mcwwindows-2.4.2-mc1.21.1neoforge.jar
mcwwindows	mcwwindows:jungle_plank_window	mcw-mcwwindows-2.4.2-mc1.21.1neoforge.jar
mcwwindows	mcwwindows:jungle_plank_window2	mcw-mcwwindows-2.4.2-mc1.21.1neoforge.jar
mcwwindows	mcwwindows:jungle_shutter	mcw-mcwwindows-2.4.2-mc1.21.1neoforge.jar
mcwwindows	mcwwindows:jungle_window	mcw-mcwwindows-2.4.2-mc1.21.1neoforge.jar
mcwwindows	mcwwindows:jungle_window2	mcw-mcwwindows-2.4.2-mc1.21.1neoforge.jar
mcwwindows	mcwwindows:key	mcw-mcwwindows-2.4.2-mc1.21.1neoforge.jar
mcwwindows	mcwwindows:light_blue_curtain	mcw-mcwwindows-2.4.2-mc1.21.1neoforge.jar
mcwwindows	mcwwindows:light_blue_mosaic_glass	mcw-mcwwindows-2.4.2-mc1.21.1neoforge.jar
mcwwindows	mcwwindows:light_blue_mosaic_glass_pane	mcw-mcwwindows-2.4.2-mc1.21.1neoforge.jar
mcwwindows	mcwwindows:light_gray_curtain	mcw-mcwwindows-2.4.2-mc1.21.1neoforge.jar
mcwwindows	mcwwindows:light_gray_mosaic_glass	mcw-mcwwindows-2.4.2-mc1.21.1neoforge.jar
mcwwindows	mcwwindows:light_gray_mosaic_glass_pane	mcw-mcwwindows-2.4.2-mc1.21.1neoforge.jar
mcwwindows	mcwwindows:lime_curtain	mcw-mcwwindows-2.4.2-mc1.21.1neoforge.jar
mcwwindows	mcwwindows:lime_mosaic_glass	mcw-mcwwindows-2.4.2-mc1.21.1neoforge.jar
mcwwindows	mcwwindows:lime_mosaic_glass_pane	mcw-mcwwindows-2.4.2-mc1.21.1neoforge.jar
mcwwindows	mcwwindows:magenta_curtain	mcw-mcwwindows-2.4.2-mc1.21.1neoforge.jar
mcwwindows	mcwwindows:magenta_mosaic_glass	mcw-mcwwindows-2.4.2-mc1.21.1neoforge.jar
mcwwindows	mcwwindows:magenta_mosaic_glass_pane	mcw-mcwwindows-2.4.2-mc1.21.1neoforge.jar
mcwwindows	mcwwindows:mangrove_blinds	mcw-mcwwindows-2.4.2-mc1.21.1neoforge.jar
mcwwindows	mcwwindows:mangrove_curtain_rod	mcw-mcwwindows-2.4.2-mc1.21.1neoforge.jar
mcwwindows	mcwwindows:mangrove_four_window	mcw-mcwwindows-2.4.2-mc1.21.1neoforge.jar
mcwwindows	mcwwindows:mangrove_log_parapet	mcw-mcwwindows-2.4.2-mc1.21.1neoforge.jar
mcwwindows	mcwwindows:mangrove_louvered_shutter	mcw-mcwwindows-2.4.2-mc1.21.1neoforge.jar
mcwwindows	mcwwindows:mangrove_pane_window	mcw-mcwwindows-2.4.2-mc1.21.1neoforge.jar
mcwwindows	mcwwindows:mangrove_plank_four_window	mcw-mcwwindows-2.4.2-mc1.21.1neoforge.jar
mcwwindows	mcwwindows:mangrove_plank_pane_window	mcw-mcwwindows-2.4.2-mc1.21.1neoforge.jar
mcwwindows	mcwwindows:mangrove_plank_parapet	mcw-mcwwindows-2.4.2-mc1.21.1neoforge.jar
mcwwindows	mcwwindows:mangrove_plank_window	mcw-mcwwindows-2.4.2-mc1.21.1neoforge.jar
mcwwindows	mcwwindows:mangrove_plank_window2	mcw-mcwwindows-2.4.2-mc1.21.1neoforge.jar
mcwwindows	mcwwindows:mangrove_shutter	mcw-mcwwindows-2.4.2-mc1.21.1neoforge.jar
mcwwindows	mcwwindows:mangrove_window	mcw-mcwwindows-2.4.2-mc1.21.1neoforge.jar
mcwwindows	mcwwindows:mangrove_window2	mcw-mcwwindows-2.4.2-mc1.21.1neoforge.jar
mcwwindows	mcwwindows:metal_curtain_rod	mcw-mcwwindows-2.4.2-mc1.21.1neoforge.jar
mcwwindows	mcwwindows:metal_four_window	mcw-mcwwindows-2.4.2-mc1.21.1neoforge.jar
mcwwindows	mcwwindows:metal_pane_window	mcw-mcwwindows-2.4.2-mc1.21.1neoforge.jar
mcwwindows	mcwwindows:metal_window	mcw-mcwwindows-2.4.2-mc1.21.1neoforge.jar
mcwwindows	mcwwindows:metal_window2	mcw-mcwwindows-2.4.2-mc1.21.1neoforge.jar
mcwwindows	mcwwindows:mud_brick_arrow_slit	mcw-mcwwindows-2.4.2-mc1.21.1neoforge.jar
mcwwindows	mcwwindows:mud_brick_gothic	mcw-mcwwindows-2.4.2-mc1.21.1neoforge.jar
mcwwindows	mcwwindows:nether_brick_arrow_slit	mcw-mcwwindows-2.4.2-mc1.21.1neoforge.jar
mcwwindows	mcwwindows:nether_brick_gothic	mcw-mcwwindows-2.4.2-mc1.21.1neoforge.jar
mcwwindows	mcwwindows:oak_blinds	mcw-mcwwindows-2.4.2-mc1.21.1neoforge.jar
mcwwindows	mcwwindows:oak_curtain_rod	mcw-mcwwindows-2.4.2-mc1.21.1neoforge.jar
mcwwindows	mcwwindows:oak_four_window	mcw-mcwwindows-2.4.2-mc1.21.1neoforge.jar
mcwwindows	mcwwindows:oak_log_parapet	mcw-mcwwindows-2.4.2-mc1.21.1neoforge.jar
mcwwindows	mcwwindows:oak_louvered_shutter	mcw-mcwwindows-2.4.2-mc1.21.1neoforge.jar
mcwwindows	mcwwindows:oak_pane_window	mcw-mcwwindows-2.4.2-mc1.21.1neoforge.jar
mcwwindows	mcwwindows:oak_plank_four_window	mcw-mcwwindows-2.4.2-mc1.21.1neoforge.jar
mcwwindows	mcwwindows:oak_plank_pane_window	mcw-mcwwindows-2.4.2-mc1.21.1neoforge.jar
mcwwindows	mcwwindows:oak_plank_parapet	mcw-mcwwindows-2.4.2-mc1.21.1neoforge.jar
mcwwindows	mcwwindows:oak_plank_window	mcw-mcwwindows-2.4.2-mc1.21.1neoforge.jar
mcwwindows	mcwwindows:oak_plank_window2	mcw-mcwwindows-2.4.2-mc1.21.1neoforge.jar
mcwwindows	mcwwindows:oak_shutter	mcw-mcwwindows-2.4.2-mc1.21.1neoforge.jar
mcwwindows	mcwwindows:oak_window	mcw-mcwwindows-2.4.2-mc1.21.1neoforge.jar
mcwwindows	mcwwindows:oak_window2	mcw-mcwwindows-2.4.2-mc1.21.1neoforge.jar
mcwwindows	mcwwindows:one_way_glass	mcw-mcwwindows-2.4.2-mc1.21.1neoforge.jar
mcwwindows	mcwwindows:one_way_glass_pane	mcw-mcwwindows-2.4.2-mc1.21.1neoforge.jar
mcwwindows	mcwwindows:orange_curtain	mcw-mcwwindows-2.4.2-mc1.21.1neoforge.jar
mcwwindows	mcwwindows:orange_mosaic_glass	mcw-mcwwindows-2.4.2-mc1.21.1neoforge.jar
mcwwindows	mcwwindows:orange_mosaic_glass_pane	mcw-mcwwindows-2.4.2-mc1.21.1neoforge.jar
mcwwindows	mcwwindows:pink_curtain	mcw-mcwwindows-2.4.2-mc1.21.1neoforge.jar
mcwwindows	mcwwindows:pink_mosaic_glass	mcw-mcwwindows-2.4.2-mc1.21.1neoforge.jar
mcwwindows	mcwwindows:pink_mosaic_glass_pane	mcw-mcwwindows-2.4.2-mc1.21.1neoforge.jar
mcwwindows	mcwwindows:prismarine_brick_arrow_slit	mcw-mcwwindows-2.4.2-mc1.21.1neoforge.jar
mcwwindows	mcwwindows:prismarine_brick_gothic	mcw-mcwwindows-2.4.2-mc1.21.1neoforge.jar
mcwwindows	mcwwindows:prismarine_four_window	mcw-mcwwindows-2.4.2-mc1.21.1neoforge.jar
mcwwindows	mcwwindows:prismarine_pane_window	mcw-mcwwindows-2.4.2-mc1.21.1neoforge.jar
mcwwindows	mcwwindows:prismarine_parapet	mcw-mcwwindows-2.4.2-mc1.21.1neoforge.jar
mcwwindows	mcwwindows:prismarine_window	mcw-mcwwindows-2.4.2-mc1.21.1neoforge.jar
mcwwindows	mcwwindows:prismarine_window2	mcw-mcwwindows-2.4.2-mc1.21.1neoforge.jar
mcwwindows	mcwwindows:purple_curtain	mcw-mcwwindows-2.4.2-mc1.21.1neoforge.jar
mcwwindows	mcwwindows:purple_mosaic_glass	mcw-mcwwindows-2.4.2-mc1.21.1neoforge.jar
mcwwindows	mcwwindows:purple_mosaic_glass_pane	mcw-mcwwindows-2.4.2-mc1.21.1neoforge.jar
mcwwindows	mcwwindows:quartz_four_window	mcw-mcwwindows-2.4.2-mc1.21.1neoforge.jar
mcwwindows	mcwwindows:quartz_pane_window	mcw-mcwwindows-2.4.2-mc1.21.1neoforge.jar
mcwwindows	mcwwindows:quartz_window	mcw-mcwwindows-2.4.2-mc1.21.1neoforge.jar
mcwwindows	mcwwindows:quartz_window2	mcw-mcwwindows-2.4.2-mc1.21.1neoforge.jar
mcwwindows	mcwwindows:red_curtain	mcw-mcwwindows-2.4.2-mc1.21.1neoforge.jar
mcwwindows	mcwwindows:red_mosaic_glass	mcw-mcwwindows-2.4.2-mc1.21.1neoforge.jar
mcwwindows	mcwwindows:red_mosaic_glass_pane	mcw-mcwwindows-2.4.2-mc1.21.1neoforge.jar
mcwwindows	mcwwindows:red_sandstone_four_window	mcw-mcwwindows-2.4.2-mc1.21.1neoforge.jar
mcwwindows	mcwwindows:red_sandstone_pane_window	mcw-mcwwindows-2.4.2-mc1.21.1neoforge.jar
mcwwindows	mcwwindows:red_sandstone_window	mcw-mcwwindows-2.4.2-mc1.21.1neoforge.jar
mcwwindows	mcwwindows:red_sandstone_window2	mcw-mcwwindows-2.4.2-mc1.21.1neoforge.jar
mcwwindows	mcwwindows:sandstone_four_window	mcw-mcwwindows-2.4.2-mc1.21.1neoforge.jar
mcwwindows	mcwwindows:sandstone_pane_window	mcw-mcwwindows-2.4.2-mc1.21.1neoforge.jar
mcwwindows	mcwwindows:sandstone_window	mcw-mcwwindows-2.4.2-mc1.21.1neoforge.jar
mcwwindows	mcwwindows:sandstone_window2	mcw-mcwwindows-2.4.2-mc1.21.1neoforge.jar
mcwwindows	mcwwindows:spruce_blinds	mcw-mcwwindows-2.4.2-mc1.21.1neoforge.jar
mcwwindows	mcwwindows:spruce_curtain_rod	mcw-mcwwindows-2.4.2-mc1.21.1neoforge.jar
mcwwindows	mcwwindows:spruce_four_window	mcw-mcwwindows-2.4.2-mc1.21.1neoforge.jar
mcwwindows	mcwwindows:spruce_log_parapet	mcw-mcwwindows-2.4.2-mc1.21.1neoforge.jar
mcwwindows	mcwwindows:spruce_louvered_shutter	mcw-mcwwindows-2.4.2-mc1.21.1neoforge.jar
mcwwindows	mcwwindows:spruce_pane_window	mcw-mcwwindows-2.4.2-mc1.21.1neoforge.jar
mcwwindows	mcwwindows:spruce_plank_four_window	mcw-mcwwindows-2.4.2-mc1.21.1neoforge.jar
mcwwindows	mcwwindows:spruce_plank_pane_window	mcw-mcwwindows-2.4.2-mc1.21.1neoforge.jar
mcwwindows	mcwwindows:spruce_plank_parapet	mcw-mcwwindows-2.4.2-mc1.21.1neoforge.jar
mcwwindows	mcwwindows:spruce_plank_window	mcw-mcwwindows-2.4.2-mc1.21.1neoforge.jar
mcwwindows	mcwwindows:spruce_plank_window2	mcw-mcwwindows-2.4.2-mc1.21.1neoforge.jar
mcwwindows	mcwwindows:spruce_shutter	mcw-mcwwindows-2.4.2-mc1.21.1neoforge.jar
mcwwindows	mcwwindows:spruce_window	mcw-mcwwindows-2.4.2-mc1.21.1neoforge.jar
mcwwindows	mcwwindows:spruce_window2	mcw-mcwwindows-2.4.2-mc1.21.1neoforge.jar
mcwwindows	mcwwindows:stone_brick_arrow_slit	mcw-mcwwindows-2.4.2-mc1.21.1neoforge.jar
mcwwindows	mcwwindows:stone_brick_gothic	mcw-mcwwindows-2.4.2-mc1.21.1neoforge.jar
mcwwindows	mcwwindows:stone_four_window	mcw-mcwwindows-2.4.2-mc1.21.1neoforge.jar
mcwwindows	mcwwindows:stone_pane_window	mcw-mcwwindows-2.4.2-mc1.21.1neoforge.jar
mcwwindows	mcwwindows:stone_window	mcw-mcwwindows-2.4.2-mc1.21.1neoforge.jar
mcwwindows	mcwwindows:stone_window2	mcw-mcwwindows-2.4.2-mc1.21.1neoforge.jar
mcwwindows	mcwwindows:stripped_acacia_log_four_window	mcw-mcwwindows-2.4.2-mc1.21.1neoforge.jar
mcwwindows	mcwwindows:stripped_acacia_log_window	mcw-mcwwindows-2.4.2-mc1.21.1neoforge.jar
mcwwindows	mcwwindows:stripped_acacia_log_window2	mcw-mcwwindows-2.4.2-mc1.21.1neoforge.jar
mcwwindows	mcwwindows:stripped_acacia_pane_window	mcw-mcwwindows-2.4.2-mc1.21.1neoforge.jar
mcwwindows	mcwwindows:stripped_acacia_window	mcw-mcwwindows-2.4.2-mc1.21.1neoforge.jar
mcwwindows	mcwwindows:stripped_birch_log_four_window	mcw-mcwwindows-2.4.2-mc1.21.1neoforge.jar
mcwwindows	mcwwindows:stripped_birch_log_window	mcw-mcwwindows-2.4.2-mc1.21.1neoforge.jar
mcwwindows	mcwwindows:stripped_birch_log_window2	mcw-mcwwindows-2.4.2-mc1.21.1neoforge.jar
mcwwindows	mcwwindows:stripped_birch_pane_window	mcw-mcwwindows-2.4.2-mc1.21.1neoforge.jar
mcwwindows	mcwwindows:stripped_birch_window	mcw-mcwwindows-2.4.2-mc1.21.1neoforge.jar
mcwwindows	mcwwindows:stripped_cherry_log_four_window	mcw-mcwwindows-2.4.2-mc1.21.1neoforge.jar
mcwwindows	mcwwindows:stripped_cherry_log_window	mcw-mcwwindows-2.4.2-mc1.21.1neoforge.jar
mcwwindows	mcwwindows:stripped_cherry_log_window2	mcw-mcwwindows-2.4.2-mc1.21.1neoforge.jar
mcwwindows	mcwwindows:stripped_cherry_pane_window	mcw-mcwwindows-2.4.2-mc1.21.1neoforge.jar
mcwwindows	mcwwindows:stripped_cherry_window	mcw-mcwwindows-2.4.2-mc1.21.1neoforge.jar
mcwwindows	mcwwindows:stripped_crimson_pane_window	mcw-mcwwindows-2.4.2-mc1.21.1neoforge.jar
mcwwindows	mcwwindows:stripped_crimson_stem_four_window	mcw-mcwwindows-2.4.2-mc1.21.1neoforge.jar
mcwwindows	mcwwindows:stripped_crimson_stem_window	mcw-mcwwindows-2.4.2-mc1.21.1neoforge.jar
mcwwindows	mcwwindows:stripped_crimson_stem_window2	mcw-mcwwindows-2.4.2-mc1.21.1neoforge.jar
mcwwindows	mcwwindows:stripped_crimson_window	mcw-mcwwindows-2.4.2-mc1.21.1neoforge.jar
mcwwindows	mcwwindows:stripped_dark_oak_log_four_window	mcw-mcwwindows-2.4.2-mc1.21.1neoforge.jar
mcwwindows	mcwwindows:stripped_dark_oak_log_window	mcw-mcwwindows-2.4.2-mc1.21.1neoforge.jar
mcwwindows	mcwwindows:stripped_dark_oak_log_window2	mcw-mcwwindows-2.4.2-mc1.21.1neoforge.jar
mcwwindows	mcwwindows:stripped_dark_oak_pane_window	mcw-mcwwindows-2.4.2-mc1.21.1neoforge.jar
mcwwindows	mcwwindows:stripped_dark_oak_window	mcw-mcwwindows-2.4.2-mc1.21.1neoforge.jar
mcwwindows	mcwwindows:stripped_jungle_log_four_window	mcw-mcwwindows-2.4.2-mc1.21.1neoforge.jar
mcwwindows	mcwwindows:stripped_jungle_log_window	mcw-mcwwindows-2.4.2-mc1.21.1neoforge.jar
mcwwindows	mcwwindows:stripped_jungle_log_window2	mcw-mcwwindows-2.4.2-mc1.21.1neoforge.jar
mcwwindows	mcwwindows:stripped_jungle_pane_window	mcw-mcwwindows-2.4.2-mc1.21.1neoforge.jar
mcwwindows	mcwwindows:stripped_jungle_window	mcw-mcwwindows-2.4.2-mc1.21.1neoforge.jar
mcwwindows	mcwwindows:stripped_mangrove_log_four_window	mcw-mcwwindows-2.4.2-mc1.21.1neoforge.jar
mcwwindows	mcwwindows:stripped_mangrove_log_window	mcw-mcwwindows-2.4.2-mc1.21.1neoforge.jar
mcwwindows	mcwwindows:stripped_mangrove_log_window2	mcw-mcwwindows-2.4.2-mc1.21.1neoforge.jar
mcwwindows	mcwwindows:stripped_mangrove_pane_window	mcw-mcwwindows-2.4.2-mc1.21.1neoforge.jar
mcwwindows	mcwwindows:stripped_mangrove_window	mcw-mcwwindows-2.4.2-mc1.21.1neoforge.jar
mcwwindows	mcwwindows:stripped_oak_log_four_window	mcw-mcwwindows-2.4.2-mc1.21.1neoforge.jar
mcwwindows	mcwwindows:stripped_oak_log_window	mcw-mcwwindows-2.4.2-mc1.21.1neoforge.jar
mcwwindows	mcwwindows:stripped_oak_log_window2	mcw-mcwwindows-2.4.2-mc1.21.1neoforge.jar
mcwwindows	mcwwindows:stripped_oak_pane_window	mcw-mcwwindows-2.4.2-mc1.21.1neoforge.jar
mcwwindows	mcwwindows:stripped_oak_window	mcw-mcwwindows-2.4.2-mc1.21.1neoforge.jar
mcwwindows	mcwwindows:stripped_spruce_log_four_window	mcw-mcwwindows-2.4.2-mc1.21.1neoforge.jar
mcwwindows	mcwwindows:stripped_spruce_log_window	mcw-mcwwindows-2.4.2-mc1.21.1neoforge.jar
mcwwindows	mcwwindows:stripped_spruce_log_window2	mcw-mcwwindows-2.4.2-mc1.21.1neoforge.jar
mcwwindows	mcwwindows:stripped_spruce_pane_window	mcw-mcwwindows-2.4.2-mc1.21.1neoforge.jar
mcwwindows	mcwwindows:stripped_spruce_window	mcw-mcwwindows-2.4.2-mc1.21.1neoforge.jar
mcwwindows	mcwwindows:stripped_warped_pane_window	mcw-mcwwindows-2.4.2-mc1.21.1neoforge.jar
mcwwindows	mcwwindows:stripped_warped_stem_four_window	mcw-mcwwindows-2.4.2-mc1.21.1neoforge.jar
mcwwindows	mcwwindows:stripped_warped_stem_window	mcw-mcwwindows-2.4.2-mc1.21.1neoforge.jar
mcwwindows	mcwwindows:stripped_warped_stem_window2	mcw-mcwwindows-2.4.2-mc1.21.1neoforge.jar
mcwwindows	mcwwindows:stripped_warped_window	mcw-mcwwindows-2.4.2-mc1.21.1neoforge.jar
mcwwindows	mcwwindows:warped_blinds	mcw-mcwwindows-2.4.2-mc1.21.1neoforge.jar
mcwwindows	mcwwindows:warped_curtain_rod	mcw-mcwwindows-2.4.2-mc1.21.1neoforge.jar
mcwwindows	mcwwindows:warped_louvered_shutter	mcw-mcwwindows-2.4.2-mc1.21.1neoforge.jar
mcwwindows	mcwwindows:warped_pane_window	mcw-mcwwindows-2.4.2-mc1.21.1neoforge.jar
mcwwindows	mcwwindows:warped_plank_pane_window	mcw-mcwwindows-2.4.2-mc1.21.1neoforge.jar
mcwwindows	mcwwindows:warped_plank_parapet	mcw-mcwwindows-2.4.2-mc1.21.1neoforge.jar
mcwwindows	mcwwindows:warped_planks_four_window	mcw-mcwwindows-2.4.2-mc1.21.1neoforge.jar
mcwwindows	mcwwindows:warped_planks_window	mcw-mcwwindows-2.4.2-mc1.21.1neoforge.jar
mcwwindows	mcwwindows:warped_planks_window2	mcw-mcwwindows-2.4.2-mc1.21.1neoforge.jar
mcwwindows	mcwwindows:warped_shutter	mcw-mcwwindows-2.4.2-mc1.21.1neoforge.jar
mcwwindows	mcwwindows:warped_stem_four_window	mcw-mcwwindows-2.4.2-mc1.21.1neoforge.jar
mcwwindows	mcwwindows:warped_stem_parapet	mcw-mcwwindows-2.4.2-mc1.21.1neoforge.jar
mcwwindows	mcwwindows:warped_stem_window	mcw-mcwwindows-2.4.2-mc1.21.1neoforge.jar
mcwwindows	mcwwindows:warped_stem_window2	mcw-mcwwindows-2.4.2-mc1.21.1neoforge.jar
mcwwindows	mcwwindows:white_curtain	mcw-mcwwindows-2.4.2-mc1.21.1neoforge.jar
mcwwindows	mcwwindows:white_mosaic_glass	mcw-mcwwindows-2.4.2-mc1.21.1neoforge.jar
mcwwindows	mcwwindows:white_mosaic_glass_pane	mcw-mcwwindows-2.4.2-mc1.21.1neoforge.jar
mcwwindows	mcwwindows:window_bar	mcw-mcwwindows-2.4.2-mc1.21.1neoforge.jar
mcwwindows	mcwwindows:window_base	mcw-mcwwindows-2.4.2-mc1.21.1neoforge.jar
mcwwindows	mcwwindows:window_centre_bar_base	mcw-mcwwindows-2.4.2-mc1.21.1neoforge.jar
mcwwindows	mcwwindows:window_half_bar_base	mcw-mcwwindows-2.4.2-mc1.21.1neoforge.jar
mcwwindows	mcwwindows:yellow_curtain	mcw-mcwwindows-2.4.2-mc1.21.1neoforge.jar
mcwwindows	mcwwindows:yellow_mosaic_glass	mcw-mcwwindows-2.4.2-mc1.21.1neoforge.jar
mcwwindows	mcwwindows:yellow_mosaic_glass_pane	mcw-mcwwindows-2.4.2-mc1.21.1neoforge.jar
minecraft	minecraft:amethyst_shard	vanilla
minecraft	minecraft:axolotl_bucket	Quark-4.1-481.jar
minecraft	minecraft:bow	p1nero_bow-neoforge1.21.1-21.16.1.0-neoforge.jar
minecraft	minecraft:coal	vanilla
minecraft	minecraft:copper_ingot	vanilla
minecraft	minecraft:crossbow	tensura.jar
minecraft	minecraft:crossbow	tensura-neoforge-2.0.1.0.jar
minecraft	minecraft:crossbow_speared_fin	tensura.jar
minecraft	minecraft:crossbow_speared_fin	tensura-neoforge-2.0.1.0.jar
minecraft	minecraft:crossbow_spectral_arrow	tensura.jar
minecraft	minecraft:crossbow_spectral_arrow	tensura-neoforge-2.0.1.0.jar
minecraft	minecraft:crossbow_unicorn_horn	tensura.jar
minecraft	minecraft:crossbow_unicorn_horn	tensura-neoforge-2.0.1.0.jar
minecraft	minecraft:diamond	vanilla
minecraft	minecraft:emerald	vanilla
minecraft	minecraft:enchanted_golden_apple	vanilla
minecraft	minecraft:glow_item_frame	Quark-4.1-481.jar
minecraft	minecraft:gold_ingot	vanilla
minecraft	minecraft:golden_apple	vanilla
minecraft	minecraft:golden_carrot	vanilla
minecraft	minecraft:iron_ingot	vanilla
minecraft	minecraft:item_frame	Quark-4.1-481.jar
minecraft	minecraft:lapis_lazuli	vanilla
minecraft	minecraft:lingering_potion	MutantMonsters-v21.1.1-1.21.1-NeoForge.jar
minecraft	minecraft:netherite_ingot	vanilla
minecraft	minecraft:netherite_scrap	vanilla
minecraft	minecraft:potion	MutantMonsters-v21.1.1-1.21.1-NeoForge.jar
minecraft	minecraft:quartz	vanilla
minecraft	minecraft:raw_copper	vanilla
minecraft	minecraft:raw_gold	vanilla
minecraft	minecraft:raw_iron	vanilla
minecraft	minecraft:redstone	vanilla
minecraft	minecraft:splash_potion	MutantMonsters-v21.1.1-1.21.1-NeoForge.jar
minecraft	minecraft:tropical_fish_bucket	Quark-4.1-481.jar
mowziesmobs	mowziesmobs:blowgun	mowziesmobs-1.21.1-1.8.2.jar
mowziesmobs	mowziesmobs:blowgun_using	mowziesmobs-1.21.1-1.8.2.jar
mowziesmobs	mowziesmobs:bluff_rod	mowziesmobs-1.21.1-1.8.2.jar
mowziesmobs	mowziesmobs:captured_grottol	mowziesmobs-1.21.1-1.8.2.jar
mowziesmobs	mowziesmobs:clawed_log	mowziesmobs-1.21.1-1.8.2.jar
mowziesmobs	mowziesmobs:dart	mowziesmobs-1.21.1-1.8.2.jar
mowziesmobs	mowziesmobs:earthrend_gauntlet	mowziesmobs-1.21.1-1.8.2.jar
mowziesmobs	mowziesmobs:earthrend_gauntlet_in_hand	mowziesmobs-1.21.1-1.8.2.jar
mowziesmobs	mowziesmobs:elokosa_paw	mowziesmobs-1.21.1-1.8.2.jar
mowziesmobs	mowziesmobs:elokosa_paw_closed	mowziesmobs-1.21.1-1.8.2.jar
mowziesmobs	mowziesmobs:elokosa_paw_crescent	mowziesmobs-1.21.1-1.8.2.jar
mowziesmobs	mowziesmobs:elokosa_paw_full	mowziesmobs-1.21.1-1.8.2.jar
mowziesmobs	mowziesmobs:elokosa_paw_gibbous	mowziesmobs-1.21.1-1.8.2.jar
mowziesmobs	mowziesmobs:elokosa_paw_half	mowziesmobs-1.21.1-1.8.2.jar
mowziesmobs	mowziesmobs:elokosa_paw_new	mowziesmobs-1.21.1-1.8.2.jar
mowziesmobs	mowziesmobs:elokosa_paw_new_closed	mowziesmobs-1.21.1-1.8.2.jar
mowziesmobs	mowziesmobs:foliaath_seed	mowziesmobs-1.21.1-1.8.2.jar
mowziesmobs	mowziesmobs:frostmaw_plushie	mowziesmobs-1.21.1-1.8.2.jar
mowziesmobs	mowziesmobs:geomancer_beads	mowziesmobs-1.21.1-1.8.2.jar
mowziesmobs	mowziesmobs:geomancer_belt	mowziesmobs-1.21.1-1.8.2.jar
mowziesmobs	mowziesmobs:geomancer_robe	mowziesmobs-1.21.1-1.8.2.jar
mowziesmobs	mowziesmobs:geomancer_sandals	mowziesmobs-1.21.1-1.8.2.jar
mowziesmobs	mowziesmobs:glowing_jelly	mowziesmobs-1.21.1-1.8.2.jar
mowziesmobs	mowziesmobs:gong	mowziesmobs-1.21.1-1.8.2.jar
mowziesmobs	mowziesmobs:grant_suns_blessing	mowziesmobs-1.21.1-1.8.2.jar
mowziesmobs	mowziesmobs:ice_crystal	mowziesmobs-1.21.1-1.8.2.jar
mowziesmobs	mowziesmobs:logo	mowziesmobs-1.21.1-1.8.2.jar
mowziesmobs	mowziesmobs:mob_remover	mowziesmobs-1.21.1-1.8.2.jar
mowziesmobs	mowziesmobs:music_disc_petiole	mowziesmobs-1.21.1-1.8.2.jar
mowziesmobs	mowziesmobs:naga_fang	mowziesmobs-1.21.1-1.8.2.jar
mowziesmobs	mowziesmobs:naga_fang_dagger	mowziesmobs-1.21.1-1.8.2.jar
mowziesmobs	mowziesmobs:painted_acacia	mowziesmobs-1.21.1-1.8.2.jar
mowziesmobs	mowziesmobs:painted_acacia_slab	mowziesmobs-1.21.1-1.8.2.jar
mowziesmobs	mowziesmobs:raked_sand	mowziesmobs-1.21.1-1.8.2.jar
mowziesmobs	mowziesmobs:red_raked_sand	mowziesmobs-1.21.1-1.8.2.jar
mowziesmobs	mowziesmobs:sand_rake	mowziesmobs-1.21.1-1.8.2.jar
mowziesmobs	mowziesmobs:sculptor_staff	mowziesmobs-1.21.1-1.8.2.jar
mowziesmobs	mowziesmobs:sculptor_staff_in_hand	mowziesmobs-1.21.1-1.8.2.jar
mowziesmobs	mowziesmobs:sol_visage	mowziesmobs-1.21.1-1.8.2.jar
mowziesmobs	mowziesmobs:sol_visage_frame	mowziesmobs-1.21.1-1.8.2.jar
mowziesmobs	mowziesmobs:spear	mowziesmobs-1.21.1-1.8.2.jar
mowziesmobs	mowziesmobs:spear_in_hand	mowziesmobs-1.21.1-1.8.2.jar
mowziesmobs	mowziesmobs:sunblock_staff	mowziesmobs-1.21.1-1.8.2.jar
mowziesmobs	mowziesmobs:thatch_block	mowziesmobs-1.21.1-1.8.2.jar
mowziesmobs	mowziesmobs:umvuthana_mask	mowziesmobs-1.21.1-1.8.2.jar
mowziesmobs	mowziesmobs:umvuthana_mask_bliss	mowziesmobs-1.21.1-1.8.2.jar
mowziesmobs	mowziesmobs:umvuthana_mask_bliss_frame	mowziesmobs-1.21.1-1.8.2.jar
mowziesmobs	mowziesmobs:umvuthana_mask_faith	mowziesmobs-1.21.1-1.8.2.jar
mowziesmobs	mowziesmobs:umvuthana_mask_faith_frame	mowziesmobs-1.21.1-1.8.2.jar
mowziesmobs	mowziesmobs:umvuthana_mask_fear	mowziesmobs-1.21.1-1.8.2.jar
mowziesmobs	mowziesmobs:umvuthana_mask_fear_frame	mowziesmobs-1.21.1-1.8.2.jar
mowziesmobs	mowziesmobs:umvuthana_mask_frame	mowziesmobs-1.21.1-1.8.2.jar
mowziesmobs	mowziesmobs:umvuthana_mask_fury	mowziesmobs-1.21.1-1.8.2.jar
mowziesmobs	mowziesmobs:umvuthana_mask_fury_frame	mowziesmobs-1.21.1-1.8.2.jar
mowziesmobs	mowziesmobs:umvuthana_mask_misery	mowziesmobs-1.21.1-1.8.2.jar
mowziesmobs	mowziesmobs:umvuthana_mask_misery_frame	mowziesmobs-1.21.1-1.8.2.jar
mowziesmobs	mowziesmobs:umvuthana_mask_rage	mowziesmobs-1.21.1-1.8.2.jar
mowziesmobs	mowziesmobs:umvuthana_mask_rage_frame	mowziesmobs-1.21.1-1.8.2.jar
mowziesmobs	mowziesmobs:wrought_axe	mowziesmobs-1.21.1-1.8.2.jar
mowziesmobs	mowziesmobs:wrought_axe_in_hand	mowziesmobs-1.21.1-1.8.2.jar
mowziesmobs	mowziesmobs:wrought_helmet	mowziesmobs-1.21.1-1.8.2.jar
mutantmonsters	mutantmonsters:chemical_x	MutantMonsters-v21.1.1-1.21.1-NeoForge.jar
mutantmonsters	mutantmonsters:creeper_minion_tracker	MutantMonsters-v21.1.1-1.21.1-NeoForge.jar
mutantmonsters	mutantmonsters:creeper_shard	MutantMonsters-v21.1.1-1.21.1-NeoForge.jar
mutantmonsters	mutantmonsters:endersoul_hand	MutantMonsters-v21.1.1-1.21.1-NeoForge.jar
mutantmonsters	mutantmonsters:endersoul_hand_in_hand	MutantMonsters-v21.1.1-1.21.1-NeoForge.jar
mutantmonsters	mutantmonsters:hulk_hammer	MutantMonsters-v21.1.1-1.21.1-NeoForge.jar
mutantmonsters	mutantmonsters:hulk_hammer_in_hand	MutantMonsters-v21.1.1-1.21.1-NeoForge.jar
mutantmonsters	mutantmonsters:lingering_chemical_x	MutantMonsters-v21.1.1-1.21.1-NeoForge.jar
mutantmonsters	mutantmonsters:mutant_skeleton_arms	MutantMonsters-v21.1.1-1.21.1-NeoForge.jar
mutantmonsters	mutantmonsters:mutant_skeleton_boots	MutantMonsters-v21.1.1-1.21.1-NeoForge.jar
mutantmonsters	mutantmonsters:mutant_skeleton_chestplate	MutantMonsters-v21.1.1-1.21.1-NeoForge.jar
mutantmonsters	mutantmonsters:mutant_skeleton_leggings	MutantMonsters-v21.1.1-1.21.1-NeoForge.jar
mutantmonsters	mutantmonsters:mutant_skeleton_limb	MutantMonsters-v21.1.1-1.21.1-NeoForge.jar
mutantmonsters	mutantmonsters:mutant_skeleton_pelvis	MutantMonsters-v21.1.1-1.21.1-NeoForge.jar
mutantmonsters	mutantmonsters:mutant_skeleton_rib	MutantMonsters-v21.1.1-1.21.1-NeoForge.jar
mutantmonsters	mutantmonsters:mutant_skeleton_rib_cage	MutantMonsters-v21.1.1-1.21.1-NeoForge.jar
mutantmonsters	mutantmonsters:mutant_skeleton_shoulder_pad	MutantMonsters-v21.1.1-1.21.1-NeoForge.jar
mutantmonsters	mutantmonsters:mutant_skeleton_skull	MutantMonsters-v21.1.1-1.21.1-NeoForge.jar
mutantmonsters	mutantmonsters:splash_chemical_x	MutantMonsters-v21.1.1-1.21.1-NeoForge.jar
overgeared	overgeared:alloy_furnace	overgeared-1.21.1-1.6.14.jar
overgeared	overgeared:blueprint	overgeared-1.21.1-1.6.14.jar
overgeared	overgeared:casting_furnace	overgeared-1.21.1-1.6.14.jar
overgeared	overgeared:clay_tool_cast	overgeared-1.21.1-1.6.14.jar
overgeared	overgeared:copper_axe	overgeared-1.21.1-1.6.14.jar
overgeared	overgeared:copper_axe_head	overgeared-1.21.1-1.6.14.jar
overgeared	overgeared:copper_boots	overgeared-1.21.1-1.6.14.jar
overgeared	overgeared:copper_boots_amethyst_trim	overgeared-1.21.1-1.6.14.jar
overgeared	overgeared:copper_boots_copper_trim	overgeared-1.21.1-1.6.14.jar
overgeared	overgeared:copper_boots_diamond_trim	overgeared-1.21.1-1.6.14.jar
overgeared	overgeared:copper_boots_emerald_trim	overgeared-1.21.1-1.6.14.jar
overgeared	overgeared:copper_boots_gold_trim	overgeared-1.21.1-1.6.14.jar
overgeared	overgeared:copper_boots_iron_trim	overgeared-1.21.1-1.6.14.jar
overgeared	overgeared:copper_boots_lapis_trim	overgeared-1.21.1-1.6.14.jar
overgeared	overgeared:copper_boots_netherite_trim	overgeared-1.21.1-1.6.14.jar
overgeared	overgeared:copper_boots_quartz_trim	overgeared-1.21.1-1.6.14.jar
overgeared	overgeared:copper_boots_redstone_trim	overgeared-1.21.1-1.6.14.jar
overgeared	overgeared:copper_chestplate	overgeared-1.21.1-1.6.14.jar
overgeared	overgeared:copper_chestplate_amethyst_trim	overgeared-1.21.1-1.6.14.jar
overgeared	overgeared:copper_chestplate_copper_trim	overgeared-1.21.1-1.6.14.jar
overgeared	overgeared:copper_chestplate_diamond_trim	overgeared-1.21.1-1.6.14.jar
overgeared	overgeared:copper_chestplate_emerald_trim	overgeared-1.21.1-1.6.14.jar
overgeared	overgeared:copper_chestplate_gold_trim	overgeared-1.21.1-1.6.14.jar
overgeared	overgeared:copper_chestplate_iron_trim	overgeared-1.21.1-1.6.14.jar
overgeared	overgeared:copper_chestplate_lapis_trim	overgeared-1.21.1-1.6.14.jar
overgeared	overgeared:copper_chestplate_netherite_trim	overgeared-1.21.1-1.6.14.jar
overgeared	overgeared:copper_chestplate_quartz_trim	overgeared-1.21.1-1.6.14.jar
overgeared	overgeared:copper_chestplate_redstone_trim	overgeared-1.21.1-1.6.14.jar
overgeared	overgeared:copper_hammer_head	overgeared-1.21.1-1.6.14.jar
overgeared	overgeared:copper_helmet	overgeared-1.21.1-1.6.14.jar
overgeared	overgeared:copper_helmet_amethyst_trim	overgeared-1.21.1-1.6.14.jar
overgeared	overgeared:copper_helmet_copper_trim	overgeared-1.21.1-1.6.14.jar
overgeared	overgeared:copper_helmet_diamond_trim	overgeared-1.21.1-1.6.14.jar
overgeared	overgeared:copper_helmet_emerald_trim	overgeared-1.21.1-1.6.14.jar
overgeared	overgeared:copper_helmet_gold_trim	overgeared-1.21.1-1.6.14.jar
overgeared	overgeared:copper_helmet_iron_trim	overgeared-1.21.1-1.6.14.jar
overgeared	overgeared:copper_helmet_lapis_trim	overgeared-1.21.1-1.6.14.jar
overgeared	overgeared:copper_helmet_netherite_trim	overgeared-1.21.1-1.6.14.jar
overgeared	overgeared:copper_helmet_quartz_trim	overgeared-1.21.1-1.6.14.jar
overgeared	overgeared:copper_helmet_redstone_trim	overgeared-1.21.1-1.6.14.jar
overgeared	overgeared:copper_hoe	overgeared-1.21.1-1.6.14.jar
overgeared	overgeared:copper_hoe_head	overgeared-1.21.1-1.6.14.jar
overgeared	overgeared:copper_leggings	overgeared-1.21.1-1.6.14.jar
overgeared	overgeared:copper_leggings_amethyst_trim	overgeared-1.21.1-1.6.14.jar
overgeared	overgeared:copper_leggings_copper_trim	overgeared-1.21.1-1.6.14.jar
overgeared	overgeared:copper_leggings_diamond_trim	overgeared-1.21.1-1.6.14.jar
overgeared	overgeared:copper_leggings_emerald_trim	overgeared-1.21.1-1.6.14.jar
overgeared	overgeared:copper_leggings_gold_trim	overgeared-1.21.1-1.6.14.jar
overgeared	overgeared:copper_leggings_iron_trim	overgeared-1.21.1-1.6.14.jar
overgeared	overgeared:copper_leggings_lapis_trim	overgeared-1.21.1-1.6.14.jar
overgeared	overgeared:copper_leggings_netherite_trim	overgeared-1.21.1-1.6.14.jar
overgeared	overgeared:copper_leggings_quartz_trim	overgeared-1.21.1-1.6.14.jar
overgeared	overgeared:copper_leggings_redstone_trim	overgeared-1.21.1-1.6.14.jar
overgeared	overgeared:copper_nugget	overgeared-1.21.1-1.6.14.jar
overgeared	overgeared:copper_pickaxe	overgeared-1.21.1-1.6.14.jar
overgeared	overgeared:copper_pickaxe_head	overgeared-1.21.1-1.6.14.jar
overgeared	overgeared:copper_plate	overgeared-1.21.1-1.6.14.jar
overgeared	overgeared:copper_shovel	overgeared-1.21.1-1.6.14.jar
overgeared	overgeared:copper_shovel_head	overgeared-1.21.1-1.6.14.jar
overgeared	overgeared:copper_smithing_hammer	overgeared-1.21.1-1.6.14.jar
overgeared	overgeared:copper_sword	overgeared-1.21.1-1.6.14.jar
overgeared	overgeared:copper_sword_blade	overgeared-1.21.1-1.6.14.jar
overgeared	overgeared:crude_steel	overgeared-1.21.1-1.6.14.jar
overgeared	overgeared:diamond_arrow	overgeared-1.21.1-1.6.14.jar
overgeared	overgeared:diamond_arrow_lingering	overgeared-1.21.1-1.6.14.jar
overgeared	overgeared:diamond_arrow_tipped	overgeared-1.21.1-1.6.14.jar
overgeared	overgeared:diamond_shard	overgeared-1.21.1-1.6.14.jar
overgeared	overgeared:diamond_upgrade_smithing_template	overgeared-1.21.1-1.6.14.jar
overgeared	overgeared:drafting_table	overgeared-1.21.1-1.6.14.jar
overgeared	overgeared:empty_blueprint	overgeared-1.21.1-1.6.14.jar
overgeared	overgeared:golden_axe_head	overgeared-1.21.1-1.6.14.jar
overgeared	overgeared:golden_hoe_head	overgeared-1.21.1-1.6.14.jar
overgeared	overgeared:golden_pickaxe_head	overgeared-1.21.1-1.6.14.jar
overgeared	overgeared:golden_shovel_head	overgeared-1.21.1-1.6.14.jar
overgeared	overgeared:golden_sword_blade	overgeared-1.21.1-1.6.14.jar
overgeared	overgeared:heated_copper_ingot	overgeared-1.21.1-1.6.14.jar
overgeared	overgeared:heated_crude_steel	overgeared-1.21.1-1.6.14.jar
overgeared	overgeared:heated_iron_ingot	overgeared-1.21.1-1.6.14.jar
overgeared	overgeared:heated_netherite_alloy	overgeared-1.21.1-1.6.14.jar
overgeared	overgeared:heated_silver_ingot	overgeared-1.21.1-1.6.14.jar
overgeared	overgeared:heated_steel_ingot	overgeared-1.21.1-1.6.14.jar
overgeared	overgeared:iron_arrow	overgeared-1.21.1-1.6.14.jar
overgeared	overgeared:iron_arrow_head	overgeared-1.21.1-1.6.14.jar
overgeared	overgeared:iron_arrow_lingering	overgeared-1.21.1-1.6.14.jar
overgeared	overgeared:iron_arrow_tipped	overgeared-1.21.1-1.6.14.jar
overgeared	overgeared:iron_axe_head	overgeared-1.21.1-1.6.14.jar
overgeared	overgeared:iron_hoe_head	overgeared-1.21.1-1.6.14.jar
overgeared	overgeared:iron_pickaxe_head	overgeared-1.21.1-1.6.14.jar
overgeared	overgeared:iron_plate	overgeared-1.21.1-1.6.14.jar
overgeared	overgeared:iron_shovel_head	overgeared-1.21.1-1.6.14.jar
overgeared	overgeared:iron_sword_blade	overgeared-1.21.1-1.6.14.jar
overgeared	overgeared:iron_tong	overgeared-1.21.1-1.6.14.jar
overgeared	overgeared:iron_tongs	overgeared-1.21.1-1.6.14.jar
overgeared	overgeared:knappable_rock	overgeared-1.21.1-1.6.14.jar
overgeared	overgeared:lingering_arrow	overgeared-1.21.1-1.6.14.jar
overgeared	overgeared:lingering_arrow_lingering	overgeared-1.21.1-1.6.14.jar
overgeared	overgeared:nether_alloy_furnace	overgeared-1.21.1-1.6.14.jar
overgeared	overgeared:nether_tool_cast	overgeared-1.21.1-1.6.14.jar
overgeared	overgeared:netherite_alloy	overgeared-1.21.1-1.6.14.jar
overgeared	overgeared:smithing_anvil	overgeared-1.21.1-1.6.14.jar
overgeared	overgeared:smithing_hammer	overgeared-1.21.1-1.6.14.jar
overgeared	overgeared:steel_arrow	overgeared-1.21.1-1.6.14.jar
overgeared	overgeared:steel_arrow_head	overgeared-1.21.1-1.6.14.jar
overgeared	overgeared:steel_arrow_lingering	overgeared-1.21.1-1.6.14.jar
overgeared	overgeared:steel_arrow_tipped	overgeared-1.21.1-1.6.14.jar
overgeared	overgeared:steel_axe	overgeared-1.21.1-1.6.14.jar
overgeared	overgeared:steel_axe_head	overgeared-1.21.1-1.6.14.jar
overgeared	overgeared:steel_block	overgeared-1.21.1-1.6.14.jar
overgeared	overgeared:steel_boots	overgeared-1.21.1-1.6.14.jar
overgeared	overgeared:steel_boots_amethyst_trim	overgeared-1.21.1-1.6.14.jar
overgeared	overgeared:steel_boots_copper_trim	overgeared-1.21.1-1.6.14.jar
overgeared	overgeared:steel_boots_diamond_trim	overgeared-1.21.1-1.6.14.jar
overgeared	overgeared:steel_boots_emerald_trim	overgeared-1.21.1-1.6.14.jar
overgeared	overgeared:steel_boots_gold_trim	overgeared-1.21.1-1.6.14.jar
overgeared	overgeared:steel_boots_iron_trim	overgeared-1.21.1-1.6.14.jar
overgeared	overgeared:steel_boots_lapis_trim	overgeared-1.21.1-1.6.14.jar
overgeared	overgeared:steel_boots_netherite_trim	overgeared-1.21.1-1.6.14.jar
overgeared	overgeared:steel_boots_quartz_trim	overgeared-1.21.1-1.6.14.jar
overgeared	overgeared:steel_boots_redstone_trim	overgeared-1.21.1-1.6.14.jar
overgeared	overgeared:steel_chestplate	overgeared-1.21.1-1.6.14.jar
overgeared	overgeared:steel_chestplate_amethyst_trim	overgeared-1.21.1-1.6.14.jar
overgeared	overgeared:steel_chestplate_copper_trim	overgeared-1.21.1-1.6.14.jar
overgeared	overgeared:steel_chestplate_diamond_trim	overgeared-1.21.1-1.6.14.jar
overgeared	overgeared:steel_chestplate_emerald_trim	overgeared-1.21.1-1.6.14.jar
overgeared	overgeared:steel_chestplate_gold_trim	overgeared-1.21.1-1.6.14.jar
overgeared	overgeared:steel_chestplate_iron_trim	overgeared-1.21.1-1.6.14.jar
overgeared	overgeared:steel_chestplate_lapis_trim	overgeared-1.21.1-1.6.14.jar
overgeared	overgeared:steel_chestplate_netherite_trim	overgeared-1.21.1-1.6.14.jar
overgeared	overgeared:steel_chestplate_quartz_trim	overgeared-1.21.1-1.6.14.jar
overgeared	overgeared:steel_chestplate_redstone_trim	overgeared-1.21.1-1.6.14.jar
overgeared	overgeared:steel_hammer_head	overgeared-1.21.1-1.6.14.jar
overgeared	overgeared:steel_helmet	overgeared-1.21.1-1.6.14.jar
overgeared	overgeared:steel_helmet_amethyst_trim	overgeared-1.21.1-1.6.14.jar
overgeared	overgeared:steel_helmet_copper_trim	overgeared-1.21.1-1.6.14.jar
overgeared	overgeared:steel_helmet_diamond_trim	overgeared-1.21.1-1.6.14.jar
overgeared	overgeared:steel_helmet_emerald_trim	overgeared-1.21.1-1.6.14.jar
overgeared	overgeared:steel_helmet_gold_trim	overgeared-1.21.1-1.6.14.jar
overgeared	overgeared:steel_helmet_iron_trim	overgeared-1.21.1-1.6.14.jar
overgeared	overgeared:steel_helmet_lapis_trim	overgeared-1.21.1-1.6.14.jar
overgeared	overgeared:steel_helmet_netherite_trim	overgeared-1.21.1-1.6.14.jar
overgeared	overgeared:steel_helmet_quartz_trim	overgeared-1.21.1-1.6.14.jar
overgeared	overgeared:steel_helmet_redstone_trim	overgeared-1.21.1-1.6.14.jar
overgeared	overgeared:steel_hoe	overgeared-1.21.1-1.6.14.jar
overgeared	overgeared:steel_hoe_head	overgeared-1.21.1-1.6.14.jar
overgeared	overgeared:steel_ingot	overgeared-1.21.1-1.6.14.jar
overgeared	overgeared:steel_leggings	overgeared-1.21.1-1.6.14.jar
overgeared	overgeared:steel_leggings_amethyst_trim	overgeared-1.21.1-1.6.14.jar
overgeared	overgeared:steel_leggings_copper_trim	overgeared-1.21.1-1.6.14.jar
overgeared	overgeared:steel_leggings_diamond_trim	overgeared-1.21.1-1.6.14.jar
overgeared	overgeared:steel_leggings_emerald_trim	overgeared-1.21.1-1.6.14.jar
overgeared	overgeared:steel_leggings_gold_trim	overgeared-1.21.1-1.6.14.jar
overgeared	overgeared:steel_leggings_iron_trim	overgeared-1.21.1-1.6.14.jar
overgeared	overgeared:steel_leggings_lapis_trim	overgeared-1.21.1-1.6.14.jar
overgeared	overgeared:steel_leggings_netherite_trim	overgeared-1.21.1-1.6.14.jar
overgeared	overgeared:steel_leggings_quartz_trim	overgeared-1.21.1-1.6.14.jar
overgeared	overgeared:steel_leggings_redstone_trim	overgeared-1.21.1-1.6.14.jar
overgeared	overgeared:steel_nugget	overgeared-1.21.1-1.6.14.jar
overgeared	overgeared:steel_pickaxe	overgeared-1.21.1-1.6.14.jar
overgeared	overgeared:steel_pickaxe_head	overgeared-1.21.1-1.6.14.jar
overgeared	overgeared:steel_plate	overgeared-1.21.1-1.6.14.jar
overgeared	overgeared:steel_shovel	overgeared-1.21.1-1.6.14.jar
overgeared	overgeared:steel_shovel_head	overgeared-1.21.1-1.6.14.jar
overgeared	overgeared:steel_sword	overgeared-1.21.1-1.6.14.jar
overgeared	overgeared:steel_sword_blade	overgeared-1.21.1-1.6.14.jar
overgeared	overgeared:steel_tong	overgeared-1.21.1-1.6.14.jar
overgeared	overgeared:steel_tongs	overgeared-1.21.1-1.6.14.jar
overgeared	overgeared:stone_anvil	overgeared-1.21.1-1.6.14.jar
overgeared	overgeared:stone_axe_head	overgeared-1.21.1-1.6.14.jar
overgeared	overgeared:stone_hammer_head	overgeared-1.21.1-1.6.14.jar
overgeared	overgeared:stone_hoe_head	overgeared-1.21.1-1.6.14.jar
overgeared	overgeared:stone_pickaxe_head	overgeared-1.21.1-1.6.14.jar
overgeared	overgeared:stone_shovel_head	overgeared-1.21.1-1.6.14.jar
overgeared	overgeared:stone_sword_blade	overgeared-1.21.1-1.6.14.jar
overgeared	overgeared:tier_a_smithing_anvil	overgeared-1.21.1-1.6.14.jar
overgeared	overgeared:tier_b_smithing_anvil	overgeared-1.21.1-1.6.14.jar
overgeared	overgeared:unfired_tool_cast	overgeared-1.21.1-1.6.14.jar
overgeared	overgeared:wooden_tongs	overgeared-1.21.1-1.6.14.jar
p1nero_bow	p1nero_bow:mortis	p1nero_bow-neoforge1.21.1-21.16.1.0-neoforge.jar
p1nero_bow	p1nero_bow:mortis_pulling_0	p1nero_bow-neoforge1.21.1-21.16.1.0-neoforge.jar
p1nero_bow	p1nero_bow:mortis_pulling_1	p1nero_bow-neoforge1.21.1-21.16.1.0-neoforge.jar
p1nero_bow	p1nero_bow:mortis_pulling_2	p1nero_bow-neoforge1.21.1-21.16.1.0-neoforge.jar
parcool	parcool:iron_zipline_hook	ParCool-1.21.1-3.4.3.3-NF.jar
parcool	parcool:parcool_guide	parcool.jar
parcool	parcool:parcool_guide	ParCool-1.21.1-3.4.3.3-NF.jar
parcool	parcool:wooden_zipline_hook	ParCool-1.21.1-3.4.3.3-NF.jar
parcool	parcool:zipline_rope	ParCool-1.21.1-3.4.3.3-NF.jar
patchouli	patchouli:book_blue	Patchouli-1.21.1-93-NEOFORGE.jar
patchouli	patchouli:book_brown	Patchouli-1.21.1-93-NEOFORGE.jar
patchouli	patchouli:book_completion	Patchouli-1.21.1-93-NEOFORGE.jar
patchouli	patchouli:book_cyan	Patchouli-1.21.1-93-NEOFORGE.jar
patchouli	patchouli:book_gray	Patchouli-1.21.1-93-NEOFORGE.jar
patchouli	patchouli:book_green	Patchouli-1.21.1-93-NEOFORGE.jar
patchouli	patchouli:book_purple	Patchouli-1.21.1-93-NEOFORGE.jar
patchouli	patchouli:book_red	Patchouli-1.21.1-93-NEOFORGE.jar
patchouli	patchouli:guide_book	Patchouli-1.21.1-93-NEOFORGE.jar
quark	quark:abacus	Quark-4.1-481.jar
quark	quark:abacus_0	Quark-4.1-481.jar
quark	quark:abacus_1	Quark-4.1-481.jar
quark	quark:abacus_10	Quark-4.1-481.jar
quark	quark:abacus_11	Quark-4.1-481.jar
quark	quark:abacus_12	Quark-4.1-481.jar
quark	quark:abacus_13	Quark-4.1-481.jar
quark	quark:abacus_14	Quark-4.1-481.jar
quark	quark:abacus_15	Quark-4.1-481.jar
quark	quark:abacus_16	Quark-4.1-481.jar
quark	quark:abacus_17	Quark-4.1-481.jar
quark	quark:abacus_18	Quark-4.1-481.jar
quark	quark:abacus_19	Quark-4.1-481.jar
quark	quark:abacus_2	Quark-4.1-481.jar
quark	quark:abacus_20	Quark-4.1-481.jar
quark	quark:abacus_21	Quark-4.1-481.jar
quark	quark:abacus_22	Quark-4.1-481.jar
quark	quark:abacus_23	Quark-4.1-481.jar
quark	quark:abacus_24	Quark-4.1-481.jar
quark	quark:abacus_25	Quark-4.1-481.jar
quark	quark:abacus_26	Quark-4.1-481.jar
quark	quark:abacus_27	Quark-4.1-481.jar
quark	quark:abacus_28	Quark-4.1-481.jar
quark	quark:abacus_29	Quark-4.1-481.jar
quark	quark:abacus_3	Quark-4.1-481.jar
quark	quark:abacus_30	Quark-4.1-481.jar
quark	quark:abacus_31	Quark-4.1-481.jar
quark	quark:abacus_32	Quark-4.1-481.jar
quark	quark:abacus_33	Quark-4.1-481.jar
quark	quark:abacus_34	Quark-4.1-481.jar
quark	quark:abacus_35	Quark-4.1-481.jar
quark	quark:abacus_36	Quark-4.1-481.jar
quark	quark:abacus_37	Quark-4.1-481.jar
quark	quark:abacus_38	Quark-4.1-481.jar
quark	quark:abacus_39	Quark-4.1-481.jar
quark	quark:abacus_4	Quark-4.1-481.jar
quark	quark:abacus_40	Quark-4.1-481.jar
quark	quark:abacus_41	Quark-4.1-481.jar
quark	quark:abacus_42	Quark-4.1-481.jar
quark	quark:abacus_43	Quark-4.1-481.jar
quark	quark:abacus_44	Quark-4.1-481.jar
quark	quark:abacus_45	Quark-4.1-481.jar
quark	quark:abacus_46	Quark-4.1-481.jar
quark	quark:abacus_47	Quark-4.1-481.jar
quark	quark:abacus_48	Quark-4.1-481.jar
quark	quark:abacus_5	Quark-4.1-481.jar
quark	quark:abacus_6	Quark-4.1-481.jar
quark	quark:abacus_7	Quark-4.1-481.jar
quark	quark:abacus_8	Quark-4.1-481.jar
quark	quark:abacus_9	Quark-4.1-481.jar
quark	quark:abacus_unset	Quark-4.1-481.jar
quark	quark:acacia_bookshelf	Quark-4.1-481.jar
quark	quark:acacia_chest	Quark-4.1-481.jar
quark	quark:acacia_hedge	Quark-4.1-481.jar
quark	quark:acacia_ladder	Quark-4.1-481.jar
quark	quark:acacia_leaf_carpet	Quark-4.1-481.jar
quark	quark:acacia_post	Quark-4.1-481.jar
quark	quark:acacia_slab	Quark-4.1-481.jar
quark	quark:acacia_vertical_slab	Quark-4.1-481.jar
quark	quark:ancient_boat	Quark-4.1-481.jar
quark	quark:ancient_bookshelf	Quark-4.1-481.jar
quark	quark:ancient_button	Quark-4.1-481.jar
quark	quark:ancient_chest	Quark-4.1-481.jar
quark	quark:ancient_chest_boat	Quark-4.1-481.jar
quark	quark:ancient_door	Quark-4.1-481.jar
quark	quark:ancient_fence	Quark-4.1-481.jar
quark	quark:ancient_fence_gate	Quark-4.1-481.jar
quark	quark:ancient_fruit	Quark-4.1-481.jar
quark	quark:ancient_hanging_sign	Quark-4.1-481.jar
quark	quark:ancient_hedge	Quark-4.1-481.jar
quark	quark:ancient_ladder	Quark-4.1-481.jar
quark	quark:ancient_leaf_carpet	Quark-4.1-481.jar
quark	quark:ancient_leaves	Quark-4.1-481.jar
quark	quark:ancient_log	Quark-4.1-481.jar
quark	quark:ancient_planks	Quark-4.1-481.jar
quark	quark:ancient_planks_slab	Quark-4.1-481.jar
quark	quark:ancient_planks_stairs	Quark-4.1-481.jar
quark	quark:ancient_planks_vertical_slab	Quark-4.1-481.jar
quark	quark:ancient_post	Quark-4.1-481.jar
quark	quark:ancient_pressure_plate	Quark-4.1-481.jar
quark	quark:ancient_sapling	Quark-4.1-481.jar
quark	quark:ancient_sign	Quark-4.1-481.jar
quark	quark:ancient_tome	Quark-4.1-481.jar
quark	quark:ancient_trapdoor	Quark-4.1-481.jar
quark	quark:ancient_wood	Quark-4.1-481.jar
quark	quark:andesite_bricks	Quark-4.1-481.jar
quark	quark:andesite_bricks_slab	Quark-4.1-481.jar
quark	quark:andesite_bricks_stairs	Quark-4.1-481.jar
quark	quark:andesite_bricks_vertical_slab	Quark-4.1-481.jar
quark	quark:andesite_bricks_wall	Quark-4.1-481.jar
quark	quark:andesite_pillar	Quark-4.1-481.jar
quark	quark:andesite_slab	Quark-4.1-481.jar
quark	quark:andesite_vertical_slab	Quark-4.1-481.jar
quark	quark:apple_crate	Quark-4.1-481.jar
quark	quark:axolotl_bucket_blue	Quark-4.1-481.jar
quark	quark:axolotl_bucket_cyan	Quark-4.1-481.jar
quark	quark:axolotl_bucket_gold	Quark-4.1-481.jar
quark	quark:axolotl_bucket_wild	Quark-4.1-481.jar
quark	quark:azalea_boat	Quark-4.1-481.jar
quark	quark:azalea_bookshelf	Quark-4.1-481.jar
quark	quark:azalea_button	Quark-4.1-481.jar
quark	quark:azalea_chest	Quark-4.1-481.jar
quark	quark:azalea_chest_boat	Quark-4.1-481.jar
quark	quark:azalea_door	Quark-4.1-481.jar
quark	quark:azalea_fence	Quark-4.1-481.jar
quark	quark:azalea_fence_gate	Quark-4.1-481.jar
quark	quark:azalea_hanging_sign	Quark-4.1-481.jar
quark	quark:azalea_hedge	Quark-4.1-481.jar
quark	quark:azalea_ladder	Quark-4.1-481.jar
quark	quark:azalea_leaf_carpet	Quark-4.1-481.jar
quark	quark:azalea_log	Quark-4.1-481.jar
quark	quark:azalea_planks	Quark-4.1-481.jar
quark	quark:azalea_planks_slab	Quark-4.1-481.jar
quark	quark:azalea_planks_stairs	Quark-4.1-481.jar
quark	quark:azalea_planks_vertical_slab	Quark-4.1-481.jar
quark	quark:azalea_post	Quark-4.1-481.jar
quark	quark:azalea_pressure_plate	Quark-4.1-481.jar
quark	quark:azalea_sign	Quark-4.1-481.jar
quark	quark:azalea_trapdoor	Quark-4.1-481.jar
quark	quark:azalea_wood	Quark-4.1-481.jar
quark	quark:backpack	Quark-4.1-481.jar
quark	quark:backpack_locked	Quark-4.1-481.jar
quark	quark:bamboo_bookshelf	Quark-4.1-481.jar
quark	quark:bamboo_chest	Quark-4.1-481.jar
quark	quark:bamboo_ladder	Quark-4.1-481.jar
quark	quark:bamboo_mat	Quark-4.1-481.jar
quark	quark:bamboo_mat_carpet	Quark-4.1-481.jar
quark	quark:bamboo_mosaic_vertical_slab	Quark-4.1-481.jar
quark	quark:bamboo_planks_vertical_slab	Quark-4.1-481.jar
quark	quark:bamboo_post	Quark-4.1-481.jar
quark	quark:bamboo_vertical_slab	Quark-4.1-481.jar
quark	quark:beetroot_crate	Quark-4.1-481.jar
quark	quark:berry_sack	Quark-4.1-481.jar
quark	quark:birch_bookshelf	Quark-4.1-481.jar
quark	quark:birch_chest	Quark-4.1-481.jar
quark	quark:birch_hedge	Quark-4.1-481.jar
quark	quark:birch_ladder	Quark-4.1-481.jar
quark	quark:birch_leaf_carpet	Quark-4.1-481.jar
quark	quark:birch_post	Quark-4.1-481.jar
quark	quark:birch_slab	Quark-4.1-481.jar
quark	quark:birch_vertical_slab	Quark-4.1-481.jar
quark	quark:black_corundum	Quark-4.1-481.jar
quark	quark:black_corundum_cluster	Quark-4.1-481.jar
quark	quark:black_corundum_pane	Quark-4.1-481.jar
quark	quark:black_crystal_lamp	Quark-4.1-481.jar
quark	quark:black_frame_empty	Quark-4.1-481.jar
quark	quark:black_frame_map	Quark-4.1-481.jar
quark	quark:black_framed_glass	Quark-4.1-481.jar
quark	quark:black_framed_glass_pane	Quark-4.1-481.jar
quark	quark:black_shard	Quark-4.1-481.jar
quark	quark:black_shingles	Quark-4.1-481.jar
quark	quark:black_shingles_slab	Quark-4.1-481.jar
quark	quark:black_shingles_stairs	Quark-4.1-481.jar
quark	quark:black_shingles_vertical_slab	Quark-4.1-481.jar
quark	quark:black_stool	Quark-4.1-481.jar
quark	quark:blackstone_bricks	Quark-4.1-481.jar
quark	quark:blackstone_bricks_slab	Quark-4.1-481.jar
quark	quark:blackstone_bricks_stairs	Quark-4.1-481.jar
quark	quark:blackstone_bricks_vertical_slab	Quark-4.1-481.jar
quark	quark:blackstone_bricks_wall	Quark-4.1-481.jar
quark	quark:blackstone_furnace	Quark-4.1-481.jar
quark	quark:blackstone_vertical_slab	Quark-4.1-481.jar
quark	quark:blaze_lantern	Quark-4.1-481.jar
quark	quark:blossom_boat	Quark-4.1-481.jar
quark	quark:blossom_bookshelf	Quark-4.1-481.jar
quark	quark:blossom_button	Quark-4.1-481.jar
quark	quark:blossom_chest	Quark-4.1-481.jar
quark	quark:blossom_chest_boat	Quark-4.1-481.jar
quark	quark:blossom_door	Quark-4.1-481.jar
quark	quark:blossom_fence	Quark-4.1-481.jar
quark	quark:blossom_fence_gate	Quark-4.1-481.jar
quark	quark:blossom_hanging_sign	Quark-4.1-481.jar
quark	quark:blossom_ladder	Quark-4.1-481.jar
quark	quark:blossom_log	Quark-4.1-481.jar
quark	quark:blossom_planks	Quark-4.1-481.jar
quark	quark:blossom_planks_slab	Quark-4.1-481.jar
quark	quark:blossom_planks_stairs	Quark-4.1-481.jar
quark	quark:blossom_planks_vertical_slab	Quark-4.1-481.jar
quark	quark:blossom_post	Quark-4.1-481.jar
quark	quark:blossom_pressure_plate	Quark-4.1-481.jar
quark	quark:blossom_sign	Quark-4.1-481.jar
quark	quark:blossom_trapdoor	Quark-4.1-481.jar
quark	quark:blossom_wood	Quark-4.1-481.jar
quark	quark:blue_blossom_hedge	Quark-4.1-481.jar
quark	quark:blue_blossom_leaf_carpet	Quark-4.1-481.jar
quark	quark:blue_blossom_leaves	Quark-4.1-481.jar
quark	quark:blue_blossom_sapling	Quark-4.1-481.jar
quark	quark:blue_corundum	Quark-4.1-481.jar
quark	quark:blue_corundum_cluster	Quark-4.1-481.jar
quark	quark:blue_corundum_pane	Quark-4.1-481.jar
quark	quark:blue_crystal_lamp	Quark-4.1-481.jar
quark	quark:blue_frame_empty	Quark-4.1-481.jar
quark	quark:blue_frame_map	Quark-4.1-481.jar
quark	quark:blue_framed_glass	Quark-4.1-481.jar
quark	quark:blue_framed_glass_pane	Quark-4.1-481.jar
quark	quark:blue_nether_bricks	Quark-4.1-481.jar
quark	quark:blue_nether_bricks_slab	Quark-4.1-481.jar
quark	quark:blue_nether_bricks_stairs	Quark-4.1-481.jar
quark	quark:blue_nether_bricks_vertical_slab	Quark-4.1-481.jar
quark	quark:blue_nether_bricks_wall	Quark-4.1-481.jar
quark	quark:blue_shard	Quark-4.1-481.jar
quark	quark:blue_shingles	Quark-4.1-481.jar
quark	quark:blue_shingles_slab	Quark-4.1-481.jar
quark	quark:blue_shingles_stairs	Quark-4.1-481.jar
quark	quark:blue_shingles_vertical_slab	Quark-4.1-481.jar
quark	quark:blue_stool	Quark-4.1-481.jar
quark	quark:bonded_leather	Quark-4.1-481.jar
quark	quark:bonded_rabbit_hide	Quark-4.1-481.jar
quark	quark:bonded_ravager_hide	Quark-4.1-481.jar
quark	quark:bottled_cloud	Quark-4.1-481.jar
quark	quark:brick_slab	Quark-4.1-481.jar
quark	quark:brick_vertical_slab	Quark-4.1-481.jar
quark	quark:brown_frame_empty	Quark-4.1-481.jar
quark	quark:brown_frame_map	Quark-4.1-481.jar
quark	quark:brown_framed_glass	Quark-4.1-481.jar
quark	quark:brown_framed_glass_pane	Quark-4.1-481.jar
quark	quark:brown_shard	Quark-4.1-481.jar
quark	quark:brown_shingles	Quark-4.1-481.jar
quark	quark:brown_shingles_slab	Quark-4.1-481.jar
quark	quark:brown_shingles_stairs	Quark-4.1-481.jar
quark	quark:brown_shingles_vertical_slab	Quark-4.1-481.jar
quark	quark:brown_stool	Quark-4.1-481.jar
quark	quark:cactus_block	Quark-4.1-481.jar
quark	quark:calcite_bricks	Quark-4.1-481.jar
quark	quark:calcite_bricks_slab	Quark-4.1-481.jar
quark	quark:calcite_bricks_stairs	Quark-4.1-481.jar
quark	quark:calcite_bricks_vertical_slab	Quark-4.1-481.jar
quark	quark:calcite_bricks_wall	Quark-4.1-481.jar
quark	quark:calcite_pillar	Quark-4.1-481.jar
quark	quark:calcite_slab	Quark-4.1-481.jar
quark	quark:calcite_stairs	Quark-4.1-481.jar
quark	quark:calcite_vertical_slab	Quark-4.1-481.jar
quark	quark:calcite_wall	Quark-4.1-481.jar
quark	quark:carrot_crate	Quark-4.1-481.jar
quark	quark:carved_mud_bricks	Quark-4.1-481.jar
quark	quark:charcoal_block	Quark-4.1-481.jar
quark	quark:cherry_bookshelf	Quark-4.1-481.jar
quark	quark:cherry_chest	Quark-4.1-481.jar
quark	quark:cherry_hedge	Quark-4.1-481.jar
quark	quark:cherry_ladder	Quark-4.1-481.jar
quark	quark:cherry_leaf_carpet	Quark-4.1-481.jar
quark	quark:cherry_post	Quark-4.1-481.jar
quark	quark:cherry_slab	Quark-4.1-481.jar
quark	quark:cherry_vertical_slab	Quark-4.1-481.jar
quark	quark:chiseled_andesite_bricks	Quark-4.1-481.jar
quark	quark:chiseled_calcite_bricks	Quark-4.1-481.jar
quark	quark:chiseled_diorite_bricks	Quark-4.1-481.jar
quark	quark:chiseled_dripstone_bricks	Quark-4.1-481.jar
quark	quark:chiseled_granite_bricks	Quark-4.1-481.jar
quark	quark:chiseled_jasper_bricks	Quark-4.1-481.jar
quark	quark:chiseled_limestone_bricks	Quark-4.1-481.jar
quark	quark:chiseled_myalite_bricks	Quark-4.1-481.jar
quark	quark:chiseled_shale_bricks	Quark-4.1-481.jar
quark	quark:chiseled_soul_sandstone	Quark-4.1-481.jar
quark	quark:chiseled_tuff_bricks	Quark-4.1-481.jar
quark	quark:chorus_fruit_block	Quark-4.1-481.jar
quark	quark:chorus_twist	Quark-4.1-481.jar
quark	quark:chorus_weeds	Quark-4.1-481.jar
quark	quark:chute	Quark-4.1-481.jar
quark	quark:clear_shard	Quark-4.1-481.jar
quark	quark:cloud	Quark-4.1-481.jar
quark	quark:cobbled_deepslate_vertical_slab	Quark-4.1-481.jar
quark	quark:cobblestone_bricks	Quark-4.1-481.jar
quark	quark:cobblestone_bricks_slab	Quark-4.1-481.jar
quark	quark:cobblestone_bricks_stairs	Quark-4.1-481.jar
quark	quark:cobblestone_bricks_vertical_slab	Quark-4.1-481.jar
quark	quark:cobblestone_bricks_wall	Quark-4.1-481.jar
quark	quark:cobblestone_slab	Quark-4.1-481.jar
quark	quark:cobblestone_vertical_slab	Quark-4.1-481.jar
quark	quark:cocoa_beans_sack	Quark-4.1-481.jar
quark	quark:colored_frame_empty	Quark-4.1-481.jar
quark	quark:colored_frame_map	Quark-4.1-481.jar
quark	quark:cooked_crab_leg	Quark-4.1-481.jar
quark	quark:crab_bucket	Quark-4.1-481.jar
quark	quark:crab_bucket_blue	Quark-4.1-481.jar
quark	quark:crab_bucket_green	Quark-4.1-481.jar
quark	quark:crab_leg	Quark-4.1-481.jar
quark	quark:crab_shell	Quark-4.1-481.jar
quark	quark:crafter	Quark-4.1-481.jar
quark	quark:crate	Quark-4.1-481.jar
quark	quark:crimson_bookshelf	Quark-4.1-481.jar
quark	quark:crimson_chest	Quark-4.1-481.jar
quark	quark:crimson_ladder	Quark-4.1-481.jar
quark	quark:crimson_post	Quark-4.1-481.jar
quark	quark:crimson_vertical_slab	Quark-4.1-481.jar
quark	quark:cut_copper_vertical_slab	Quark-4.1-481.jar
quark	quark:cut_red_sandstone_slab	Quark-4.1-481.jar
quark	quark:cut_red_sandstone_vertical_slab	Quark-4.1-481.jar
quark	quark:cut_sandstone_slab	Quark-4.1-481.jar
quark	quark:cut_sandstone_vertical_slab	Quark-4.1-481.jar
quark	quark:cut_soul_sandstone	Quark-4.1-481.jar
quark	quark:cut_soul_sandstone_slab	Quark-4.1-481.jar
quark	quark:cut_soul_sandstone_vertical_slab	Quark-4.1-481.jar
quark	quark:cut_vine	Quark-4.1-481.jar
quark	quark:cyan_frame_empty	Quark-4.1-481.jar
quark	quark:cyan_frame_map	Quark-4.1-481.jar
quark	quark:cyan_framed_glass	Quark-4.1-481.jar
quark	quark:cyan_framed_glass_pane	Quark-4.1-481.jar
quark	quark:cyan_shard	Quark-4.1-481.jar
quark	quark:cyan_shingles	Quark-4.1-481.jar
quark	quark:cyan_shingles_slab	Quark-4.1-481.jar
quark	quark:cyan_shingles_stairs	Quark-4.1-481.jar
quark	quark:cyan_shingles_vertical_slab	Quark-4.1-481.jar
quark	quark:cyan_stool	Quark-4.1-481.jar
quark	quark:dark_oak_bookshelf	Quark-4.1-481.jar
quark	quark:dark_oak_chest	Quark-4.1-481.jar
quark	quark:dark_oak_hedge	Quark-4.1-481.jar
quark	quark:dark_oak_ladder	Quark-4.1-481.jar
quark	quark:dark_oak_leaf_carpet	Quark-4.1-481.jar
quark	quark:dark_oak_post	Quark-4.1-481.jar
quark	quark:dark_oak_slab	Quark-4.1-481.jar
quark	quark:dark_oak_vertical_slab	Quark-4.1-481.jar
quark	quark:dark_prismarine_slab	Quark-4.1-481.jar
quark	quark:dark_prismarine_vertical_slab	Quark-4.1-481.jar
quark	quark:deepslate_brick_vertical_slab	Quark-4.1-481.jar
quark	quark:deepslate_furnace	Quark-4.1-481.jar
quark	quark:deepslate_tile_vertical_slab	Quark-4.1-481.jar
quark	quark:diamond_heart	Quark-4.1-481.jar
quark	quark:diorite_bricks	Quark-4.1-481.jar
quark	quark:diorite_bricks_slab	Quark-4.1-481.jar
quark	quark:diorite_bricks_stairs	Quark-4.1-481.jar
quark	quark:diorite_bricks_vertical_slab	Quark-4.1-481.jar
quark	quark:diorite_bricks_wall	Quark-4.1-481.jar
quark	quark:diorite_pillar	Quark-4.1-481.jar
quark	quark:diorite_slab	Quark-4.1-481.jar
quark	quark:diorite_vertical_slab	Quark-4.1-481.jar
quark	quark:dirt_bricks	Quark-4.1-481.jar
quark	quark:dirt_bricks_slab	Quark-4.1-481.jar
quark	quark:dirt_bricks_stairs	Quark-4.1-481.jar
quark	quark:dirt_bricks_vertical_slab	Quark-4.1-481.jar
quark	quark:dirt_bricks_wall	Quark-4.1-481.jar
quark	quark:dirty_glass	Quark-4.1-481.jar
quark	quark:dirty_glass_pane	Quark-4.1-481.jar
quark	quark:dirty_shard	Quark-4.1-481.jar
quark	quark:dragon_scale	Quark-4.1-481.jar
quark	quark:dripstone_block_slab	Quark-4.1-481.jar
quark	quark:dripstone_block_stairs	Quark-4.1-481.jar
quark	quark:dripstone_block_vertical_slab	Quark-4.1-481.jar
quark	quark:dripstone_block_wall	Quark-4.1-481.jar
quark	quark:dripstone_bricks	Quark-4.1-481.jar
quark	quark:dripstone_bricks_slab	Quark-4.1-481.jar
quark	quark:dripstone_bricks_stairs	Quark-4.1-481.jar
quark	quark:dripstone_bricks_vertical_slab	Quark-4.1-481.jar
quark	quark:dripstone_bricks_wall	Quark-4.1-481.jar
quark	quark:dripstone_pillar	Quark-4.1-481.jar
quark	quark:duskbound_block	Quark-4.1-481.jar
quark	quark:duskbound_block_slab	Quark-4.1-481.jar
quark	quark:duskbound_block_stairs	Quark-4.1-481.jar
quark	quark:duskbound_block_vertical_slab	Quark-4.1-481.jar
quark	quark:duskbound_lantern	Quark-4.1-481.jar
quark	quark:dusky_myalite	Quark-4.1-481.jar
quark	quark:dyed_glow_item_frame	Quark-4.1-481.jar
quark	quark:dyed_item_frame	Quark-4.1-481.jar
quark	quark:egg_parrot_blue	Quark-4.1-481.jar
quark	quark:egg_parrot_gray	Quark-4.1-481.jar
quark	quark:egg_parrot_green	Quark-4.1-481.jar
quark	quark:egg_parrot_red_blue	Quark-4.1-481.jar
quark	quark:egg_parrot_yellow_blue	Quark-4.1-481.jar
quark	quark:encased_pipe	Quark-4.1-481.jar
quark	quark:end_stone_brick_slab	Quark-4.1-481.jar
quark	quark:end_stone_brick_vertical_slab	Quark-4.1-481.jar
quark	quark:ender_watcher	Quark-4.1-481.jar
quark	quark:exposed_cut_copper_vertical_slab	Quark-4.1-481.jar
quark	quark:extra/dyed_item_frame	Quark-4.1-481.jar
quark	quark:extra/dyed_item_frame_frame	Quark-4.1-481.jar
quark	quark:extra/dyed_item_frame_map	Quark-4.1-481.jar
quark	quark:extra/glass_item_frame	Quark-4.1-481.jar
quark	quark:extra/pipe_flare	Quark-4.1-481.jar
quark	quark:extra/totem_of_holding	Quark-4.1-481.jar
quark	quark:feeding_trough	Quark-4.1-481.jar
quark	quark:flamerang	Quark-4.1-481.jar
quark	quark:flowering_azalea_hedge	Quark-4.1-481.jar
quark	quark:flowering_azalea_leaf_carpet	Quark-4.1-481.jar
quark	quark:forgotten_hat	Quark-4.1-481.jar
quark	quark:framed_glass	Quark-4.1-481.jar
quark	quark:framed_glass_pane	Quark-4.1-481.jar
quark	quark:glass_item_frame	Quark-4.1-481.jar
quark	quark:glow_lichen_growth	Quark-4.1-481.jar
quark	quark:glow_shroom	Quark-4.1-481.jar
quark	quark:glow_shroom_block	Quark-4.1-481.jar
quark	quark:glow_shroom_ring	Quark-4.1-481.jar
quark	quark:glow_shroom_stem	Quark-4.1-481.jar
quark	quark:glowberry_sack	Quark-4.1-481.jar
quark	quark:glowing_glass_item_frame	Quark-4.1-481.jar
quark	quark:gold_bars	Quark-4.1-481.jar
quark	quark:gold_button	Quark-4.1-481.jar
quark	quark:golden_apple_crate	Quark-4.1-481.jar
quark	quark:golden_carrot_crate	Quark-4.1-481.jar
quark	quark:granite_bricks	Quark-4.1-481.jar
quark	quark:granite_bricks_slab	Quark-4.1-481.jar
quark	quark:granite_bricks_stairs	Quark-4.1-481.jar
quark	quark:granite_bricks_vertical_slab	Quark-4.1-481.jar
quark	quark:granite_bricks_wall	Quark-4.1-481.jar
quark	quark:granite_pillar	Quark-4.1-481.jar
quark	quark:granite_slab	Quark-4.1-481.jar
quark	quark:granite_vertical_slab	Quark-4.1-481.jar
quark	quark:grate	Quark-4.1-481.jar
quark	quark:gravisand	Quark-4.1-481.jar
quark	quark:gray_frame_empty	Quark-4.1-481.jar
quark	quark:gray_frame_map	Quark-4.1-481.jar
quark	quark:gray_framed_glass	Quark-4.1-481.jar
quark	quark:gray_framed_glass_pane	Quark-4.1-481.jar
quark	quark:gray_shard	Quark-4.1-481.jar
quark	quark:gray_shingles	Quark-4.1-481.jar
quark	quark:gray_shingles_slab	Quark-4.1-481.jar
quark	quark:gray_shingles_stairs	Quark-4.1-481.jar
quark	quark:gray_shingles_vertical_slab	Quark-4.1-481.jar
quark	quark:gray_stool	Quark-4.1-481.jar
quark	quark:green_corundum	Quark-4.1-481.jar
quark	quark:green_corundum_cluster	Quark-4.1-481.jar
quark	quark:green_corundum_pane	Quark-4.1-481.jar
quark	quark:green_crystal_lamp	Quark-4.1-481.jar
quark	quark:green_frame_empty	Quark-4.1-481.jar
quark	quark:green_frame_map	Quark-4.1-481.jar
quark	quark:green_framed_glass	Quark-4.1-481.jar
quark	quark:green_framed_glass_pane	Quark-4.1-481.jar
quark	quark:green_shard	Quark-4.1-481.jar
quark	quark:green_shingles	Quark-4.1-481.jar
quark	quark:green_shingles_slab	Quark-4.1-481.jar
quark	quark:green_shingles_stairs	Quark-4.1-481.jar
quark	quark:green_shingles_vertical_slab	Quark-4.1-481.jar
quark	quark:green_stool	Quark-4.1-481.jar
quark	quark:gunpowder_sack	Quark-4.1-481.jar
quark	quark:hammer	Quark-4.1-481.jar
quark	quark:hollow_acacia_log	Quark-4.1-481.jar
quark	quark:hollow_ancient_log	Quark-4.1-481.jar
quark	quark:hollow_azalea_log	Quark-4.1-481.jar
quark	quark:hollow_birch_log	Quark-4.1-481.jar
quark	quark:hollow_blossom_log	Quark-4.1-481.jar
quark	quark:hollow_cherry_log	Quark-4.1-481.jar
quark	quark:hollow_crimson_stem	Quark-4.1-481.jar
quark	quark:hollow_dark_oak_log	Quark-4.1-481.jar
quark	quark:hollow_jungle_log	Quark-4.1-481.jar
quark	quark:hollow_mangrove_log	Quark-4.1-481.jar
quark	quark:hollow_oak_log	Quark-4.1-481.jar
quark	quark:hollow_spruce_log	Quark-4.1-481.jar
quark	quark:hollow_warped_stem	Quark-4.1-481.jar
quark	quark:indigo_corundum	Quark-4.1-481.jar
quark	quark:indigo_corundum_cluster	Quark-4.1-481.jar
quark	quark:indigo_corundum_pane	Quark-4.1-481.jar
quark	quark:indigo_crystal_lamp	Quark-4.1-481.jar
quark	quark:iron_button	Quark-4.1-481.jar
quark	quark:iron_ladder	Quark-4.1-481.jar
quark	quark:iron_pillar	Quark-4.1-481.jar
quark	quark:iron_plate	Quark-4.1-481.jar
quark	quark:iron_plate_slab	Quark-4.1-481.jar
quark	quark:iron_plate_stairs	Quark-4.1-481.jar
quark	quark:iron_plate_vertical_slab	Quark-4.1-481.jar
quark	quark:iron_rod	Quark-4.1-481.jar
quark	quark:jasper	Quark-4.1-481.jar
quark	quark:jasper_bricks	Quark-4.1-481.jar
quark	quark:jasper_bricks_slab	Quark-4.1-481.jar
quark	quark:jasper_bricks_stairs	Quark-4.1-481.jar
quark	quark:jasper_bricks_vertical_slab	Quark-4.1-481.jar
quark	quark:jasper_bricks_wall	Quark-4.1-481.jar
quark	quark:jasper_pillar	Quark-4.1-481.jar
quark	quark:jasper_slab	Quark-4.1-481.jar
quark	quark:jasper_stairs	Quark-4.1-481.jar
quark	quark:jasper_vertical_slab	Quark-4.1-481.jar
quark	quark:jasper_wall	Quark-4.1-481.jar
quark	quark:jungle_bookshelf	Quark-4.1-481.jar
quark	quark:jungle_chest	Quark-4.1-481.jar
quark	quark:jungle_hedge	Quark-4.1-481.jar
quark	quark:jungle_ladder	Quark-4.1-481.jar
quark	quark:jungle_leaf_carpet	Quark-4.1-481.jar
quark	quark:jungle_post	Quark-4.1-481.jar
quark	quark:jungle_slab	Quark-4.1-481.jar
quark	quark:jungle_vertical_slab	Quark-4.1-481.jar
quark	quark:lavender_blossom_hedge	Quark-4.1-481.jar
quark	quark:lavender_blossom_leaf_carpet	Quark-4.1-481.jar
quark	quark:lavender_blossom_leaves	Quark-4.1-481.jar
quark	quark:lavender_blossom_sapling	Quark-4.1-481.jar
quark	quark:light_blue_frame_empty	Quark-4.1-481.jar
quark	quark:light_blue_frame_map	Quark-4.1-481.jar
quark	quark:light_blue_framed_glass	Quark-4.1-481.jar
quark	quark:light_blue_framed_glass_pane	Quark-4.1-481.jar
quark	quark:light_blue_shard	Quark-4.1-481.jar
quark	quark:light_blue_shingles	Quark-4.1-481.jar
quark	quark:light_blue_shingles_slab	Quark-4.1-481.jar
quark	quark:light_blue_shingles_stairs	Quark-4.1-481.jar
quark	quark:light_blue_shingles_vertical_slab	Quark-4.1-481.jar
quark	quark:light_blue_stool	Quark-4.1-481.jar
quark	quark:light_gray_frame_empty	Quark-4.1-481.jar
quark	quark:light_gray_frame_map	Quark-4.1-481.jar
quark	quark:light_gray_framed_glass	Quark-4.1-481.jar
quark	quark:light_gray_framed_glass_pane	Quark-4.1-481.jar
quark	quark:light_gray_shard	Quark-4.1-481.jar
quark	quark:light_gray_shingles	Quark-4.1-481.jar
quark	quark:light_gray_shingles_slab	Quark-4.1-481.jar
quark	quark:light_gray_shingles_stairs	Quark-4.1-481.jar
quark	quark:light_gray_shingles_vertical_slab	Quark-4.1-481.jar
quark	quark:light_gray_stool	Quark-4.1-481.jar
quark	quark:lime_frame_empty	Quark-4.1-481.jar
quark	quark:lime_frame_map	Quark-4.1-481.jar
quark	quark:lime_framed_glass	Quark-4.1-481.jar
quark	quark:lime_framed_glass_pane	Quark-4.1-481.jar
quark	quark:lime_shard	Quark-4.1-481.jar
quark	quark:lime_shingles	Quark-4.1-481.jar
quark	quark:lime_shingles_slab	Quark-4.1-481.jar
quark	quark:lime_shingles_stairs	Quark-4.1-481.jar
quark	quark:lime_shingles_vertical_slab	Quark-4.1-481.jar
quark	quark:lime_stool	Quark-4.1-481.jar
quark	quark:limestone	Quark-4.1-481.jar
quark	quark:limestone_bricks	Quark-4.1-481.jar
quark	quark:limestone_bricks_slab	Quark-4.1-481.jar
quark	quark:limestone_bricks_stairs	Quark-4.1-481.jar
quark	quark:limestone_bricks_vertical_slab	Quark-4.1-481.jar
quark	quark:limestone_bricks_wall	Quark-4.1-481.jar
quark	quark:limestone_pillar	Quark-4.1-481.jar
quark	quark:limestone_slab	Quark-4.1-481.jar
quark	quark:limestone_stairs	Quark-4.1-481.jar
quark	quark:limestone_vertical_slab	Quark-4.1-481.jar
quark	quark:limestone_wall	Quark-4.1-481.jar
quark	quark:lootr_acacia_chest	Quark-4.1-481.jar
quark	quark:lootr_ancient_chest	Quark-4.1-481.jar
quark	quark:lootr_ancient_chest_boat	Quark-4.1-481.jar
quark	quark:lootr_azalea_chest	Quark-4.1-481.jar
quark	quark:lootr_azalea_chest_boat	Quark-4.1-481.jar
quark	quark:lootr_bamboo_chest	Quark-4.1-481.jar
quark	quark:lootr_birch_chest	Quark-4.1-481.jar
quark	quark:lootr_blossom_chest	Quark-4.1-481.jar
quark	quark:lootr_blossom_chest_boat	Quark-4.1-481.jar
quark	quark:lootr_cherry_chest	Quark-4.1-481.jar
quark	quark:lootr_crimson_chest	Quark-4.1-481.jar
quark	quark:lootr_dark_oak_chest	Quark-4.1-481.jar
quark	quark:lootr_jungle_chest	Quark-4.1-481.jar
quark	quark:lootr_mangrove_chest	Quark-4.1-481.jar
quark	quark:lootr_nether_brick_chest	Quark-4.1-481.jar
quark	quark:lootr_oak_chest	Quark-4.1-481.jar
quark	quark:lootr_prismarine_chest	Quark-4.1-481.jar
quark	quark:lootr_purpur_chest	Quark-4.1-481.jar
quark	quark:lootr_spruce_chest	Quark-4.1-481.jar
quark	quark:lootr_warped_chest	Quark-4.1-481.jar
quark	quark:magenta_frame_empty	Quark-4.1-481.jar
quark	quark:magenta_frame_map	Quark-4.1-481.jar
quark	quark:magenta_framed_glass	Quark-4.1-481.jar
quark	quark:magenta_framed_glass_pane	Quark-4.1-481.jar
quark	quark:magenta_shard	Quark-4.1-481.jar
quark	quark:magenta_shingles	Quark-4.1-481.jar
quark	quark:magenta_shingles_slab	Quark-4.1-481.jar
quark	quark:magenta_shingles_stairs	Quark-4.1-481.jar
quark	quark:magenta_shingles_vertical_slab	Quark-4.1-481.jar
quark	quark:magenta_stool	Quark-4.1-481.jar
quark	quark:magnet	Quark-4.1-481.jar
quark	quark:magnetized_block	Quark-4.1-481.jar
quark	quark:mangrove_bookshelf	Quark-4.1-481.jar
quark	quark:mangrove_chest	Quark-4.1-481.jar
quark	quark:mangrove_hedge	Quark-4.1-481.jar
quark	quark:mangrove_ladder	Quark-4.1-481.jar
quark	quark:mangrove_leaf_carpet	Quark-4.1-481.jar
quark	quark:mangrove_post	Quark-4.1-481.jar
quark	quark:mangrove_vertical_slab	Quark-4.1-481.jar
quark	quark:matrix_enchanter	Quark-4.1-481.jar
quark	quark:midori_block	Quark-4.1-481.jar
quark	quark:midori_block_slab	Quark-4.1-481.jar
quark	quark:midori_block_stairs	Quark-4.1-481.jar
quark	quark:midori_block_vertical_slab	Quark-4.1-481.jar
quark	quark:midori_pillar	Quark-4.1-481.jar
quark	quark:monster_box	Quark-4.1-481.jar
quark	quark:moss_paste	Quark-4.1-481.jar
quark	quark:mossy_cobblestone_bricks	Quark-4.1-481.jar
quark	quark:mossy_cobblestone_bricks_slab	Quark-4.1-481.jar
quark	quark:mossy_cobblestone_bricks_stairs	Quark-4.1-481.jar
quark	quark:mossy_cobblestone_bricks_vertical_slab	Quark-4.1-481.jar
quark	quark:mossy_cobblestone_bricks_wall	Quark-4.1-481.jar
quark	quark:mossy_cobblestone_slab	Quark-4.1-481.jar
quark	quark:mossy_cobblestone_vertical_slab	Quark-4.1-481.jar
quark	quark:mossy_stone_brick_slab	Quark-4.1-481.jar
quark	quark:mossy_stone_brick_vertical_slab	Quark-4.1-481.jar
quark	quark:mud_brick_lattice	Quark-4.1-481.jar
quark	quark:mud_brick_vertical_slab	Quark-4.1-481.jar
quark	quark:mud_pillar	Quark-4.1-481.jar
quark	quark:music_disc_chatter	Quark-4.1-481.jar
quark	quark:music_disc_clock	Quark-4.1-481.jar
quark	quark:music_disc_crickets	Quark-4.1-481.jar
quark	quark:music_disc_drips	Quark-4.1-481.jar
quark	quark:music_disc_endermosh	Quark-4.1-481.jar
quark	quark:music_disc_fire	Quark-4.1-481.jar
quark	quark:music_disc_ocean	Quark-4.1-481.jar
quark	quark:music_disc_rain	Quark-4.1-481.jar
quark	quark:music_disc_wind	Quark-4.1-481.jar
quark	quark:myalite	Quark-4.1-481.jar
quark	quark:myalite_bricks	Quark-4.1-481.jar
quark	quark:myalite_bricks_slab	Quark-4.1-481.jar
quark	quark:myalite_bricks_stairs	Quark-4.1-481.jar
quark	quark:myalite_bricks_vertical_slab	Quark-4.1-481.jar
quark	quark:myalite_bricks_wall	Quark-4.1-481.jar
quark	quark:myalite_crystal	Quark-4.1-481.jar
quark	quark:myalite_pillar	Quark-4.1-481.jar
quark	quark:myalite_slab	Quark-4.1-481.jar
quark	quark:myalite_stairs	Quark-4.1-481.jar
quark	quark:myalite_vertical_slab	Quark-4.1-481.jar
quark	quark:myalite_wall	Quark-4.1-481.jar
quark	quark:nether_brick_chest	Quark-4.1-481.jar
quark	quark:nether_brick_fence_gate	Quark-4.1-481.jar
quark	quark:nether_brick_slab	Quark-4.1-481.jar
quark	quark:nether_brick_vertical_slab	Quark-4.1-481.jar
quark	quark:nether_wart_sack	Quark-4.1-481.jar
quark	quark:netherrack_bricks	Quark-4.1-481.jar
quark	quark:netherrack_bricks_slab	Quark-4.1-481.jar
quark	quark:netherrack_bricks_stairs	Quark-4.1-481.jar
quark	quark:netherrack_bricks_vertical_slab	Quark-4.1-481.jar
quark	quark:netherrack_bricks_wall	Quark-4.1-481.jar
quark	quark:oak_chest	Quark-4.1-481.jar
quark	quark:oak_hedge	Quark-4.1-481.jar
quark	quark:oak_leaf_carpet	Quark-4.1-481.jar
quark	quark:oak_post	Quark-4.1-481.jar
quark	quark:oak_slab	Quark-4.1-481.jar
quark	quark:oak_vertical_slab	Quark-4.1-481.jar
quark	quark:obsidian_pressure_plate	Quark-4.1-481.jar
quark	quark:orange_blossom_hedge	Quark-4.1-481.jar
quark	quark:orange_blossom_leaf_carpet	Quark-4.1-481.jar
quark	quark:orange_blossom_leaves	Quark-4.1-481.jar
quark	quark:orange_blossom_sapling	Quark-4.1-481.jar
quark	quark:orange_corundum	Quark-4.1-481.jar
quark	quark:orange_corundum_cluster	Quark-4.1-481.jar
quark	quark:orange_corundum_pane	Quark-4.1-481.jar
quark	quark:orange_crystal_lamp	Quark-4.1-481.jar
quark	quark:orange_frame_empty	Quark-4.1-481.jar
quark	quark:orange_frame_map	Quark-4.1-481.jar
quark	quark:orange_framed_glass	Quark-4.1-481.jar
quark	quark:orange_framed_glass_pane	Quark-4.1-481.jar
quark	quark:orange_shard	Quark-4.1-481.jar
quark	quark:orange_shingles	Quark-4.1-481.jar
quark	quark:orange_shingles_slab	Quark-4.1-481.jar
quark	quark:orange_shingles_stairs	Quark-4.1-481.jar
quark	quark:orange_shingles_vertical_slab	Quark-4.1-481.jar
quark	quark:orange_stool	Quark-4.1-481.jar
quark	quark:oxidized_cut_copper_vertical_slab	Quark-4.1-481.jar
quark	quark:paper_lantern	Quark-4.1-481.jar
quark	quark:paper_lantern_sakura	Quark-4.1-481.jar
quark	quark:paper_wall	Quark-4.1-481.jar
quark	quark:paper_wall_big	Quark-4.1-481.jar
quark	quark:paper_wall_sakura	Quark-4.1-481.jar
quark	quark:pathfinders_quill	Quark-4.1-481.jar
quark	quark:pathfinders_quill_with_biome	Quark-4.1-481.jar
quark	quark:permafrost	Quark-4.1-481.jar
quark	quark:permafrost_bricks	Quark-4.1-481.jar
quark	quark:permafrost_bricks_slab	Quark-4.1-481.jar
quark	quark:permafrost_bricks_stairs	Quark-4.1-481.jar
quark	quark:permafrost_bricks_vertical_slab	Quark-4.1-481.jar
quark	quark:permafrost_bricks_wall	Quark-4.1-481.jar
quark	quark:permafrost_slab	Quark-4.1-481.jar
quark	quark:permafrost_stairs	Quark-4.1-481.jar
quark	quark:permafrost_vertical_slab	Quark-4.1-481.jar
quark	quark:permafrost_wall	Quark-4.1-481.jar
quark	quark:pickarang	Quark-4.1-481.jar
quark	quark:pink_frame_empty	Quark-4.1-481.jar
quark	quark:pink_frame_map	Quark-4.1-481.jar
quark	quark:pink_framed_glass	Quark-4.1-481.jar
quark	quark:pink_framed_glass_pane	Quark-4.1-481.jar
quark	quark:pink_shard	Quark-4.1-481.jar
quark	quark:pink_shingles	Quark-4.1-481.jar
quark	quark:pink_shingles_slab	Quark-4.1-481.jar
quark	quark:pink_shingles_stairs	Quark-4.1-481.jar
quark	quark:pink_shingles_vertical_slab	Quark-4.1-481.jar
quark	quark:pink_stool	Quark-4.1-481.jar
quark	quark:pipe	Quark-4.1-481.jar
quark	quark:polished_andesite_slab	Quark-4.1-481.jar
quark	quark:polished_andesite_vertical_slab	Quark-4.1-481.jar
quark	quark:polished_blackstone_brick_vertical_slab	Quark-4.1-481.jar
quark	quark:polished_blackstone_vertical_slab	Quark-4.1-481.jar
quark	quark:polished_calcite	Quark-4.1-481.jar
quark	quark:polished_calcite_slab	Quark-4.1-481.jar
quark	quark:polished_calcite_stairs	Quark-4.1-481.jar
quark	quark:polished_calcite_vertical_slab	Quark-4.1-481.jar
quark	quark:polished_deepslate_vertical_slab	Quark-4.1-481.jar
quark	quark:polished_diorite_slab	Quark-4.1-481.jar
quark	quark:polished_diorite_vertical_slab	Quark-4.1-481.jar
quark	quark:polished_dripstone	Quark-4.1-481.jar
quark	quark:polished_dripstone_slab	Quark-4.1-481.jar
quark	quark:polished_dripstone_stairs	Quark-4.1-481.jar
quark	quark:polished_dripstone_vertical_slab	Quark-4.1-481.jar
quark	quark:polished_granite_slab	Quark-4.1-481.jar
quark	quark:polished_granite_vertical_slab	Quark-4.1-481.jar
quark	quark:polished_jasper	Quark-4.1-481.jar
quark	quark:polished_jasper_slab	Quark-4.1-481.jar
quark	quark:polished_jasper_stairs	Quark-4.1-481.jar
quark	quark:polished_jasper_vertical_slab	Quark-4.1-481.jar
quark	quark:polished_limestone	Quark-4.1-481.jar
quark	quark:polished_limestone_slab	Quark-4.1-481.jar
quark	quark:polished_limestone_stairs	Quark-4.1-481.jar
quark	quark:polished_limestone_vertical_slab	Quark-4.1-481.jar
quark	quark:polished_myalite	Quark-4.1-481.jar
quark	quark:polished_myalite_slab	Quark-4.1-481.jar
quark	quark:polished_myalite_stairs	Quark-4.1-481.jar
quark	quark:polished_myalite_vertical_slab	Quark-4.1-481.jar
quark	quark:polished_shale	Quark-4.1-481.jar
quark	quark:polished_shale_slab	Quark-4.1-481.jar
quark	quark:polished_shale_stairs	Quark-4.1-481.jar
quark	quark:polished_shale_vertical_slab	Quark-4.1-481.jar
quark	quark:polished_tuff	Quark-4.1-481.jar
quark	quark:polished_tuff_slab	Quark-4.1-481.jar
quark	quark:polished_tuff_stairs	Quark-4.1-481.jar
quark	quark:polished_tuff_vertical_slab	Quark-4.1-481.jar
quark	quark:potato_crate	Quark-4.1-481.jar
quark	quark:prismarine_brick_slab	Quark-4.1-481.jar
quark	quark:prismarine_brick_vertical_slab	Quark-4.1-481.jar
quark	quark:prismarine_chest	Quark-4.1-481.jar
quark	quark:prismarine_slab	Quark-4.1-481.jar
quark	quark:prismarine_vertical_slab	Quark-4.1-481.jar
quark	quark:purple_frame_empty	Quark-4.1-481.jar
quark	quark:purple_frame_map	Quark-4.1-481.jar
quark	quark:purple_framed_glass	Quark-4.1-481.jar
quark	quark:purple_framed_glass_pane	Quark-4.1-481.jar
quark	quark:purple_shard	Quark-4.1-481.jar
quark	quark:purple_shingles	Quark-4.1-481.jar
quark	quark:purple_shingles_slab	Quark-4.1-481.jar
quark	quark:purple_shingles_stairs	Quark-4.1-481.jar
quark	quark:purple_shingles_vertical_slab	Quark-4.1-481.jar
quark	quark:purple_stool	Quark-4.1-481.jar
quark	quark:purpur_chest	Quark-4.1-481.jar
quark	quark:purpur_slab	Quark-4.1-481.jar
quark	quark:purpur_vertical_slab	Quark-4.1-481.jar
quark	quark:quartz_slab	Quark-4.1-481.jar
quark	quark:quartz_vertical_slab	Quark-4.1-481.jar
quark	quark:ravager_hide	Quark-4.1-481.jar
quark	quark:raw_copper_bricks	Quark-4.1-481.jar
quark	quark:raw_copper_bricks_slab	Quark-4.1-481.jar
quark	quark:raw_copper_bricks_stairs	Quark-4.1-481.jar
quark	quark:raw_copper_bricks_vertical_slab	Quark-4.1-481.jar
quark	quark:raw_copper_bricks_wall	Quark-4.1-481.jar
quark	quark:raw_gold_bricks	Quark-4.1-481.jar
quark	quark:raw_gold_bricks_slab	Quark-4.1-481.jar
quark	quark:raw_gold_bricks_stairs	Quark-4.1-481.jar
quark	quark:raw_gold_bricks_vertical_slab	Quark-4.1-481.jar
quark	quark:raw_gold_bricks_wall	Quark-4.1-481.jar
quark	quark:raw_iron_bricks	Quark-4.1-481.jar
quark	quark:raw_iron_bricks_slab	Quark-4.1-481.jar
quark	quark:raw_iron_bricks_stairs	Quark-4.1-481.jar
quark	quark:raw_iron_bricks_vertical_slab	Quark-4.1-481.jar
quark	quark:raw_iron_bricks_wall	Quark-4.1-481.jar
quark	quark:red_blossom_hedge	Quark-4.1-481.jar
quark	quark:red_blossom_leaf_carpet	Quark-4.1-481.jar
quark	quark:red_blossom_leaves	Quark-4.1-481.jar
quark	quark:red_blossom_sapling	Quark-4.1-481.jar
quark	quark:red_corundum	Quark-4.1-481.jar
quark	quark:red_corundum_cluster	Quark-4.1-481.jar
quark	quark:red_corundum_pane	Quark-4.1-481.jar
quark	quark:red_crystal_lamp	Quark-4.1-481.jar
quark	quark:red_frame_empty	Quark-4.1-481.jar
quark	quark:red_frame_map	Quark-4.1-481.jar
quark	quark:red_framed_glass	Quark-4.1-481.jar
quark	quark:red_framed_glass_pane	Quark-4.1-481.jar
quark	quark:red_nether_brick_slab	Quark-4.1-481.jar
quark	quark:red_nether_brick_vertical_slab	Quark-4.1-481.jar
quark	quark:red_sandstone_bricks	Quark-4.1-481.jar
quark	quark:red_sandstone_bricks_slab	Quark-4.1-481.jar
quark	quark:red_sandstone_bricks_stairs	Quark-4.1-481.jar
quark	quark:red_sandstone_bricks_vertical_slab	Quark-4.1-481.jar
quark	quark:red_sandstone_bricks_wall	Quark-4.1-481.jar
quark	quark:red_sandstone_slab	Quark-4.1-481.jar
quark	quark:red_sandstone_vertical_slab	Quark-4.1-481.jar
quark	quark:red_shard	Quark-4.1-481.jar
quark	quark:red_shingles	Quark-4.1-481.jar
quark	quark:red_shingles_slab	Quark-4.1-481.jar
quark	quark:red_shingles_stairs	Quark-4.1-481.jar
quark	quark:red_shingles_vertical_slab	Quark-4.1-481.jar
quark	quark:red_stool	Quark-4.1-481.jar
quark	quark:redstone_randomizer	Quark-4.1-481.jar
quark	quark:root	Quark-4.1-481.jar
quark	quark:root_item	Quark-4.1-481.jar
quark	quark:rope	Quark-4.1-481.jar
quark	quark:rusty_iron_plate	Quark-4.1-481.jar
quark	quark:rusty_iron_plate_slab	Quark-4.1-481.jar
quark	quark:rusty_iron_plate_stairs	Quark-4.1-481.jar
quark	quark:rusty_iron_plate_vertical_slab	Quark-4.1-481.jar
quark	quark:sandstone_bricks	Quark-4.1-481.jar
quark	quark:sandstone_bricks_slab	Quark-4.1-481.jar
quark	quark:sandstone_bricks_stairs	Quark-4.1-481.jar
quark	quark:sandstone_bricks_vertical_slab	Quark-4.1-481.jar
quark	quark:sandstone_bricks_wall	Quark-4.1-481.jar
quark	quark:sandstone_slab	Quark-4.1-481.jar
quark	quark:sandstone_vertical_slab	Quark-4.1-481.jar
quark	quark:seed_pouch	Quark-4.1-481.jar
quark	quark:seed_pouch_items	Quark-4.1-481.jar
quark	quark:shale	Quark-4.1-481.jar
quark	quark:shale_bricks	Quark-4.1-481.jar
quark	quark:shale_bricks_slab	Quark-4.1-481.jar
quark	quark:shale_bricks_stairs	Quark-4.1-481.jar
quark	quark:shale_bricks_vertical_slab	Quark-4.1-481.jar
quark	quark:shale_bricks_wall	Quark-4.1-481.jar
quark	quark:shale_pillar	Quark-4.1-481.jar
quark	quark:shale_slab	Quark-4.1-481.jar
quark	quark:shale_stairs	Quark-4.1-481.jar
quark	quark:shale_vertical_slab	Quark-4.1-481.jar
quark	quark:shale_wall	Quark-4.1-481.jar
quark	quark:shingles	Quark-4.1-481.jar
quark	quark:shingles_slab	Quark-4.1-481.jar
quark	quark:shingles_stairs	Quark-4.1-481.jar
quark	quark:shingles_vertical_slab	Quark-4.1-481.jar
quark	quark:shiny_slime_in_a_bucket	Quark-4.1-481.jar
quark	quark:shiny_slime_in_a_bucket_excited	Quark-4.1-481.jar
quark	quark:slime_in_a_bucket	Quark-4.1-481.jar
quark	quark:slime_in_a_bucket_excited	Quark-4.1-481.jar
quark	quark:smithing_template_rune	Quark-4.1-481.jar
quark	quark:smooth_quartz_slab	Quark-4.1-481.jar
quark	quark:smooth_quartz_vertical_slab	Quark-4.1-481.jar
quark	quark:smooth_red_sandstone_slab	Quark-4.1-481.jar
quark	quark:smooth_red_sandstone_vertical_slab	Quark-4.1-481.jar
quark	quark:smooth_sandstone_slab	Quark-4.1-481.jar
quark	quark:smooth_sandstone_vertical_slab	Quark-4.1-481.jar
quark	quark:smooth_soul_sandstone	Quark-4.1-481.jar
quark	quark:smooth_soul_sandstone_slab	Quark-4.1-481.jar
quark	quark:smooth_soul_sandstone_stairs	Quark-4.1-481.jar
quark	quark:smooth_soul_sandstone_vertical_slab	Quark-4.1-481.jar
quark	quark:smooth_stone_slab	Quark-4.1-481.jar
quark	quark:smooth_stone_vertical_slab	Quark-4.1-481.jar
quark	quark:soul_bead	Quark-4.1-481.jar
quark	quark:soul_sandstone	Quark-4.1-481.jar
quark	quark:soul_sandstone_bricks	Quark-4.1-481.jar
quark	quark:soul_sandstone_bricks_slab	Quark-4.1-481.jar
quark	quark:soul_sandstone_bricks_stairs	Quark-4.1-481.jar
quark	quark:soul_sandstone_bricks_vertical_slab	Quark-4.1-481.jar
quark	quark:soul_sandstone_bricks_wall	Quark-4.1-481.jar
quark	quark:soul_sandstone_slab	Quark-4.1-481.jar
quark	quark:soul_sandstone_stairs	Quark-4.1-481.jar
quark	quark:soul_sandstone_vertical_slab	Quark-4.1-481.jar
quark	quark:soul_sandstone_wall	Quark-4.1-481.jar
quark	quark:spruce_bookshelf	Quark-4.1-481.jar
quark	quark:spruce_chest	Quark-4.1-481.jar
quark	quark:spruce_hedge	Quark-4.1-481.jar
quark	quark:spruce_ladder	Quark-4.1-481.jar
quark	quark:spruce_leaf_carpet	Quark-4.1-481.jar
quark	quark:spruce_post	Quark-4.1-481.jar
quark	quark:spruce_slab	Quark-4.1-481.jar
quark	quark:spruce_vertical_slab	Quark-4.1-481.jar
quark	quark:stick_block	Quark-4.1-481.jar
quark	quark:stone_brick_lamp	Quark-4.1-481.jar
quark	quark:stone_brick_slab	Quark-4.1-481.jar
quark	quark:stone_brick_vertical_slab	Quark-4.1-481.jar
quark	quark:stone_lamp	Quark-4.1-481.jar
quark	quark:stone_slab	Quark-4.1-481.jar
quark	quark:stone_vertical_slab	Quark-4.1-481.jar
quark	quark:stripped_acacia_post	Quark-4.1-481.jar
quark	quark:stripped_ancient_log	Quark-4.1-481.jar
quark	quark:stripped_ancient_post	Quark-4.1-481.jar
quark	quark:stripped_ancient_wood	Quark-4.1-481.jar
quark	quark:stripped_azalea_log	Quark-4.1-481.jar
quark	quark:stripped_azalea_post	Quark-4.1-481.jar
quark	quark:stripped_azalea_wood	Quark-4.1-481.jar
quark	quark:stripped_bamboo_post	Quark-4.1-481.jar
quark	quark:stripped_birch_post	Quark-4.1-481.jar
quark	quark:stripped_blossom_log	Quark-4.1-481.jar
quark	quark:stripped_blossom_post	Quark-4.1-481.jar
quark	quark:stripped_blossom_wood	Quark-4.1-481.jar
quark	quark:stripped_cherry_post	Quark-4.1-481.jar
quark	quark:stripped_crimson_post	Quark-4.1-481.jar
quark	quark:stripped_dark_oak_post	Quark-4.1-481.jar
quark	quark:stripped_jungle_post	Quark-4.1-481.jar
quark	quark:stripped_mangrove_post	Quark-4.1-481.jar
quark	quark:stripped_oak_post	Quark-4.1-481.jar
quark	quark:stripped_spruce_post	Quark-4.1-481.jar
quark	quark:stripped_warped_post	Quark-4.1-481.jar
quark	quark:sturdy_stone	Quark-4.1-481.jar
quark	quark:sugar_cane_block	Quark-4.1-481.jar
quark	quark:thatch	Quark-4.1-481.jar
quark	quark:thatch_slab	Quark-4.1-481.jar
quark	quark:thatch_stairs	Quark-4.1-481.jar
quark	quark:thatch_vertical_slab	Quark-4.1-481.jar
quark	quark:tiny_potato	Quark-4.1-481.jar
quark	quark:torch_arrow	Quark-4.1-481.jar
quark	quark:trapped_acacia_chest	Quark-4.1-481.jar
quark	quark:trapped_ancient_chest	Quark-4.1-481.jar
quark	quark:trapped_azalea_chest	Quark-4.1-481.jar
quark	quark:trapped_bamboo_chest	Quark-4.1-481.jar
quark	quark:trapped_birch_chest	Quark-4.1-481.jar
quark	quark:trapped_blossom_chest	Quark-4.1-481.jar
quark	quark:trapped_cherry_chest	Quark-4.1-481.jar
quark	quark:trapped_crimson_chest	Quark-4.1-481.jar
quark	quark:trapped_dark_oak_chest	Quark-4.1-481.jar
quark	quark:trapped_jungle_chest	Quark-4.1-481.jar
quark	quark:trapped_lootr_acacia_chest	Quark-4.1-481.jar
quark	quark:trapped_lootr_ancient_chest	Quark-4.1-481.jar
quark	quark:trapped_lootr_azalea_chest	Quark-4.1-481.jar
quark	quark:trapped_lootr_bamboo_chest	Quark-4.1-481.jar
quark	quark:trapped_lootr_birch_chest	Quark-4.1-481.jar
quark	quark:trapped_lootr_blossom_chest	Quark-4.1-481.jar
quark	quark:trapped_lootr_cherry_chest	Quark-4.1-481.jar
quark	quark:trapped_lootr_crimson_chest	Quark-4.1-481.jar
quark	quark:trapped_lootr_dark_oak_chest	Quark-4.1-481.jar
quark	quark:trapped_lootr_jungle_chest	Quark-4.1-481.jar
quark	quark:trapped_lootr_mangrove_chest	Quark-4.1-481.jar
quark	quark:trapped_lootr_nether_brick_chest	Quark-4.1-481.jar
quark	quark:trapped_lootr_oak_chest	Quark-4.1-481.jar
quark	quark:trapped_lootr_prismarine_chest	Quark-4.1-481.jar
quark	quark:trapped_lootr_purpur_chest	Quark-4.1-481.jar
quark	quark:trapped_lootr_spruce_chest	Quark-4.1-481.jar
quark	quark:trapped_lootr_warped_chest	Quark-4.1-481.jar
quark	quark:trapped_mangrove_chest	Quark-4.1-481.jar
quark	quark:trapped_nether_brick_chest	Quark-4.1-481.jar
quark	quark:trapped_oak_chest	Quark-4.1-481.jar
quark	quark:trapped_prismarine_chest	Quark-4.1-481.jar
quark	quark:trapped_purpur_chest	Quark-4.1-481.jar
quark	quark:trapped_spruce_chest	Quark-4.1-481.jar
quark	quark:trapped_warped_chest	Quark-4.1-481.jar
quark	quark:tropical_fish_bucket_betty	Quark-4.1-481.jar
quark	quark:tropical_fish_bucket_blockfish	Quark-4.1-481.jar
quark	quark:tropical_fish_bucket_brinely	Quark-4.1-481.jar
quark	quark:tropical_fish_bucket_clayfish	Quark-4.1-481.jar
quark	quark:tropical_fish_bucket_dasher	Quark-4.1-481.jar
quark	quark:tropical_fish_bucket_flopper	Quark-4.1-481.jar
quark	quark:tropical_fish_bucket_glitter	Quark-4.1-481.jar
quark	quark:tropical_fish_bucket_kob	Quark-4.1-481.jar
quark	quark:tropical_fish_bucket_snooper	Quark-4.1-481.jar
quark	quark:tropical_fish_bucket_spotty	Quark-4.1-481.jar
quark	quark:tropical_fish_bucket_stripey	Quark-4.1-481.jar
quark	quark:tropical_fish_bucket_sunstreak	Quark-4.1-481.jar
quark	quark:trowel	Quark-4.1-481.jar
quark	quark:tuff_brick_vertical_slab	Quark-4.1-481.jar
quark	quark:tuff_bricks	Quark-4.1-481.jar
quark	quark:tuff_bricks_slab	Quark-4.1-481.jar
quark	quark:tuff_bricks_stairs	Quark-4.1-481.jar
quark	quark:tuff_bricks_wall	Quark-4.1-481.jar
quark	quark:tuff_pillar	Quark-4.1-481.jar
quark	quark:tuff_slab	Quark-4.1-481.jar
quark	quark:tuff_stairs	Quark-4.1-481.jar
quark	quark:tuff_vertical_slab	Quark-4.1-481.jar
quark	quark:tuff_wall	Quark-4.1-481.jar
quark	quark:vertical_acacia_planks	Quark-4.1-481.jar
quark	quark:vertical_ancient_planks	Quark-4.1-481.jar
quark	quark:vertical_azalea_planks	Quark-4.1-481.jar
quark	quark:vertical_bamboo_planks	Quark-4.1-481.jar
quark	quark:vertical_birch_planks	Quark-4.1-481.jar
quark	quark:vertical_blossom_planks	Quark-4.1-481.jar
quark	quark:vertical_cherry_planks	Quark-4.1-481.jar
quark	quark:vertical_crimson_planks	Quark-4.1-481.jar
quark	quark:vertical_dark_oak_planks	Quark-4.1-481.jar
quark	quark:vertical_jungle_planks	Quark-4.1-481.jar
quark	quark:vertical_mangrove_planks	Quark-4.1-481.jar
quark	quark:vertical_oak_planks	Quark-4.1-481.jar
quark	quark:vertical_spruce_planks	Quark-4.1-481.jar
quark	quark:vertical_warped_planks	Quark-4.1-481.jar
quark	quark:violet_corundum	Quark-4.1-481.jar
quark	quark:violet_corundum_cluster	Quark-4.1-481.jar
quark	quark:violet_corundum_pane	Quark-4.1-481.jar
quark	quark:violet_crystal_lamp	Quark-4.1-481.jar
quark	quark:warped_bookshelf	Quark-4.1-481.jar
quark	quark:warped_chest	Quark-4.1-481.jar
quark	quark:warped_ladder	Quark-4.1-481.jar
quark	quark:warped_post	Quark-4.1-481.jar
quark	quark:warped_vertical_slab	Quark-4.1-481.jar
quark	quark:waxed_black_corundum	Quark-4.1-481.jar
quark	quark:waxed_blue_corundum	Quark-4.1-481.jar
quark	quark:waxed_cut_copper_vertical_slab	Quark-4.1-481.jar
quark	quark:waxed_exposed_cut_copper_vertical_slab	Quark-4.1-481.jar
quark	quark:waxed_green_corundum	Quark-4.1-481.jar
quark	quark:waxed_indigo_corundum	Quark-4.1-481.jar
quark	quark:waxed_orange_corundum	Quark-4.1-481.jar
quark	quark:waxed_oxidized_cut_copper_vertical_slab	Quark-4.1-481.jar
quark	quark:waxed_red_corundum	Quark-4.1-481.jar
quark	quark:waxed_violet_corundum	Quark-4.1-481.jar
quark	quark:waxed_weathered_cut_copper_vertical_slab	Quark-4.1-481.jar
quark	quark:waxed_white_corundum	Quark-4.1-481.jar
quark	quark:waxed_yellow_corundum	Quark-4.1-481.jar
quark	quark:weathered_cut_copper_vertical_slab	Quark-4.1-481.jar
quark	quark:white_corundum	Quark-4.1-481.jar
quark	quark:white_corundum_cluster	Quark-4.1-481.jar
quark	quark:white_corundum_pane	Quark-4.1-481.jar
quark	quark:white_crystal_lamp	Quark-4.1-481.jar
quark	quark:white_frame_empty	Quark-4.1-481.jar
quark	quark:white_frame_map	Quark-4.1-481.jar
quark	quark:white_framed_glass	Quark-4.1-481.jar
quark	quark:white_framed_glass_pane	Quark-4.1-481.jar
quark	quark:white_shard	Quark-4.1-481.jar
quark	quark:white_shingles	Quark-4.1-481.jar
quark	quark:white_shingles_slab	Quark-4.1-481.jar
quark	quark:white_shingles_stairs	Quark-4.1-481.jar
quark	quark:white_shingles_vertical_slab	Quark-4.1-481.jar
quark	quark:white_stool	Quark-4.1-481.jar
quark	quark:yellow_blossom_hedge	Quark-4.1-481.jar
quark	quark:yellow_blossom_leaf_carpet	Quark-4.1-481.jar
quark	quark:yellow_blossom_leaves	Quark-4.1-481.jar
quark	quark:yellow_blossom_sapling	Quark-4.1-481.jar
quark	quark:yellow_corundum	Quark-4.1-481.jar
quark	quark:yellow_corundum_cluster	Quark-4.1-481.jar
quark	quark:yellow_corundum_pane	Quark-4.1-481.jar
quark	quark:yellow_crystal_lamp	Quark-4.1-481.jar
quark	quark:yellow_frame_empty	Quark-4.1-481.jar
quark	quark:yellow_frame_map	Quark-4.1-481.jar
quark	quark:yellow_framed_glass	Quark-4.1-481.jar
quark	quark:yellow_framed_glass_pane	Quark-4.1-481.jar
quark	quark:yellow_shard	Quark-4.1-481.jar
quark	quark:yellow_shingles	Quark-4.1-481.jar
quark	quark:yellow_shingles_slab	Quark-4.1-481.jar
quark	quark:yellow_shingles_stairs	Quark-4.1-481.jar
quark	quark:yellow_shingles_vertical_slab	Quark-4.1-481.jar
quark	quark:yellow_stool	Quark-4.1-481.jar
simply_traps	simply_traps:boundingboxtestblock	simply_traps-1.7-neoforge-1.21.1.jar
simply_traps	simply_traps:circular_barbed_wire_iron	simply_traps-1.7-neoforge-1.21.1.jar
simply_traps	simply_traps:circular_barbed_wire_ivy	simply_traps-1.7-neoforge-1.21.1.jar
simply_traps	simply_traps:grass_trap	simply_traps-1.7-neoforge-1.21.1.jar
simply_traps	simply_traps:slime_trap	simply_traps-1.7-neoforge-1.21.1.jar
simply_traps	simply_traps:spike_trap	simply_traps-1.7-neoforge-1.21.1.jar
simply_traps	simply_traps:stake	simply_traps-1.7-neoforge-1.21.1.jar
simply_traps	simply_traps:stake_wall	simply_traps-1.7-neoforge-1.21.1.jar
simplyswords	simplyswords:arcanethyst	simplyswords-neoforge-1.63.0-1.21.1.jar
simplyswords	simplyswords:awakened_lichblade	simplyswords-neoforge-1.63.0-1.21.1.jar
simplyswords	simplyswords:big_handheld	simplyswords-neoforge-1.63.0-1.21.1.jar
simplyswords	simplyswords:bramblethorn	simplyswords-neoforge-1.63.0-1.21.1.jar
simplyswords	simplyswords:brimstone_claymore	simplyswords-neoforge-1.63.0-1.21.1.jar
simplyswords	simplyswords:caelestis	simplyswords-neoforge-1.63.0-1.21.1.jar
simplyswords	simplyswords:chompolotl	simplyswords-neoforge-1.63.0-1.21.1.jar
simplyswords	simplyswords:contained_remnant	simplyswords-neoforge-1.63.0-1.21.1.jar
simplyswords	simplyswords:decaying_relic	simplyswords-neoforge-1.63.0-1.21.1.jar
simplyswords	simplyswords:diamond_chakram	simplyswords-neoforge-1.63.0-1.21.1.jar
simplyswords	simplyswords:diamond_claymore	simplyswords-neoforge-1.63.0-1.21.1.jar
simplyswords	simplyswords:diamond_cutlass	simplyswords-neoforge-1.63.0-1.21.1.jar
simplyswords	simplyswords:diamond_glaive	simplyswords-neoforge-1.63.0-1.21.1.jar
simplyswords	simplyswords:diamond_greataxe	simplyswords-neoforge-1.63.0-1.21.1.jar
simplyswords	simplyswords:diamond_greathammer	simplyswords-neoforge-1.63.0-1.21.1.jar
simplyswords	simplyswords:diamond_halberd	simplyswords-neoforge-1.63.0-1.21.1.jar
simplyswords	simplyswords:diamond_katana	simplyswords-neoforge-1.63.0-1.21.1.jar
simplyswords	simplyswords:diamond_longsword	simplyswords-neoforge-1.63.0-1.21.1.jar
simplyswords	simplyswords:diamond_rapier	simplyswords-neoforge-1.63.0-1.21.1.jar
simplyswords	simplyswords:diamond_sai	simplyswords-neoforge-1.63.0-1.21.1.jar
simplyswords	simplyswords:diamond_scythe	simplyswords-neoforge-1.63.0-1.21.1.jar
simplyswords	simplyswords:diamond_spear	simplyswords-neoforge-1.63.0-1.21.1.jar
simplyswords	simplyswords:diamond_twinblade	simplyswords-neoforge-1.63.0-1.21.1.jar
simplyswords	simplyswords:diamond_warglaive	simplyswords-neoforge-1.63.0-1.21.1.jar
simplyswords	simplyswords:dormant_relic	simplyswords-neoforge-1.63.0-1.21.1.jar
simplyswords	simplyswords:dreadtide	simplyswords-neoforge-1.63.0-1.21.1.jar
simplyswords	simplyswords:emberblade	simplyswords-neoforge-1.63.0-1.21.1.jar
simplyswords	simplyswords:emberlash	simplyswords-neoforge-1.63.0-1.21.1.jar
simplyswords	simplyswords:empowered_remnant	simplyswords-neoforge-1.63.0-1.21.1.jar
simplyswords	simplyswords:enigma	simplyswords-neoforge-1.63.0-1.21.1.jar
simplyswords	simplyswords:flamewind	simplyswords-neoforge-1.63.0-1.21.1.jar
simplyswords	simplyswords:frostfall	simplyswords-neoforge-1.63.0-1.21.1.jar
simplyswords	simplyswords:gobber_compat/gobber/gobber_chakram	simplyswords-neoforge-1.63.0-1.21.1.jar
simplyswords	simplyswords:gobber_compat/gobber/gobber_claymore	simplyswords-neoforge-1.63.0-1.21.1.jar
simplyswords	simplyswords:gobber_compat/gobber/gobber_cutlass	simplyswords-neoforge-1.63.0-1.21.1.jar
simplyswords	simplyswords:gobber_compat/gobber/gobber_glaive	simplyswords-neoforge-1.63.0-1.21.1.jar
simplyswords	simplyswords:gobber_compat/gobber/gobber_greataxe	simplyswords-neoforge-1.63.0-1.21.1.jar
simplyswords	simplyswords:gobber_compat/gobber/gobber_greathammer	simplyswords-neoforge-1.63.0-1.21.1.jar
simplyswords	simplyswords:gobber_compat/gobber/gobber_halberd	simplyswords-neoforge-1.63.0-1.21.1.jar
simplyswords	simplyswords:gobber_compat/gobber/gobber_katana	simplyswords-neoforge-1.63.0-1.21.1.jar
simplyswords	simplyswords:gobber_compat/gobber/gobber_longsword	simplyswords-neoforge-1.63.0-1.21.1.jar
simplyswords	simplyswords:gobber_compat/gobber/gobber_rapier	simplyswords-neoforge-1.63.0-1.21.1.jar
simplyswords	simplyswords:gobber_compat/gobber/gobber_sai	simplyswords-neoforge-1.63.0-1.21.1.jar
simplyswords	simplyswords:gobber_compat/gobber/gobber_scythe	simplyswords-neoforge-1.63.0-1.21.1.jar
simplyswords	simplyswords:gobber_compat/gobber/gobber_spear	simplyswords-neoforge-1.63.0-1.21.1.jar
simplyswords	simplyswords:gobber_compat/gobber/gobber_twinblade	simplyswords-neoforge-1.63.0-1.21.1.jar
simplyswords	simplyswords:gobber_compat/gobber/gobber_warglaive	simplyswords-neoforge-1.63.0-1.21.1.jar
simplyswords	simplyswords:gobber_compat/gobber_end/gobber_end_chakram	simplyswords-neoforge-1.63.0-1.21.1.jar
simplyswords	simplyswords:gobber_compat/gobber_end/gobber_end_claymore	simplyswords-neoforge-1.63.0-1.21.1.jar
simplyswords	simplyswords:gobber_compat/gobber_end/gobber_end_cutlass	simplyswords-neoforge-1.63.0-1.21.1.jar
simplyswords	simplyswords:gobber_compat/gobber_end/gobber_end_glaive	simplyswords-neoforge-1.63.0-1.21.1.jar
simplyswords	simplyswords:gobber_compat/gobber_end/gobber_end_greataxe	simplyswords-neoforge-1.63.0-1.21.1.jar
simplyswords	simplyswords:gobber_compat/gobber_end/gobber_end_greathammer	simplyswords-neoforge-1.63.0-1.21.1.jar
simplyswords	simplyswords:gobber_compat/gobber_end/gobber_end_halberd	simplyswords-neoforge-1.63.0-1.21.1.jar
simplyswords	simplyswords:gobber_compat/gobber_end/gobber_end_katana	simplyswords-neoforge-1.63.0-1.21.1.jar
simplyswords	simplyswords:gobber_compat/gobber_end/gobber_end_longsword	simplyswords-neoforge-1.63.0-1.21.1.jar
simplyswords	simplyswords:gobber_compat/gobber_end/gobber_end_rapier	simplyswords-neoforge-1.63.0-1.21.1.jar
simplyswords	simplyswords:gobber_compat/gobber_end/gobber_end_sai	simplyswords-neoforge-1.63.0-1.21.1.jar
simplyswords	simplyswords:gobber_compat/gobber_end/gobber_end_scythe	simplyswords-neoforge-1.63.0-1.21.1.jar
simplyswords	simplyswords:gobber_compat/gobber_end/gobber_end_spear	simplyswords-neoforge-1.63.0-1.21.1.jar
simplyswords	simplyswords:gobber_compat/gobber_end/gobber_end_twinblade	simplyswords-neoforge-1.63.0-1.21.1.jar
simplyswords	simplyswords:gobber_compat/gobber_end/gobber_end_warglaive	simplyswords-neoforge-1.63.0-1.21.1.jar
simplyswords	simplyswords:gobber_compat/gobber_nether/gobber_nether_chakram	simplyswords-neoforge-1.63.0-1.21.1.jar
simplyswords	simplyswords:gobber_compat/gobber_nether/gobber_nether_claymore	simplyswords-neoforge-1.63.0-1.21.1.jar
simplyswords	simplyswords:gobber_compat/gobber_nether/gobber_nether_cutlass	simplyswords-neoforge-1.63.0-1.21.1.jar
simplyswords	simplyswords:gobber_compat/gobber_nether/gobber_nether_glaive	simplyswords-neoforge-1.63.0-1.21.1.jar
simplyswords	simplyswords:gobber_compat/gobber_nether/gobber_nether_greataxe	simplyswords-neoforge-1.63.0-1.21.1.jar
simplyswords	simplyswords:gobber_compat/gobber_nether/gobber_nether_greathammer	simplyswords-neoforge-1.63.0-1.21.1.jar
simplyswords	simplyswords:gobber_compat/gobber_nether/gobber_nether_halberd	simplyswords-neoforge-1.63.0-1.21.1.jar
simplyswords	simplyswords:gobber_compat/gobber_nether/gobber_nether_katana	simplyswords-neoforge-1.63.0-1.21.1.jar
simplyswords	simplyswords:gobber_compat/gobber_nether/gobber_nether_longsword	simplyswords-neoforge-1.63.0-1.21.1.jar
simplyswords	simplyswords:gobber_compat/gobber_nether/gobber_nether_rapier	simplyswords-neoforge-1.63.0-1.21.1.jar
simplyswords	simplyswords:gobber_compat/gobber_nether/gobber_nether_sai	simplyswords-neoforge-1.63.0-1.21.1.jar
simplyswords	simplyswords:gobber_compat/gobber_nether/gobber_nether_scythe	simplyswords-neoforge-1.63.0-1.21.1.jar
simplyswords	simplyswords:gobber_compat/gobber_nether/gobber_nether_spear	simplyswords-neoforge-1.63.0-1.21.1.jar
simplyswords	simplyswords:gobber_compat/gobber_nether/gobber_nether_twinblade	simplyswords-neoforge-1.63.0-1.21.1.jar
simplyswords	simplyswords:gobber_compat/gobber_nether/gobber_nether_warglaive	simplyswords-neoforge-1.63.0-1.21.1.jar
simplyswords	simplyswords:gold_chakram	simplyswords-neoforge-1.63.0-1.21.1.jar
simplyswords	simplyswords:gold_claymore	simplyswords-neoforge-1.63.0-1.21.1.jar
simplyswords	simplyswords:gold_cutlass	simplyswords-neoforge-1.63.0-1.21.1.jar
simplyswords	simplyswords:gold_glaive	simplyswords-neoforge-1.63.0-1.21.1.jar
simplyswords	simplyswords:gold_greataxe	simplyswords-neoforge-1.63.0-1.21.1.jar
simplyswords	simplyswords:gold_greathammer	simplyswords-neoforge-1.63.0-1.21.1.jar
simplyswords	simplyswords:gold_halberd	simplyswords-neoforge-1.63.0-1.21.1.jar
simplyswords	simplyswords:gold_katana	simplyswords-neoforge-1.63.0-1.21.1.jar
simplyswords	simplyswords:gold_longsword	simplyswords-neoforge-1.63.0-1.21.1.jar
simplyswords	simplyswords:gold_rapier	simplyswords-neoforge-1.63.0-1.21.1.jar
simplyswords	simplyswords:gold_sai	simplyswords-neoforge-1.63.0-1.21.1.jar
simplyswords	simplyswords:gold_scythe	simplyswords-neoforge-1.63.0-1.21.1.jar
simplyswords	simplyswords:gold_spear	simplyswords-neoforge-1.63.0-1.21.1.jar
simplyswords	simplyswords:gold_twinblade	simplyswords-neoforge-1.63.0-1.21.1.jar
simplyswords	simplyswords:gold_warglaive	simplyswords-neoforge-1.63.0-1.21.1.jar
simplyswords	simplyswords:harbinger	simplyswords-neoforge-1.63.0-1.21.1.jar
simplyswords	simplyswords:hearthflame	simplyswords-neoforge-1.63.0-1.21.1.jar
simplyswords	simplyswords:hiveheart	simplyswords-neoforge-1.63.0-1.21.1.jar
simplyswords	simplyswords:icewhisper	simplyswords-neoforge-1.63.0-1.21.1.jar
simplyswords	simplyswords:iron_chakram	simplyswords-neoforge-1.63.0-1.21.1.jar
simplyswords	simplyswords:iron_claymore	simplyswords-neoforge-1.63.0-1.21.1.jar
simplyswords	simplyswords:iron_cutlass	simplyswords-neoforge-1.63.0-1.21.1.jar
simplyswords	simplyswords:iron_glaive	simplyswords-neoforge-1.63.0-1.21.1.jar
simplyswords	simplyswords:iron_greataxe	simplyswords-neoforge-1.63.0-1.21.1.jar
simplyswords	simplyswords:iron_greathammer	simplyswords-neoforge-1.63.0-1.21.1.jar
simplyswords	simplyswords:iron_halberd	simplyswords-neoforge-1.63.0-1.21.1.jar
simplyswords	simplyswords:iron_katana	simplyswords-neoforge-1.63.0-1.21.1.jar
simplyswords	simplyswords:iron_longsword	simplyswords-neoforge-1.63.0-1.21.1.jar
simplyswords	simplyswords:iron_rapier	simplyswords-neoforge-1.63.0-1.21.1.jar
simplyswords	simplyswords:iron_sai	simplyswords-neoforge-1.63.0-1.21.1.jar
simplyswords	simplyswords:iron_scythe	simplyswords-neoforge-1.63.0-1.21.1.jar
simplyswords	simplyswords:iron_spear	simplyswords-neoforge-1.63.0-1.21.1.jar
simplyswords	simplyswords:iron_twinblade	simplyswords-neoforge-1.63.0-1.21.1.jar
simplyswords	simplyswords:iron_warglaive	simplyswords-neoforge-1.63.0-1.21.1.jar
simplyswords	simplyswords:livyatan	simplyswords-neoforge-1.63.0-1.21.1.jar
simplyswords	simplyswords:long_handheld	simplyswords-neoforge-1.63.0-1.21.1.jar
simplyswords	simplyswords:magiblade	simplyswords-neoforge-1.63.0-1.21.1.jar
simplyswords	simplyswords:magiscythe	simplyswords-neoforge-1.63.0-1.21.1.jar
simplyswords	simplyswords:magispear	simplyswords-neoforge-1.63.0-1.21.1.jar
simplyswords	simplyswords:mjolnir	simplyswords-neoforge-1.63.0-1.21.1.jar
simplyswords	simplyswords:molten_edge	simplyswords-neoforge-1.63.0-1.21.1.jar
simplyswords	simplyswords:mythicmetals_compat/adamantite/adamantite_chakram	simplyswords-neoforge-1.63.0-1.21.1.jar
simplyswords	simplyswords:mythicmetals_compat/adamantite/adamantite_claymore	simplyswords-neoforge-1.63.0-1.21.1.jar
simplyswords	simplyswords:mythicmetals_compat/adamantite/adamantite_cutlass	simplyswords-neoforge-1.63.0-1.21.1.jar
simplyswords	simplyswords:mythicmetals_compat/adamantite/adamantite_glaive	simplyswords-neoforge-1.63.0-1.21.1.jar
simplyswords	simplyswords:mythicmetals_compat/adamantite/adamantite_greataxe	simplyswords-neoforge-1.63.0-1.21.1.jar
simplyswords	simplyswords:mythicmetals_compat/adamantite/adamantite_greathammer	simplyswords-neoforge-1.63.0-1.21.1.jar
simplyswords	simplyswords:mythicmetals_compat/adamantite/adamantite_halberd	simplyswords-neoforge-1.63.0-1.21.1.jar
simplyswords	simplyswords:mythicmetals_compat/adamantite/adamantite_katana	simplyswords-neoforge-1.63.0-1.21.1.jar
simplyswords	simplyswords:mythicmetals_compat/adamantite/adamantite_longsword	simplyswords-neoforge-1.63.0-1.21.1.jar
simplyswords	simplyswords:mythicmetals_compat/adamantite/adamantite_rapier	simplyswords-neoforge-1.63.0-1.21.1.jar
simplyswords	simplyswords:mythicmetals_compat/adamantite/adamantite_sai	simplyswords-neoforge-1.63.0-1.21.1.jar
simplyswords	simplyswords:mythicmetals_compat/adamantite/adamantite_scythe	simplyswords-neoforge-1.63.0-1.21.1.jar
simplyswords	simplyswords:mythicmetals_compat/adamantite/adamantite_spear	simplyswords-neoforge-1.63.0-1.21.1.jar
simplyswords	simplyswords:mythicmetals_compat/adamantite/adamantite_twinblade	simplyswords-neoforge-1.63.0-1.21.1.jar
simplyswords	simplyswords:mythicmetals_compat/adamantite/adamantite_warglaive	simplyswords-neoforge-1.63.0-1.21.1.jar
simplyswords	simplyswords:mythicmetals_compat/aquarium/aquarium_chakram	simplyswords-neoforge-1.63.0-1.21.1.jar
simplyswords	simplyswords:mythicmetals_compat/aquarium/aquarium_claymore	simplyswords-neoforge-1.63.0-1.21.1.jar
simplyswords	simplyswords:mythicmetals_compat/aquarium/aquarium_cutlass	simplyswords-neoforge-1.63.0-1.21.1.jar
simplyswords	simplyswords:mythicmetals_compat/aquarium/aquarium_glaive	simplyswords-neoforge-1.63.0-1.21.1.jar
simplyswords	simplyswords:mythicmetals_compat/aquarium/aquarium_greataxe	simplyswords-neoforge-1.63.0-1.21.1.jar
simplyswords	simplyswords:mythicmetals_compat/aquarium/aquarium_greathammer	simplyswords-neoforge-1.63.0-1.21.1.jar
simplyswords	simplyswords:mythicmetals_compat/aquarium/aquarium_halberd	simplyswords-neoforge-1.63.0-1.21.1.jar
simplyswords	simplyswords:mythicmetals_compat/aquarium/aquarium_katana	simplyswords-neoforge-1.63.0-1.21.1.jar
simplyswords	simplyswords:mythicmetals_compat/aquarium/aquarium_longsword	simplyswords-neoforge-1.63.0-1.21.1.jar
simplyswords	simplyswords:mythicmetals_compat/aquarium/aquarium_rapier	simplyswords-neoforge-1.63.0-1.21.1.jar
simplyswords	simplyswords:mythicmetals_compat/aquarium/aquarium_sai	simplyswords-neoforge-1.63.0-1.21.1.jar
simplyswords	simplyswords:mythicmetals_compat/aquarium/aquarium_scythe	simplyswords-neoforge-1.63.0-1.21.1.jar
simplyswords	simplyswords:mythicmetals_compat/aquarium/aquarium_spear	simplyswords-neoforge-1.63.0-1.21.1.jar
simplyswords	simplyswords:mythicmetals_compat/aquarium/aquarium_twinblade	simplyswords-neoforge-1.63.0-1.21.1.jar
simplyswords	simplyswords:mythicmetals_compat/aquarium/aquarium_warglaive	simplyswords-neoforge-1.63.0-1.21.1.jar
simplyswords	simplyswords:mythicmetals_compat/banglum/banglum_chakram	simplyswords-neoforge-1.63.0-1.21.1.jar
simplyswords	simplyswords:mythicmetals_compat/banglum/banglum_claymore	simplyswords-neoforge-1.63.0-1.21.1.jar
simplyswords	simplyswords:mythicmetals_compat/banglum/banglum_cutlass	simplyswords-neoforge-1.63.0-1.21.1.jar
simplyswords	simplyswords:mythicmetals_compat/banglum/banglum_glaive	simplyswords-neoforge-1.63.0-1.21.1.jar
simplyswords	simplyswords:mythicmetals_compat/banglum/banglum_greataxe	simplyswords-neoforge-1.63.0-1.21.1.jar
simplyswords	simplyswords:mythicmetals_compat/banglum/banglum_greathammer	simplyswords-neoforge-1.63.0-1.21.1.jar
simplyswords	simplyswords:mythicmetals_compat/banglum/banglum_halberd	simplyswords-neoforge-1.63.0-1.21.1.jar
simplyswords	simplyswords:mythicmetals_compat/banglum/banglum_katana	simplyswords-neoforge-1.63.0-1.21.1.jar
simplyswords	simplyswords:mythicmetals_compat/banglum/banglum_longsword	simplyswords-neoforge-1.63.0-1.21.1.jar
simplyswords	simplyswords:mythicmetals_compat/banglum/banglum_rapier	simplyswords-neoforge-1.63.0-1.21.1.jar
simplyswords	simplyswords:mythicmetals_compat/banglum/banglum_sai	simplyswords-neoforge-1.63.0-1.21.1.jar
simplyswords	simplyswords:mythicmetals_compat/banglum/banglum_scythe	simplyswords-neoforge-1.63.0-1.21.1.jar
simplyswords	simplyswords:mythicmetals_compat/banglum/banglum_spear	simplyswords-neoforge-1.63.0-1.21.1.jar
simplyswords	simplyswords:mythicmetals_compat/banglum/banglum_twinblade	simplyswords-neoforge-1.63.0-1.21.1.jar
simplyswords	simplyswords:mythicmetals_compat/banglum/banglum_warglaive	simplyswords-neoforge-1.63.0-1.21.1.jar
simplyswords	simplyswords:mythicmetals_compat/bronze/bronze_chakram	simplyswords-neoforge-1.63.0-1.21.1.jar
simplyswords	simplyswords:mythicmetals_compat/bronze/bronze_claymore	simplyswords-neoforge-1.63.0-1.21.1.jar
simplyswords	simplyswords:mythicmetals_compat/bronze/bronze_cutlass	simplyswords-neoforge-1.63.0-1.21.1.jar
simplyswords	simplyswords:mythicmetals_compat/bronze/bronze_glaive	simplyswords-neoforge-1.63.0-1.21.1.jar
simplyswords	simplyswords:mythicmetals_compat/bronze/bronze_greataxe	simplyswords-neoforge-1.63.0-1.21.1.jar
simplyswords	simplyswords:mythicmetals_compat/bronze/bronze_greathammer	simplyswords-neoforge-1.63.0-1.21.1.jar
simplyswords	simplyswords:mythicmetals_compat/bronze/bronze_halberd	simplyswords-neoforge-1.63.0-1.21.1.jar
simplyswords	simplyswords:mythicmetals_compat/bronze/bronze_katana	simplyswords-neoforge-1.63.0-1.21.1.jar
simplyswords	simplyswords:mythicmetals_compat/bronze/bronze_longsword	simplyswords-neoforge-1.63.0-1.21.1.jar
simplyswords	simplyswords:mythicmetals_compat/bronze/bronze_rapier	simplyswords-neoforge-1.63.0-1.21.1.jar
simplyswords	simplyswords:mythicmetals_compat/bronze/bronze_sai	simplyswords-neoforge-1.63.0-1.21.1.jar
simplyswords	simplyswords:mythicmetals_compat/bronze/bronze_scythe	simplyswords-neoforge-1.63.0-1.21.1.jar
simplyswords	simplyswords:mythicmetals_compat/bronze/bronze_spear	simplyswords-neoforge-1.63.0-1.21.1.jar
simplyswords	simplyswords:mythicmetals_compat/bronze/bronze_twinblade	simplyswords-neoforge-1.63.0-1.21.1.jar
simplyswords	simplyswords:mythicmetals_compat/bronze/bronze_warglaive	simplyswords-neoforge-1.63.0-1.21.1.jar
simplyswords	simplyswords:mythicmetals_compat/carmot/carmot_chakram	simplyswords-neoforge-1.63.0-1.21.1.jar
simplyswords	simplyswords:mythicmetals_compat/carmot/carmot_claymore	simplyswords-neoforge-1.63.0-1.21.1.jar
simplyswords	simplyswords:mythicmetals_compat/carmot/carmot_cutlass	simplyswords-neoforge-1.63.0-1.21.1.jar
simplyswords	simplyswords:mythicmetals_compat/carmot/carmot_glaive	simplyswords-neoforge-1.63.0-1.21.1.jar
simplyswords	simplyswords:mythicmetals_compat/carmot/carmot_greataxe	simplyswords-neoforge-1.63.0-1.21.1.jar
simplyswords	simplyswords:mythicmetals_compat/carmot/carmot_greathammer	simplyswords-neoforge-1.63.0-1.21.1.jar
simplyswords	simplyswords:mythicmetals_compat/carmot/carmot_halberd	simplyswords-neoforge-1.63.0-1.21.1.jar
simplyswords	simplyswords:mythicmetals_compat/carmot/carmot_katana	simplyswords-neoforge-1.63.0-1.21.1.jar
simplyswords	simplyswords:mythicmetals_compat/carmot/carmot_longsword	simplyswords-neoforge-1.63.0-1.21.1.jar
simplyswords	simplyswords:mythicmetals_compat/carmot/carmot_rapier	simplyswords-neoforge-1.63.0-1.21.1.jar
simplyswords	simplyswords:mythicmetals_compat/carmot/carmot_sai	simplyswords-neoforge-1.63.0-1.21.1.jar
simplyswords	simplyswords:mythicmetals_compat/carmot/carmot_scythe	simplyswords-neoforge-1.63.0-1.21.1.jar
simplyswords	simplyswords:mythicmetals_compat/carmot/carmot_spear	simplyswords-neoforge-1.63.0-1.21.1.jar
simplyswords	simplyswords:mythicmetals_compat/carmot/carmot_twinblade	simplyswords-neoforge-1.63.0-1.21.1.jar
simplyswords	simplyswords:mythicmetals_compat/carmot/carmot_warglaive	simplyswords-neoforge-1.63.0-1.21.1.jar
simplyswords	simplyswords:mythicmetals_compat/celestium/celestium_chakram	simplyswords-neoforge-1.63.0-1.21.1.jar
simplyswords	simplyswords:mythicmetals_compat/celestium/celestium_claymore	simplyswords-neoforge-1.63.0-1.21.1.jar
simplyswords	simplyswords:mythicmetals_compat/celestium/celestium_cutlass	simplyswords-neoforge-1.63.0-1.21.1.jar
simplyswords	simplyswords:mythicmetals_compat/celestium/celestium_glaive	simplyswords-neoforge-1.63.0-1.21.1.jar
simplyswords	simplyswords:mythicmetals_compat/celestium/celestium_greataxe	simplyswords-neoforge-1.63.0-1.21.1.jar
simplyswords	simplyswords:mythicmetals_compat/celestium/celestium_greathammer	simplyswords-neoforge-1.63.0-1.21.1.jar
simplyswords	simplyswords:mythicmetals_compat/celestium/celestium_halberd	simplyswords-neoforge-1.63.0-1.21.1.jar
simplyswords	simplyswords:mythicmetals_compat/celestium/celestium_katana	simplyswords-neoforge-1.63.0-1.21.1.jar
simplyswords	simplyswords:mythicmetals_compat/celestium/celestium_longsword	simplyswords-neoforge-1.63.0-1.21.1.jar
simplyswords	simplyswords:mythicmetals_compat/celestium/celestium_rapier	simplyswords-neoforge-1.63.0-1.21.1.jar
simplyswords	simplyswords:mythicmetals_compat/celestium/celestium_sai	simplyswords-neoforge-1.63.0-1.21.1.jar
simplyswords	simplyswords:mythicmetals_compat/celestium/celestium_scythe	simplyswords-neoforge-1.63.0-1.21.1.jar
simplyswords	simplyswords:mythicmetals_compat/celestium/celestium_spear	simplyswords-neoforge-1.63.0-1.21.1.jar
simplyswords	simplyswords:mythicmetals_compat/celestium/celestium_twinblade	simplyswords-neoforge-1.63.0-1.21.1.jar
simplyswords	simplyswords:mythicmetals_compat/celestium/celestium_warglaive	simplyswords-neoforge-1.63.0-1.21.1.jar
simplyswords	simplyswords:mythicmetals_compat/copper/copper_claymore	simplyswords-neoforge-1.63.0-1.21.1.jar
simplyswords	simplyswords:mythicmetals_compat/copper/copper_longsword	simplyswords-neoforge-1.63.0-1.21.1.jar
simplyswords	simplyswords:mythicmetals_compat/durasteel/durasteel_greathammer	simplyswords-neoforge-1.63.0-1.21.1.jar
simplyswords	simplyswords:mythicmetals_compat/kyber/kyber_chakram	simplyswords-neoforge-1.63.0-1.21.1.jar
simplyswords	simplyswords:mythicmetals_compat/kyber/kyber_claymore	simplyswords-neoforge-1.63.0-1.21.1.jar
simplyswords	simplyswords:mythicmetals_compat/kyber/kyber_cutlass	simplyswords-neoforge-1.63.0-1.21.1.jar
simplyswords	simplyswords:mythicmetals_compat/kyber/kyber_glaive	simplyswords-neoforge-1.63.0-1.21.1.jar
simplyswords	simplyswords:mythicmetals_compat/kyber/kyber_greataxe	simplyswords-neoforge-1.63.0-1.21.1.jar
simplyswords	simplyswords:mythicmetals_compat/kyber/kyber_greathammer	simplyswords-neoforge-1.63.0-1.21.1.jar
simplyswords	simplyswords:mythicmetals_compat/kyber/kyber_halberd	simplyswords-neoforge-1.63.0-1.21.1.jar
simplyswords	simplyswords:mythicmetals_compat/kyber/kyber_katana	simplyswords-neoforge-1.63.0-1.21.1.jar
simplyswords	simplyswords:mythicmetals_compat/kyber/kyber_longsword	simplyswords-neoforge-1.63.0-1.21.1.jar
simplyswords	simplyswords:mythicmetals_compat/kyber/kyber_rapier	simplyswords-neoforge-1.63.0-1.21.1.jar
simplyswords	simplyswords:mythicmetals_compat/kyber/kyber_sai	simplyswords-neoforge-1.63.0-1.21.1.jar
simplyswords	simplyswords:mythicmetals_compat/kyber/kyber_scythe	simplyswords-neoforge-1.63.0-1.21.1.jar
simplyswords	simplyswords:mythicmetals_compat/kyber/kyber_spear	simplyswords-neoforge-1.63.0-1.21.1.jar
simplyswords	simplyswords:mythicmetals_compat/kyber/kyber_twinblade	simplyswords-neoforge-1.63.0-1.21.1.jar
simplyswords	simplyswords:mythicmetals_compat/kyber/kyber_warglaive	simplyswords-neoforge-1.63.0-1.21.1.jar
simplyswords	simplyswords:mythicmetals_compat/metallurgium/metallurgium_chakram	simplyswords-neoforge-1.63.0-1.21.1.jar
simplyswords	simplyswords:mythicmetals_compat/metallurgium/metallurgium_claymore	simplyswords-neoforge-1.63.0-1.21.1.jar
simplyswords	simplyswords:mythicmetals_compat/metallurgium/metallurgium_cutlass	simplyswords-neoforge-1.63.0-1.21.1.jar
simplyswords	simplyswords:mythicmetals_compat/metallurgium/metallurgium_glaive	simplyswords-neoforge-1.63.0-1.21.1.jar
simplyswords	simplyswords:mythicmetals_compat/metallurgium/metallurgium_greataxe	simplyswords-neoforge-1.63.0-1.21.1.jar
simplyswords	simplyswords:mythicmetals_compat/metallurgium/metallurgium_greathammer	simplyswords-neoforge-1.63.0-1.21.1.jar
simplyswords	simplyswords:mythicmetals_compat/metallurgium/metallurgium_halberd	simplyswords-neoforge-1.63.0-1.21.1.jar
simplyswords	simplyswords:mythicmetals_compat/metallurgium/metallurgium_katana	simplyswords-neoforge-1.63.0-1.21.1.jar
simplyswords	simplyswords:mythicmetals_compat/metallurgium/metallurgium_longsword	simplyswords-neoforge-1.63.0-1.21.1.jar
simplyswords	simplyswords:mythicmetals_compat/metallurgium/metallurgium_rapier	simplyswords-neoforge-1.63.0-1.21.1.jar
simplyswords	simplyswords:mythicmetals_compat/metallurgium/metallurgium_sai	simplyswords-neoforge-1.63.0-1.21.1.jar
simplyswords	simplyswords:mythicmetals_compat/metallurgium/metallurgium_scythe	simplyswords-neoforge-1.63.0-1.21.1.jar
simplyswords	simplyswords:mythicmetals_compat/metallurgium/metallurgium_spear	simplyswords-neoforge-1.63.0-1.21.1.jar
simplyswords	simplyswords:mythicmetals_compat/metallurgium/metallurgium_twinblade	simplyswords-neoforge-1.63.0-1.21.1.jar
simplyswords	simplyswords:mythicmetals_compat/metallurgium/metallurgium_warglaive	simplyswords-neoforge-1.63.0-1.21.1.jar
simplyswords	simplyswords:mythicmetals_compat/mythril/mythril_chakram	simplyswords-neoforge-1.63.0-1.21.1.jar
simplyswords	simplyswords:mythicmetals_compat/mythril/mythril_claymore	simplyswords-neoforge-1.63.0-1.21.1.jar
simplyswords	simplyswords:mythicmetals_compat/mythril/mythril_cutlass	simplyswords-neoforge-1.63.0-1.21.1.jar
simplyswords	simplyswords:mythicmetals_compat/mythril/mythril_glaive	simplyswords-neoforge-1.63.0-1.21.1.jar
simplyswords	simplyswords:mythicmetals_compat/mythril/mythril_greataxe	simplyswords-neoforge-1.63.0-1.21.1.jar
simplyswords	simplyswords:mythicmetals_compat/mythril/mythril_greathammer	simplyswords-neoforge-1.63.0-1.21.1.jar
simplyswords	simplyswords:mythicmetals_compat/mythril/mythril_halberd	simplyswords-neoforge-1.63.0-1.21.1.jar
simplyswords	simplyswords:mythicmetals_compat/mythril/mythril_katana	simplyswords-neoforge-1.63.0-1.21.1.jar
simplyswords	simplyswords:mythicmetals_compat/mythril/mythril_longsword	simplyswords-neoforge-1.63.0-1.21.1.jar
simplyswords	simplyswords:mythicmetals_compat/mythril/mythril_rapier	simplyswords-neoforge-1.63.0-1.21.1.jar
simplyswords	simplyswords:mythicmetals_compat/mythril/mythril_sai	simplyswords-neoforge-1.63.0-1.21.1.jar
simplyswords	simplyswords:mythicmetals_compat/mythril/mythril_scythe	simplyswords-neoforge-1.63.0-1.21.1.jar
simplyswords	simplyswords:mythicmetals_compat/mythril/mythril_spear	simplyswords-neoforge-1.63.0-1.21.1.jar
simplyswords	simplyswords:mythicmetals_compat/mythril/mythril_twinblade	simplyswords-neoforge-1.63.0-1.21.1.jar
simplyswords	simplyswords:mythicmetals_compat/mythril/mythril_warglaive	simplyswords-neoforge-1.63.0-1.21.1.jar
simplyswords	simplyswords:mythicmetals_compat/orichalcum/orichalcum_chakram	simplyswords-neoforge-1.63.0-1.21.1.jar
simplyswords	simplyswords:mythicmetals_compat/orichalcum/orichalcum_claymore	simplyswords-neoforge-1.63.0-1.21.1.jar
simplyswords	simplyswords:mythicmetals_compat/orichalcum/orichalcum_cutlass	simplyswords-neoforge-1.63.0-1.21.1.jar
simplyswords	simplyswords:mythicmetals_compat/orichalcum/orichalcum_glaive	simplyswords-neoforge-1.63.0-1.21.1.jar
simplyswords	simplyswords:mythicmetals_compat/orichalcum/orichalcum_greataxe	simplyswords-neoforge-1.63.0-1.21.1.jar
simplyswords	simplyswords:mythicmetals_compat/orichalcum/orichalcum_greathammer	simplyswords-neoforge-1.63.0-1.21.1.jar
simplyswords	simplyswords:mythicmetals_compat/orichalcum/orichalcum_halberd	simplyswords-neoforge-1.63.0-1.21.1.jar
simplyswords	simplyswords:mythicmetals_compat/orichalcum/orichalcum_katana	simplyswords-neoforge-1.63.0-1.21.1.jar
simplyswords	simplyswords:mythicmetals_compat/orichalcum/orichalcum_longsword	simplyswords-neoforge-1.63.0-1.21.1.jar
simplyswords	simplyswords:mythicmetals_compat/orichalcum/orichalcum_rapier	simplyswords-neoforge-1.63.0-1.21.1.jar
simplyswords	simplyswords:mythicmetals_compat/orichalcum/orichalcum_sai	simplyswords-neoforge-1.63.0-1.21.1.jar
simplyswords	simplyswords:mythicmetals_compat/orichalcum/orichalcum_scythe	simplyswords-neoforge-1.63.0-1.21.1.jar
simplyswords	simplyswords:mythicmetals_compat/orichalcum/orichalcum_spear	simplyswords-neoforge-1.63.0-1.21.1.jar
simplyswords	simplyswords:mythicmetals_compat/orichalcum/orichalcum_twinblade	simplyswords-neoforge-1.63.0-1.21.1.jar
simplyswords	simplyswords:mythicmetals_compat/orichalcum/orichalcum_warglaive	simplyswords-neoforge-1.63.0-1.21.1.jar
simplyswords	simplyswords:mythicmetals_compat/osmium/osmium_chakram	simplyswords-neoforge-1.63.0-1.21.1.jar
simplyswords	simplyswords:mythicmetals_compat/osmium/osmium_claymore	simplyswords-neoforge-1.63.0-1.21.1.jar
simplyswords	simplyswords:mythicmetals_compat/osmium/osmium_cutlass	simplyswords-neoforge-1.63.0-1.21.1.jar
simplyswords	simplyswords:mythicmetals_compat/osmium/osmium_glaive	simplyswords-neoforge-1.63.0-1.21.1.jar
simplyswords	simplyswords:mythicmetals_compat/osmium/osmium_greataxe	simplyswords-neoforge-1.63.0-1.21.1.jar
simplyswords	simplyswords:mythicmetals_compat/osmium/osmium_greathammer	simplyswords-neoforge-1.63.0-1.21.1.jar
simplyswords	simplyswords:mythicmetals_compat/osmium/osmium_halberd	simplyswords-neoforge-1.63.0-1.21.1.jar
simplyswords	simplyswords:mythicmetals_compat/osmium/osmium_katana	simplyswords-neoforge-1.63.0-1.21.1.jar
simplyswords	simplyswords:mythicmetals_compat/osmium/osmium_longsword	simplyswords-neoforge-1.63.0-1.21.1.jar
simplyswords	simplyswords:mythicmetals_compat/osmium/osmium_rapier	simplyswords-neoforge-1.63.0-1.21.1.jar
simplyswords	simplyswords:mythicmetals_compat/osmium/osmium_sai	simplyswords-neoforge-1.63.0-1.21.1.jar
simplyswords	simplyswords:mythicmetals_compat/osmium/osmium_scythe	simplyswords-neoforge-1.63.0-1.21.1.jar
simplyswords	simplyswords:mythicmetals_compat/osmium/osmium_spear	simplyswords-neoforge-1.63.0-1.21.1.jar
simplyswords	simplyswords:mythicmetals_compat/osmium/osmium_twinblade	simplyswords-neoforge-1.63.0-1.21.1.jar
simplyswords	simplyswords:mythicmetals_compat/osmium/osmium_warglaive	simplyswords-neoforge-1.63.0-1.21.1.jar
simplyswords	simplyswords:mythicmetals_compat/palladium/palladium_chakram	simplyswords-neoforge-1.63.0-1.21.1.jar
simplyswords	simplyswords:mythicmetals_compat/palladium/palladium_claymore	simplyswords-neoforge-1.63.0-1.21.1.jar
simplyswords	simplyswords:mythicmetals_compat/palladium/palladium_cutlass	simplyswords-neoforge-1.63.0-1.21.1.jar
simplyswords	simplyswords:mythicmetals_compat/palladium/palladium_glaive	simplyswords-neoforge-1.63.0-1.21.1.jar
simplyswords	simplyswords:mythicmetals_compat/palladium/palladium_greataxe	simplyswords-neoforge-1.63.0-1.21.1.jar
simplyswords	simplyswords:mythicmetals_compat/palladium/palladium_greathammer	simplyswords-neoforge-1.63.0-1.21.1.jar
simplyswords	simplyswords:mythicmetals_compat/palladium/palladium_halberd	simplyswords-neoforge-1.63.0-1.21.1.jar
simplyswords	simplyswords:mythicmetals_compat/palladium/palladium_katana	simplyswords-neoforge-1.63.0-1.21.1.jar
simplyswords	simplyswords:mythicmetals_compat/palladium/palladium_longsword	simplyswords-neoforge-1.63.0-1.21.1.jar
simplyswords	simplyswords:mythicmetals_compat/palladium/palladium_rapier	simplyswords-neoforge-1.63.0-1.21.1.jar
simplyswords	simplyswords:mythicmetals_compat/palladium/palladium_sai	simplyswords-neoforge-1.63.0-1.21.1.jar
simplyswords	simplyswords:mythicmetals_compat/palladium/palladium_scythe	simplyswords-neoforge-1.63.0-1.21.1.jar
simplyswords	simplyswords:mythicmetals_compat/palladium/palladium_spear	simplyswords-neoforge-1.63.0-1.21.1.jar
simplyswords	simplyswords:mythicmetals_compat/palladium/palladium_twinblade	simplyswords-neoforge-1.63.0-1.21.1.jar
simplyswords	simplyswords:mythicmetals_compat/palladium/palladium_warglaive	simplyswords-neoforge-1.63.0-1.21.1.jar
simplyswords	simplyswords:mythicmetals_compat/prometheum/prometheum_chakram	simplyswords-neoforge-1.63.0-1.21.1.jar
simplyswords	simplyswords:mythicmetals_compat/prometheum/prometheum_claymore	simplyswords-neoforge-1.63.0-1.21.1.jar
simplyswords	simplyswords:mythicmetals_compat/prometheum/prometheum_cutlass	simplyswords-neoforge-1.63.0-1.21.1.jar
simplyswords	simplyswords:mythicmetals_compat/prometheum/prometheum_glaive	simplyswords-neoforge-1.63.0-1.21.1.jar
simplyswords	simplyswords:mythicmetals_compat/prometheum/prometheum_greataxe	simplyswords-neoforge-1.63.0-1.21.1.jar
simplyswords	simplyswords:mythicmetals_compat/prometheum/prometheum_greathammer	simplyswords-neoforge-1.63.0-1.21.1.jar
simplyswords	simplyswords:mythicmetals_compat/prometheum/prometheum_halberd	simplyswords-neoforge-1.63.0-1.21.1.jar
simplyswords	simplyswords:mythicmetals_compat/prometheum/prometheum_katana	simplyswords-neoforge-1.63.0-1.21.1.jar
simplyswords	simplyswords:mythicmetals_compat/prometheum/prometheum_longsword	simplyswords-neoforge-1.63.0-1.21.1.jar
simplyswords	simplyswords:mythicmetals_compat/prometheum/prometheum_rapier	simplyswords-neoforge-1.63.0-1.21.1.jar
simplyswords	simplyswords:mythicmetals_compat/prometheum/prometheum_sai	simplyswords-neoforge-1.63.0-1.21.1.jar
simplyswords	simplyswords:mythicmetals_compat/prometheum/prometheum_scythe	simplyswords-neoforge-1.63.0-1.21.1.jar
simplyswords	simplyswords:mythicmetals_compat/prometheum/prometheum_spear	simplyswords-neoforge-1.63.0-1.21.1.jar
simplyswords	simplyswords:mythicmetals_compat/prometheum/prometheum_twinblade	simplyswords-neoforge-1.63.0-1.21.1.jar
simplyswords	simplyswords:mythicmetals_compat/prometheum/prometheum_warglaive	simplyswords-neoforge-1.63.0-1.21.1.jar
simplyswords	simplyswords:mythicmetals_compat/quadrillum/quadrillum_chakram	simplyswords-neoforge-1.63.0-1.21.1.jar
simplyswords	simplyswords:mythicmetals_compat/quadrillum/quadrillum_claymore	simplyswords-neoforge-1.63.0-1.21.1.jar
simplyswords	simplyswords:mythicmetals_compat/quadrillum/quadrillum_cutlass	simplyswords-neoforge-1.63.0-1.21.1.jar
simplyswords	simplyswords:mythicmetals_compat/quadrillum/quadrillum_glaive	simplyswords-neoforge-1.63.0-1.21.1.jar
simplyswords	simplyswords:mythicmetals_compat/quadrillum/quadrillum_greataxe	simplyswords-neoforge-1.63.0-1.21.1.jar
simplyswords	simplyswords:mythicmetals_compat/quadrillum/quadrillum_greathammer	simplyswords-neoforge-1.63.0-1.21.1.jar
simplyswords	simplyswords:mythicmetals_compat/quadrillum/quadrillum_halberd	simplyswords-neoforge-1.63.0-1.21.1.jar
simplyswords	simplyswords:mythicmetals_compat/quadrillum/quadrillum_katana	simplyswords-neoforge-1.63.0-1.21.1.jar
simplyswords	simplyswords:mythicmetals_compat/quadrillum/quadrillum_longsword	simplyswords-neoforge-1.63.0-1.21.1.jar
simplyswords	simplyswords:mythicmetals_compat/quadrillum/quadrillum_rapier	simplyswords-neoforge-1.63.0-1.21.1.jar
simplyswords	simplyswords:mythicmetals_compat/quadrillum/quadrillum_sai	simplyswords-neoforge-1.63.0-1.21.1.jar
simplyswords	simplyswords:mythicmetals_compat/quadrillum/quadrillum_scythe	simplyswords-neoforge-1.63.0-1.21.1.jar
simplyswords	simplyswords:mythicmetals_compat/quadrillum/quadrillum_spear	simplyswords-neoforge-1.63.0-1.21.1.jar
simplyswords	simplyswords:mythicmetals_compat/quadrillum/quadrillum_twinblade	simplyswords-neoforge-1.63.0-1.21.1.jar
simplyswords	simplyswords:mythicmetals_compat/quadrillum/quadrillum_warglaive	simplyswords-neoforge-1.63.0-1.21.1.jar
simplyswords	simplyswords:mythicmetals_compat/runite/runite_chakram	simplyswords-neoforge-1.63.0-1.21.1.jar
simplyswords	simplyswords:mythicmetals_compat/runite/runite_claymore	simplyswords-neoforge-1.63.0-1.21.1.jar
simplyswords	simplyswords:mythicmetals_compat/runite/runite_cutlass	simplyswords-neoforge-1.63.0-1.21.1.jar
simplyswords	simplyswords:mythicmetals_compat/runite/runite_glaive	simplyswords-neoforge-1.63.0-1.21.1.jar
simplyswords	simplyswords:mythicmetals_compat/runite/runite_greataxe	simplyswords-neoforge-1.63.0-1.21.1.jar
simplyswords	simplyswords:mythicmetals_compat/runite/runite_greathammer	simplyswords-neoforge-1.63.0-1.21.1.jar
simplyswords	simplyswords:mythicmetals_compat/runite/runite_halberd	simplyswords-neoforge-1.63.0-1.21.1.jar
simplyswords	simplyswords:mythicmetals_compat/runite/runite_katana	simplyswords-neoforge-1.63.0-1.21.1.jar
simplyswords	simplyswords:mythicmetals_compat/runite/runite_longsword	simplyswords-neoforge-1.63.0-1.21.1.jar
simplyswords	simplyswords:mythicmetals_compat/runite/runite_rapier	simplyswords-neoforge-1.63.0-1.21.1.jar
simplyswords	simplyswords:mythicmetals_compat/runite/runite_sai	simplyswords-neoforge-1.63.0-1.21.1.jar
simplyswords	simplyswords:mythicmetals_compat/runite/runite_scythe	simplyswords-neoforge-1.63.0-1.21.1.jar
simplyswords	simplyswords:mythicmetals_compat/runite/runite_spear	simplyswords-neoforge-1.63.0-1.21.1.jar
simplyswords	simplyswords:mythicmetals_compat/runite/runite_twinblade	simplyswords-neoforge-1.63.0-1.21.1.jar
simplyswords	simplyswords:mythicmetals_compat/runite/runite_warglaive	simplyswords-neoforge-1.63.0-1.21.1.jar
simplyswords	simplyswords:mythicmetals_compat/star_platinum/star_platinum_chakram	simplyswords-neoforge-1.63.0-1.21.1.jar
simplyswords	simplyswords:mythicmetals_compat/star_platinum/star_platinum_claymore	simplyswords-neoforge-1.63.0-1.21.1.jar
simplyswords	simplyswords:mythicmetals_compat/star_platinum/star_platinum_cutlass	simplyswords-neoforge-1.63.0-1.21.1.jar
simplyswords	simplyswords:mythicmetals_compat/star_platinum/star_platinum_glaive	simplyswords-neoforge-1.63.0-1.21.1.jar
simplyswords	simplyswords:mythicmetals_compat/star_platinum/star_platinum_greataxe	simplyswords-neoforge-1.63.0-1.21.1.jar
simplyswords	simplyswords:mythicmetals_compat/star_platinum/star_platinum_greathammer	simplyswords-neoforge-1.63.0-1.21.1.jar
simplyswords	simplyswords:mythicmetals_compat/star_platinum/star_platinum_halberd	simplyswords-neoforge-1.63.0-1.21.1.jar
simplyswords	simplyswords:mythicmetals_compat/star_platinum/star_platinum_katana	simplyswords-neoforge-1.63.0-1.21.1.jar
simplyswords	simplyswords:mythicmetals_compat/star_platinum/star_platinum_longsword	simplyswords-neoforge-1.63.0-1.21.1.jar
simplyswords	simplyswords:mythicmetals_compat/star_platinum/star_platinum_rapier	simplyswords-neoforge-1.63.0-1.21.1.jar
simplyswords	simplyswords:mythicmetals_compat/star_platinum/star_platinum_sai	simplyswords-neoforge-1.63.0-1.21.1.jar
simplyswords	simplyswords:mythicmetals_compat/star_platinum/star_platinum_scythe	simplyswords-neoforge-1.63.0-1.21.1.jar
simplyswords	simplyswords:mythicmetals_compat/star_platinum/star_platinum_spear	simplyswords-neoforge-1.63.0-1.21.1.jar
simplyswords	simplyswords:mythicmetals_compat/star_platinum/star_platinum_twinblade	simplyswords-neoforge-1.63.0-1.21.1.jar
simplyswords	simplyswords:mythicmetals_compat/star_platinum/star_platinum_warglaive	simplyswords-neoforge-1.63.0-1.21.1.jar
simplyswords	simplyswords:mythicmetals_compat/steel/steel_chakram	simplyswords-neoforge-1.63.0-1.21.1.jar
simplyswords	simplyswords:mythicmetals_compat/steel/steel_claymore	simplyswords-neoforge-1.63.0-1.21.1.jar
simplyswords	simplyswords:mythicmetals_compat/steel/steel_cutlass	simplyswords-neoforge-1.63.0-1.21.1.jar
simplyswords	simplyswords:mythicmetals_compat/steel/steel_glaive	simplyswords-neoforge-1.63.0-1.21.1.jar
simplyswords	simplyswords:mythicmetals_compat/steel/steel_greataxe	simplyswords-neoforge-1.63.0-1.21.1.jar
simplyswords	simplyswords:mythicmetals_compat/steel/steel_greathammer	simplyswords-neoforge-1.63.0-1.21.1.jar
simplyswords	simplyswords:mythicmetals_compat/steel/steel_halberd	simplyswords-neoforge-1.63.0-1.21.1.jar
simplyswords	simplyswords:mythicmetals_compat/steel/steel_katana	simplyswords-neoforge-1.63.0-1.21.1.jar
simplyswords	simplyswords:mythicmetals_compat/steel/steel_longsword	simplyswords-neoforge-1.63.0-1.21.1.jar
simplyswords	simplyswords:mythicmetals_compat/steel/steel_rapier	simplyswords-neoforge-1.63.0-1.21.1.jar
simplyswords	simplyswords:mythicmetals_compat/steel/steel_sai	simplyswords-neoforge-1.63.0-1.21.1.jar
simplyswords	simplyswords:mythicmetals_compat/steel/steel_scythe	simplyswords-neoforge-1.63.0-1.21.1.jar
simplyswords	simplyswords:mythicmetals_compat/steel/steel_spear	simplyswords-neoforge-1.63.0-1.21.1.jar
simplyswords	simplyswords:mythicmetals_compat/steel/steel_twinblade	simplyswords-neoforge-1.63.0-1.21.1.jar
simplyswords	simplyswords:mythicmetals_compat/steel/steel_warglaive	simplyswords-neoforge-1.63.0-1.21.1.jar
simplyswords	simplyswords:mythicmetals_compat/stormyx/stormyx_chakram	simplyswords-neoforge-1.63.0-1.21.1.jar
simplyswords	simplyswords:mythicmetals_compat/stormyx/stormyx_claymore	simplyswords-neoforge-1.63.0-1.21.1.jar
simplyswords	simplyswords:mythicmetals_compat/stormyx/stormyx_cutlass	simplyswords-neoforge-1.63.0-1.21.1.jar
simplyswords	simplyswords:mythicmetals_compat/stormyx/stormyx_glaive	simplyswords-neoforge-1.63.0-1.21.1.jar
simplyswords	simplyswords:mythicmetals_compat/stormyx/stormyx_greataxe	simplyswords-neoforge-1.63.0-1.21.1.jar
simplyswords	simplyswords:mythicmetals_compat/stormyx/stormyx_greathammer	simplyswords-neoforge-1.63.0-1.21.1.jar
simplyswords	simplyswords:mythicmetals_compat/stormyx/stormyx_halberd	simplyswords-neoforge-1.63.0-1.21.1.jar
simplyswords	simplyswords:mythicmetals_compat/stormyx/stormyx_katana	simplyswords-neoforge-1.63.0-1.21.1.jar
simplyswords	simplyswords:mythicmetals_compat/stormyx/stormyx_longsword	simplyswords-neoforge-1.63.0-1.21.1.jar
simplyswords	simplyswords:mythicmetals_compat/stormyx/stormyx_rapier	simplyswords-neoforge-1.63.0-1.21.1.jar
simplyswords	simplyswords:mythicmetals_compat/stormyx/stormyx_sai	simplyswords-neoforge-1.63.0-1.21.1.jar
simplyswords	simplyswords:mythicmetals_compat/stormyx/stormyx_scythe	simplyswords-neoforge-1.63.0-1.21.1.jar
simplyswords	simplyswords:mythicmetals_compat/stormyx/stormyx_spear	simplyswords-neoforge-1.63.0-1.21.1.jar
simplyswords	simplyswords:mythicmetals_compat/stormyx/stormyx_twinblade	simplyswords-neoforge-1.63.0-1.21.1.jar
simplyswords	simplyswords:mythicmetals_compat/stormyx/stormyx_warglaive	simplyswords-neoforge-1.63.0-1.21.1.jar
simplyswords	simplyswords:netherfused_gem	simplyswords-neoforge-1.63.0-1.21.1.jar
simplyswords	simplyswords:netherite_chakram	simplyswords-neoforge-1.63.0-1.21.1.jar
simplyswords	simplyswords:netherite_claymore	simplyswords-neoforge-1.63.0-1.21.1.jar
simplyswords	simplyswords:netherite_cutlass	simplyswords-neoforge-1.63.0-1.21.1.jar
simplyswords	simplyswords:netherite_glaive	simplyswords-neoforge-1.63.0-1.21.1.jar
simplyswords	simplyswords:netherite_greataxe	simplyswords-neoforge-1.63.0-1.21.1.jar
simplyswords	simplyswords:netherite_greathammer	simplyswords-neoforge-1.63.0-1.21.1.jar
simplyswords	simplyswords:netherite_halberd	simplyswords-neoforge-1.63.0-1.21.1.jar
simplyswords	simplyswords:netherite_katana	simplyswords-neoforge-1.63.0-1.21.1.jar
simplyswords	simplyswords:netherite_longsword	simplyswords-neoforge-1.63.0-1.21.1.jar
simplyswords	simplyswords:netherite_rapier	simplyswords-neoforge-1.63.0-1.21.1.jar
simplyswords	simplyswords:netherite_sai	simplyswords-neoforge-1.63.0-1.21.1.jar
simplyswords	simplyswords:netherite_scythe	simplyswords-neoforge-1.63.0-1.21.1.jar
simplyswords	simplyswords:netherite_spear	simplyswords-neoforge-1.63.0-1.21.1.jar
simplyswords	simplyswords:netherite_twinblade	simplyswords-neoforge-1.63.0-1.21.1.jar
simplyswords	simplyswords:netherite_warglaive	simplyswords-neoforge-1.63.0-1.21.1.jar
simplyswords	simplyswords:patchouli/book_0	simplyswords-neoforge-1.63.0-1.21.1.jar
simplyswords	simplyswords:patchouli/book_1	simplyswords-neoforge-1.63.0-1.21.1.jar
simplyswords	simplyswords:patchouli/book_2	simplyswords-neoforge-1.63.0-1.21.1.jar
simplyswords	simplyswords:ribboncleaver	simplyswords-neoforge-1.63.0-1.21.1.jar
simplyswords	simplyswords:righteous_relic	simplyswords-neoforge-1.63.0-1.21.1.jar
simplyswords	simplyswords:runefused_gem	simplyswords-neoforge-1.63.0-1.21.1.jar
simplyswords	simplyswords:runic_chakram	simplyswords-neoforge-1.63.0-1.21.1.jar
simplyswords	simplyswords:runic_claymore	simplyswords-neoforge-1.63.0-1.21.1.jar
simplyswords	simplyswords:runic_cutlass	simplyswords-neoforge-1.63.0-1.21.1.jar
simplyswords	simplyswords:runic_glaive	simplyswords-neoforge-1.63.0-1.21.1.jar
simplyswords	simplyswords:runic_greataxe	simplyswords-neoforge-1.63.0-1.21.1.jar
simplyswords	simplyswords:runic_greathammer	simplyswords-neoforge-1.63.0-1.21.1.jar
simplyswords	simplyswords:runic_halberd	simplyswords-neoforge-1.63.0-1.21.1.jar
simplyswords	simplyswords:runic_katana	simplyswords-neoforge-1.63.0-1.21.1.jar
simplyswords	simplyswords:runic_longsword	simplyswords-neoforge-1.63.0-1.21.1.jar
simplyswords	simplyswords:runic_rapier	simplyswords-neoforge-1.63.0-1.21.1.jar
simplyswords	simplyswords:runic_sai	simplyswords-neoforge-1.63.0-1.21.1.jar
simplyswords	simplyswords:runic_scythe	simplyswords-neoforge-1.63.0-1.21.1.jar
simplyswords	simplyswords:runic_spear	simplyswords-neoforge-1.63.0-1.21.1.jar
simplyswords	simplyswords:runic_tablet	simplyswords-neoforge-1.63.0-1.21.1.jar
simplyswords	simplyswords:runic_twinblade	simplyswords-neoforge-1.63.0-1.21.1.jar
simplyswords	simplyswords:runic_warglaive	simplyswords-neoforge-1.63.0-1.21.1.jar
simplyswords	simplyswords:shadowsting	simplyswords-neoforge-1.63.0-1.21.1.jar
simplyswords	simplyswords:slumbering_lichblade	simplyswords-neoforge-1.63.0-1.21.1.jar
simplyswords	simplyswords:soulkeeper	simplyswords-neoforge-1.63.0-1.21.1.jar
simplyswords	simplyswords:soulpyre	simplyswords-neoforge-1.63.0-1.21.1.jar
simplyswords	simplyswords:soulrender	simplyswords-neoforge-1.63.0-1.21.1.jar
simplyswords	simplyswords:soulstealer	simplyswords-neoforge-1.63.0-1.21.1.jar
simplyswords	simplyswords:stars_edge	simplyswords-neoforge-1.63.0-1.21.1.jar
simplyswords	simplyswords:stormbringer	simplyswords-neoforge-1.63.0-1.21.1.jar
simplyswords	simplyswords:storms_edge	simplyswords-neoforge-1.63.0-1.21.1.jar
simplyswords	simplyswords:stormscale	simplyswords-neoforge-1.63.0-1.21.1.jar
simplyswords	simplyswords:sunfire	simplyswords-neoforge-1.63.0-1.21.1.jar
simplyswords	simplyswords:sword_on_a_stick	simplyswords-neoforge-1.63.0-1.21.1.jar
simplyswords	simplyswords:tainted_relic	simplyswords-neoforge-1.63.0-1.21.1.jar
simplyswords	simplyswords:tampered_remnant	simplyswords-neoforge-1.63.0-1.21.1.jar
simplyswords	simplyswords:tempest	simplyswords-neoforge-1.63.0-1.21.1.jar
simplyswords	simplyswords:template_chakram	simplyswords-neoforge-1.63.0-1.21.1.jar
simplyswords	simplyswords:template_claymore	simplyswords-neoforge-1.63.0-1.21.1.jar
simplyswords	simplyswords:template_claymore_flipped	simplyswords-neoforge-1.63.0-1.21.1.jar
simplyswords	simplyswords:template_greathammer	simplyswords-neoforge-1.63.0-1.21.1.jar
simplyswords	simplyswords:template_katana	simplyswords-neoforge-1.63.0-1.21.1.jar
simplyswords	simplyswords:template_longdagger	simplyswords-neoforge-1.63.0-1.21.1.jar
simplyswords	simplyswords:template_longsword	simplyswords-neoforge-1.63.0-1.21.1.jar
simplyswords	simplyswords:template_longsword_upsidedown	simplyswords-neoforge-1.63.0-1.21.1.jar
simplyswords	simplyswords:template_reworked_greathammer	simplyswords-neoforge-1.63.0-1.21.1.jar
simplyswords	simplyswords:template_twinblade	simplyswords-neoforge-1.63.0-1.21.1.jar
simplyswords	simplyswords:template_warglaive	simplyswords-neoforge-1.63.0-1.21.1.jar
simplyswords	simplyswords:thunderbrand	simplyswords-neoforge-1.63.0-1.21.1.jar
simplyswords	simplyswords:toxic_longsword	simplyswords-neoforge-1.63.0-1.21.1.jar
simplyswords	simplyswords:twisted_blade	simplyswords-neoforge-1.63.0-1.21.1.jar
simplyswords	simplyswords:waking_lichblade	simplyswords-neoforge-1.63.0-1.21.1.jar
simplyswords	simplyswords:watcher_claymore	simplyswords-neoforge-1.63.0-1.21.1.jar
simplyswords	simplyswords:watching_warglaive	simplyswords-neoforge-1.63.0-1.21.1.jar
simplyswords	simplyswords:waxweaver	simplyswords-neoforge-1.63.0-1.21.1.jar
simplyswords	simplyswords:whisperwind	simplyswords-neoforge-1.63.0-1.21.1.jar
simplyswords	simplyswords:wickpiercer	simplyswords-neoforge-1.63.0-1.21.1.jar
simplyswords	simplyswords:wraithfang	simplyswords-neoforge-1.63.0-1.21.1.jar
slu	slu:aatrox_boots	slu_9992.3.1.21.1-Remade.jar
slu	slu:aatrox_chestplate	slu_9992.3.1.21.1-Remade.jar
slu	slu:aatrox_helmet	slu_9992.3.1.21.1-Remade.jar
slu	slu:aatrox_leggings	slu_9992.3.1.21.1-Remade.jar
slu	slu:aatrox_soul	slu_9992.3.1.21.1-Remade.jar
slu	slu:aatrox_sword	slu_9992.3.1.21.1-Remade.jar
slu	slu:abyss_watcher_soul	slu_9992.3.1.21.1-Remade.jar
slu	slu:alloy_boots	slu_9992.3.1.21.1-Remade.jar
slu	slu:alloy_chestplate	slu_9992.3.1.21.1-Remade.jar
slu	slu:alloy_helmet	slu_9992.3.1.21.1-Remade.jar
slu	slu:alloy_leggings	slu_9992.3.1.21.1-Remade.jar
slu	slu:ancient_warrior_boots	slu_9992.3.1.21.1-Remade.jar
slu	slu:ancient_warrior_chestplate	slu_9992.3.1.21.1-Remade.jar
slu	slu:ancient_warrior_helmet	slu_9992.3.1.21.1-Remade.jar
slu	slu:ancient_warrior_leggings	slu_9992.3.1.21.1-Remade.jar
slu	slu:ancient_warrior_soul	slu_9992.3.1.21.1-Remade.jar
slu	slu:apostle_boots	slu_9992.3.1.21.1-Remade.jar
slu	slu:apostle_chestplate	slu_9992.3.1.21.1-Remade.jar
slu	slu:apostle_helmet	slu_9992.3.1.21.1-Remade.jar
slu	slu:apostle_leggings	slu_9992.3.1.21.1-Remade.jar
slu	slu:artorias_soul	slu_9992.3.1.21.1-Remade.jar
slu	slu:ashen_chest	slu_9992.3.1.21.1-Remade.jar
slu	slu:ashen_knight_boots	slu_9992.3.1.21.1-Remade.jar
slu	slu:ashen_knight_chestplate	slu_9992.3.1.21.1-Remade.jar
slu	slu:ashen_knight_helmet	slu_9992.3.1.21.1-Remade.jar
slu	slu:ashen_knight_leggings	slu_9992.3.1.21.1-Remade.jar
slu	slu:ashen_one_boots	slu_9992.3.1.21.1-Remade.jar
slu	slu:ashen_one_chestplate	slu_9992.3.1.21.1-Remade.jar
slu	slu:ashen_one_helmet	slu_9992.3.1.21.1-Remade.jar
slu	slu:ashen_one_leggings	slu_9992.3.1.21.1-Remade.jar
slu	slu:ashen_shield	slu_9992.3.1.21.1-Remade.jar
slu	slu:ashen_shield_0	slu_9992.3.1.21.1-Remade.jar
slu	slu:ashen_template	slu_9992.3.1.21.1-Remade.jar
slu	slu:assassin_boots	slu_9992.3.1.21.1-Remade.jar
slu	slu:assassin_chestplate	slu_9992.3.1.21.1-Remade.jar
slu	slu:assassin_helmet	slu_9992.3.1.21.1-Remade.jar
slu	slu:assassin_leggings	slu_9992.3.1.21.1-Remade.jar
slu	slu:barbarian_club	slu_9992.3.1.21.1-Remade.jar
slu	slu:basic_chosen_pantheon_spear	slu_9992.3.1.21.1-Remade.jar
slu	slu:basic_grand_reckoning_claw	slu_9992.3.1.21.1-Remade.jar
slu	slu:basic_master_katana	slu_9992.3.1.21.1-Remade.jar
slu	slu:basic_nightbringer_sword	slu_9992.3.1.21.1-Remade.jar
slu	slu:basic_sett_fist	slu_9992.3.1.21.1-Remade.jar
slu	slu:berserk_boots	slu_9992.3.1.21.1-Remade.jar
slu	slu:berserk_chestplate	slu_9992.3.1.21.1-Remade.jar
slu	slu:berserk_greatsword	slu_9992.3.1.21.1-Remade.jar
slu	slu:berserk_helmet	slu_9992.3.1.21.1-Remade.jar
slu	slu:berserk_leggings	slu_9992.3.1.21.1-Remade.jar
slu	slu:black_baron_boots	slu_9992.3.1.21.1-Remade.jar
slu	slu:black_baron_chestplate	slu_9992.3.1.21.1-Remade.jar
slu	slu:black_baron_helmet	slu_9992.3.1.21.1-Remade.jar
slu	slu:black_baron_leggings	slu_9992.3.1.21.1-Remade.jar
slu	slu:black_blade	slu_9992.3.1.21.1-Remade.jar
slu	slu:black_dagger	slu_9992.3.1.21.1-Remade.jar
slu	slu:black_katana	slu_9992.3.1.21.1-Remade.jar
slu	slu:black_samurai_boots	slu_9992.3.1.21.1-Remade.jar
slu	slu:black_samurai_chestplate	slu_9992.3.1.21.1-Remade.jar
slu	slu:black_samurai_helmet	slu_9992.3.1.21.1-Remade.jar
slu	slu:black_samurai_leggings	slu_9992.3.1.21.1-Remade.jar
slu	slu:blasphemy_knight_boots	slu_9992.3.1.21.1-Remade.jar
slu	slu:blasphemy_knight_chestplate	slu_9992.3.1.21.1-Remade.jar
slu	slu:blasphemy_knight_helmet	slu_9992.3.1.21.1-Remade.jar
slu	slu:blasphemy_knight_leggings	slu_9992.3.1.21.1-Remade.jar
slu	slu:blasphemy_shard	slu_9992.3.1.21.1-Remade.jar
slu	slu:blessed_dagger	slu_9992.3.1.21.1-Remade.jar
slu	slu:blessed_hammer	slu_9992.3.1.21.1-Remade.jar
slu	slu:blood_blade	slu_9992.3.1.21.1-Remade.jar
slu	slu:blood_lord_boots	slu_9992.3.1.21.1-Remade.jar
slu	slu:blood_lord_chestplate	slu_9992.3.1.21.1-Remade.jar
slu	slu:blood_lord_helmet	slu_9992.3.1.21.1-Remade.jar
slu	slu:blood_lord_leggings	slu_9992.3.1.21.1-Remade.jar
slu	slu:blood_spell_longsword	slu_9992.3.1.21.1-Remade.jar
slu	slu:blood_trident	slu_9992.3.1.21.1-Remade.jar
slu	slu:bloodmoon_aatrox_boots	slu_9992.3.1.21.1-Remade.jar
slu	slu:bloodmoon_aatrox_chestplate	slu_9992.3.1.21.1-Remade.jar
slu	slu:bloodmoon_aatrox_helmet	slu_9992.3.1.21.1-Remade.jar
slu	slu:bloodmoon_aatrox_leggings	slu_9992.3.1.21.1-Remade.jar
slu	slu:bloodmoon_aatrox_sword	slu_9992.3.1.21.1-Remade.jar
slu	slu:briar_boots	slu_9992.3.1.21.1-Remade.jar
slu	slu:briar_chestplate	slu_9992.3.1.21.1-Remade.jar
slu	slu:briar_helmet	slu_9992.3.1.21.1-Remade.jar
slu	slu:briar_leggings	slu_9992.3.1.21.1-Remade.jar
slu	slu:broken_cross	slu_9992.3.1.21.1-Remade.jar
slu	slu:broken_sword	slu_9992.3.1.21.1-Remade.jar
slu	slu:chaos_knight_boots	slu_9992.3.1.21.1-Remade.jar
slu	slu:chaos_knight_chestplate	slu_9992.3.1.21.1-Remade.jar
slu	slu:chaos_knight_helmet	slu_9992.3.1.21.1-Remade.jar
slu	slu:chaos_knight_leggings	slu_9992.3.1.21.1-Remade.jar
slu	slu:chaos_knight_sword	slu_9992.3.1.21.1-Remade.jar
slu	slu:charred_axe	slu_9992.3.1.21.1-Remade.jar
slu	slu:charred_knight_boots	slu_9992.3.1.21.1-Remade.jar
slu	slu:charred_knight_chestplate	slu_9992.3.1.21.1-Remade.jar
slu	slu:charred_knight_helmet	slu_9992.3.1.21.1-Remade.jar
slu	slu:charred_knight_leggings	slu_9992.3.1.21.1-Remade.jar
slu	slu:charred_shield	slu_9992.3.1.21.1-Remade.jar
slu	slu:charred_shield_0	slu_9992.3.1.21.1-Remade.jar
slu	slu:charred_silver_boots	slu_9992.3.1.21.1-Remade.jar
slu	slu:charred_silver_chestplate	slu_9992.3.1.21.1-Remade.jar
slu	slu:charred_silver_helmet	slu_9992.3.1.21.1-Remade.jar
slu	slu:charred_silver_leggings	slu_9992.3.1.21.1-Remade.jar
slu	slu:charred_silver_shard	slu_9992.3.1.21.1-Remade.jar
slu	slu:charred_silver_shield	slu_9992.3.1.21.1-Remade.jar
slu	slu:charred_silver_shield_0	slu_9992.3.1.21.1-Remade.jar
slu	slu:charred_silver_sword	slu_9992.3.1.21.1-Remade.jar
slu	slu:chosen_knight_boots	slu_9992.3.1.21.1-Remade.jar
slu	slu:chosen_knight_chestplate	slu_9992.3.1.21.1-Remade.jar
slu	slu:chosen_knight_helmet	slu_9992.3.1.21.1-Remade.jar
slu	slu:chosen_knight_leggings	slu_9992.3.1.21.1-Remade.jar
slu	slu:chosen_pantheon_boots	slu_9992.3.1.21.1-Remade.jar
slu	slu:chosen_pantheon_chestplate	slu_9992.3.1.21.1-Remade.jar
slu	slu:chosen_pantheon_helmet	slu_9992.3.1.21.1-Remade.jar
slu	slu:chosen_pantheon_leggings	slu_9992.3.1.21.1-Remade.jar
slu	slu:chosen_pantheon_shield	slu_9992.3.1.21.1-Remade.jar
slu	slu:chosen_pantheon_shield_0	slu_9992.3.1.21.1-Remade.jar
slu	slu:chosen_pantheon_spear	slu_9992.3.1.21.1-Remade.jar
slu	slu:cinder_king_greatsword	slu_9992.3.1.21.1-Remade.jar
slu	slu:claymore	slu_9992.3.1.21.1-Remade.jar
slu	slu:clergyman_boots	slu_9992.3.1.21.1-Remade.jar
slu	slu:clergyman_chestplate	slu_9992.3.1.21.1-Remade.jar
slu	slu:clergyman_helmet	slu_9992.3.1.21.1-Remade.jar
slu	slu:clergyman_leggings	slu_9992.3.1.21.1-Remade.jar
slu	slu:cloth_piece	slu_9992.3.1.21.1-Remade.jar
slu	slu:cogwheel	slu_9992.3.1.21.1-Remade.jar
slu	slu:conqueror_boots	slu_9992.3.1.21.1-Remade.jar
slu	slu:conqueror_chestplate	slu_9992.3.1.21.1-Remade.jar
slu	slu:conqueror_helmet	slu_9992.3.1.21.1-Remade.jar
slu	slu:conqueror_leggings	slu_9992.3.1.21.1-Remade.jar
slu	slu:corrupt_soul	slu_9992.3.1.21.1-Remade.jar
slu	slu:count_robert_soul	slu_9992.3.1.21.1-Remade.jar
slu	slu:creator_staff	slu_9992.3.1.21.1-Remade.jar
slu	slu:creator_viktor_boots	slu_9992.3.1.21.1-Remade.jar
slu	slu:creator_viktor_chestplate	slu_9992.3.1.21.1-Remade.jar
slu	slu:creator_viktor_helmet	slu_9992.3.1.21.1-Remade.jar
slu	slu:creator_viktor_leggings	slu_9992.3.1.21.1-Remade.jar
slu	slu:cross_shield	slu_9992.3.1.21.1-Remade.jar
slu	slu:cross_shield_0	slu_9992.3.1.21.1-Remade.jar
slu	slu:crucible_knight_boots	slu_9992.3.1.21.1-Remade.jar
slu	slu:crucible_knight_chestplate	slu_9992.3.1.21.1-Remade.jar
slu	slu:crucible_knight_helmet	slu_9992.3.1.21.1-Remade.jar
slu	slu:crucible_knight_leggings	slu_9992.3.1.21.1-Remade.jar
slu	slu:crucible_knight_soul	slu_9992.3.1.21.1-Remade.jar
slu	slu:crucible_knight_spear	slu_9992.3.1.21.1-Remade.jar
slu	slu:crucible_knight_sword	slu_9992.3.1.21.1-Remade.jar
slu	slu:crucible_shield	slu_9992.3.1.21.1-Remade.jar
slu	slu:crucible_shield_0	slu_9992.3.1.21.1-Remade.jar
slu	slu:crucible_token	slu_9992.3.1.21.1-Remade.jar
slu	slu:crusader_boots	slu_9992.3.1.21.1-Remade.jar
slu	slu:crusader_chestplate	slu_9992.3.1.21.1-Remade.jar
slu	slu:crusader_helmet	slu_9992.3.1.21.1-Remade.jar
slu	slu:crusader_leggings	slu_9992.3.1.21.1-Remade.jar
slu	slu:crusader_shield	slu_9992.3.1.21.1-Remade.jar
slu	slu:crusader_shield_0	slu_9992.3.1.21.1-Remade.jar
slu	slu:crystal_glaive	slu_9992.3.1.21.1-Remade.jar
slu	slu:dagger	slu_9992.3.1.21.1-Remade.jar
slu	slu:darius_soul	slu_9992.3.1.21.1-Remade.jar
slu	slu:dark_axe	slu_9992.3.1.21.1-Remade.jar
slu	slu:dark_blood	slu_9992.3.1.21.1-Remade.jar
slu	slu:dark_monarch_basic_mace	slu_9992.3.1.21.1-Remade.jar
slu	slu:dark_monarch_boots	slu_9992.3.1.21.1-Remade.jar
slu	slu:dark_monarch_chestplate	slu_9992.3.1.21.1-Remade.jar
slu	slu:dark_monarch_helmet	slu_9992.3.1.21.1-Remade.jar
slu	slu:dark_monarch_leggings	slu_9992.3.1.21.1-Remade.jar
slu	slu:dark_monarch_mace	slu_9992.3.1.21.1-Remade.jar
slu	slu:dark_ring_boots	slu_9992.3.1.21.1-Remade.jar
slu	slu:dark_ring_chestplate	slu_9992.3.1.21.1-Remade.jar
slu	slu:dark_ring_helmet	slu_9992.3.1.21.1-Remade.jar
slu	slu:dark_ring_leggings	slu_9992.3.1.21.1-Remade.jar
slu	slu:dark_spear	slu_9992.3.1.21.1-Remade.jar
slu	slu:darkmoon_greatsword	slu_9992.3.1.21.1-Remade.jar
slu	slu:devil_hand	slu_9992.3.1.21.1-Remade.jar
slu	slu:devil_lord_boots	slu_9992.3.1.21.1-Remade.jar
slu	slu:devil_lord_chestplate	slu_9992.3.1.21.1-Remade.jar
slu	slu:devil_lord_helmet	slu_9992.3.1.21.1-Remade.jar
slu	slu:devil_lord_leggings	slu_9992.3.1.21.1-Remade.jar
slu	slu:divine_knight_boots	slu_9992.3.1.21.1-Remade.jar
slu	slu:divine_knight_chestplate	slu_9992.3.1.21.1-Remade.jar
slu	slu:divine_knight_helmet	slu_9992.3.1.21.1-Remade.jar
slu	slu:divine_knight_leggings	slu_9992.3.1.21.1-Remade.jar
slu	slu:divine_shield	slu_9992.3.1.21.1-Remade.jar
slu	slu:divine_shield_0	slu_9992.3.1.21.1-Remade.jar
slu	slu:divine_spear	slu_9992.3.1.21.1-Remade.jar
slu	slu:divine_sword	slu_9992.3.1.21.1-Remade.jar
slu	slu:double_barrel_shotgun	slu_9992.3.1.21.1-Remade.jar
slu	slu:dragon_guardian_boots	slu_9992.3.1.21.1-Remade.jar
slu	slu:dragon_guardian_chestplate	slu_9992.3.1.21.1-Remade.jar
slu	slu:dragon_guardian_helmet	slu_9992.3.1.21.1-Remade.jar
slu	slu:dragon_guardian_leggings	slu_9992.3.1.21.1-Remade.jar
slu	slu:dragon_guardian_shield	slu_9992.3.1.21.1-Remade.jar
slu	slu:dragon_guardian_shield_0	slu_9992.3.1.21.1-Remade.jar
slu	slu:dragon_guardian_spear	slu_9992.3.1.21.1-Remade.jar
slu	slu:dragon_scale	slu_9992.3.1.21.1-Remade.jar
slu	slu:dragon_skull_shield	slu_9992.3.1.21.1-Remade.jar
slu	slu:dragon_skull_shield_0	slu_9992.3.1.21.1-Remade.jar
slu	slu:dragon_slayer_armour_soul	slu_9992.3.1.21.1-Remade.jar
slu	slu:dragon_slayer_axe	slu_9992.3.1.21.1-Remade.jar
slu	slu:dragon_slayer_boots	slu_9992.3.1.21.1-Remade.jar
slu	slu:dragon_slayer_chestplate	slu_9992.3.1.21.1-Remade.jar
slu	slu:dragon_slayer_helmet	slu_9992.3.1.21.1-Remade.jar
slu	slu:dragon_slayer_leggings	slu_9992.3.1.21.1-Remade.jar
slu	slu:dragon_slayer_shield	slu_9992.3.1.21.1-Remade.jar
slu	slu:dragon_slayer_shield_0	slu_9992.3.1.21.1-Remade.jar
slu	slu:druid_boots	slu_9992.3.1.21.1-Remade.jar
slu	slu:druid_chestplate	slu_9992.3.1.21.1-Remade.jar
slu	slu:druid_helmet	slu_9992.3.1.21.1-Remade.jar
slu	slu:druid_leggings	slu_9992.3.1.21.1-Remade.jar
slu	slu:drx_aatrox_boots	slu_9992.3.1.21.1-Remade.jar
slu	slu:drx_aatrox_chestplate	slu_9992.3.1.21.1-Remade.jar
slu	slu:drx_aatrox_helmet	slu_9992.3.1.21.1-Remade.jar
slu	slu:drx_aatrox_leggings	slu_9992.3.1.21.1-Remade.jar
slu	slu:drx_aatrox_sword	slu_9992.3.1.21.1-Remade.jar
slu	slu:elden_beast_chestplate	slu_9992.3.1.21.1-Remade.jar
slu	slu:elden_beast_helmet	slu_9992.3.1.21.1-Remade.jar
slu	slu:elden_lord_boots	slu_9992.3.1.21.1-Remade.jar
slu	slu:elden_lord_chestplate	slu_9992.3.1.21.1-Remade.jar
slu	slu:elden_lord_helmet	slu_9992.3.1.21.1-Remade.jar
slu	slu:elden_lord_leggings	slu_9992.3.1.21.1-Remade.jar
slu	slu:elderwood_jingubang	slu_9992.3.1.21.1-Remade.jar
slu	slu:elderwood_wukong_boots	slu_9992.3.1.21.1-Remade.jar
slu	slu:elderwood_wukong_chestplate	slu_9992.3.1.21.1-Remade.jar
slu	slu:elderwood_wukong_helmet	slu_9992.3.1.21.1-Remade.jar
slu	slu:elderwood_wukong_leggings	slu_9992.3.1.21.1-Remade.jar
slu	slu:elemer_soul	slu_9992.3.1.21.1-Remade.jar
slu	slu:enchanted_template	slu_9992.3.1.21.1-Remade.jar
slu	slu:estus_flask	slu_9992.3.1.21.1-Remade.jar
slu	slu:estus_flask_2	slu_9992.3.1.21.1-Remade.jar
slu	slu:estus_flask_3	slu_9992.3.1.21.1-Remade.jar
slu	slu:estus_flask_4	slu_9992.3.1.21.1-Remade.jar
slu	slu:estus_flask_5	slu_9992.3.1.21.1-Remade.jar
slu	slu:estus_flask_6	slu_9992.3.1.21.1-Remade.jar
slu	slu:estus_shard	slu_9992.3.1.21.1-Remade.jar
slu	slu:executioner_sword	slu_9992.3.1.21.1-Remade.jar
slu	slu:explorer_boots	slu_9992.3.1.21.1-Remade.jar
slu	slu:explorer_chestplate	slu_9992.3.1.21.1-Remade.jar
slu	slu:explorer_helmet	slu_9992.3.1.21.1-Remade.jar
slu	slu:explorer_leggings	slu_9992.3.1.21.1-Remade.jar
slu	slu:fallen_kingdom_ring	slu_9992.3.1.21.1-Remade.jar
slu	slu:fallen_lord_soul	slu_9992.3.1.21.1-Remade.jar
slu	slu:farron_dagger	slu_9992.3.1.21.1-Remade.jar
slu	slu:farron_greatsword	slu_9992.3.1.21.1-Remade.jar
slu	slu:fell_omen_king_boots	slu_9992.3.1.21.1-Remade.jar
slu	slu:fell_omen_king_chestplate	slu_9992.3.1.21.1-Remade.jar
slu	slu:fell_omen_king_helmet	slu_9992.3.1.21.1-Remade.jar
slu	slu:fell_omen_king_leggings	slu_9992.3.1.21.1-Remade.jar
slu	slu:flame_shard	slu_9992.3.1.21.1-Remade.jar
slu	slu:folded_saw_cleaver	slu_9992.3.1.21.1-Remade.jar
slu	slu:fortress_knight_boots	slu_9992.3.1.21.1-Remade.jar
slu	slu:fortress_knight_chestplate	slu_9992.3.1.21.1-Remade.jar
slu	slu:fortress_knight_helmet	slu_9992.3.1.21.1-Remade.jar
slu	slu:fortress_knight_leggings	slu_9992.3.1.21.1-Remade.jar
slu	slu:full_metal_knight_boots	slu_9992.3.1.21.1-Remade.jar
slu	slu:full_metal_knight_chestplate	slu_9992.3.1.21.1-Remade.jar
slu	slu:full_metal_knight_helmet	slu_9992.3.1.21.1-Remade.jar
slu	slu:full_metal_knight_leggings	slu_9992.3.1.21.1-Remade.jar
slu	slu:gael_soul	slu_9992.3.1.21.1-Remade.jar
slu	slu:ghost_knight_boots	slu_9992.3.1.21.1-Remade.jar
slu	slu:ghost_knight_chestplate	slu_9992.3.1.21.1-Remade.jar
slu	slu:ghost_knight_helmet	slu_9992.3.1.21.1-Remade.jar
slu	slu:ghost_knight_leggings	slu_9992.3.1.21.1-Remade.jar
slu	slu:giant_boots	slu_9992.3.1.21.1-Remade.jar
slu	slu:giant_chestplate	slu_9992.3.1.21.1-Remade.jar
slu	slu:giant_fang	slu_9992.3.1.21.1-Remade.jar
slu	slu:giant_helmet	slu_9992.3.1.21.1-Remade.jar
slu	slu:giant_leggings	slu_9992.3.1.21.1-Remade.jar
slu	slu:giant_soul	slu_9992.3.1.21.1-Remade.jar
slu	slu:giant_soul_2	slu_9992.3.1.21.1-Remade.jar
slu	slu:giant_soul_3	slu_9992.3.1.21.1-Remade.jar
slu	slu:gilded_great_shield	slu_9992.3.1.21.1-Remade.jar
slu	slu:gilded_great_shield_0	slu_9992.3.1.21.1-Remade.jar
slu	slu:god_staff	slu_9992.3.1.21.1-Remade.jar
slu	slu:god_staff_jax_boots	slu_9992.3.1.21.1-Remade.jar
slu	slu:god_staff_jax_chestplate	slu_9992.3.1.21.1-Remade.jar
slu	slu:god_staff_jax_helmet	slu_9992.3.1.21.1-Remade.jar
slu	slu:god_staff_jax_leggings	slu_9992.3.1.21.1-Remade.jar
slu	slu:godfrey_axe	slu_9992.3.1.21.1-Remade.jar
slu	slu:godfrey_soul	slu_9992.3.1.21.1-Remade.jar
slu	slu:godrick_knight_boots	slu_9992.3.1.21.1-Remade.jar
slu	slu:godrick_knight_chestplate	slu_9992.3.1.21.1-Remade.jar
slu	slu:godrick_knight_helmet	slu_9992.3.1.21.1-Remade.jar
slu	slu:godrick_knight_leggings	slu_9992.3.1.21.1-Remade.jar
slu	slu:godrick_knight_token	slu_9992.3.1.21.1-Remade.jar
slu	slu:godrick_soldier_boots	slu_9992.3.1.21.1-Remade.jar
slu	slu:godrick_soldier_chestplate	slu_9992.3.1.21.1-Remade.jar
slu	slu:godrick_soldier_helmet	slu_9992.3.1.21.1-Remade.jar
slu	slu:godrick_soldier_leggings	slu_9992.3.1.21.1-Remade.jar
slu	slu:godrick_soldier_token	slu_9992.3.1.21.1-Remade.jar
slu	slu:godskin_apostle_soul	slu_9992.3.1.21.1-Remade.jar
slu	slu:godskin_peeler	slu_9992.3.1.21.1-Remade.jar
slu	slu:golden_sculpt	slu_9992.3.1.21.1-Remade.jar
slu	slu:grand_reckoning_claw	slu_9992.3.1.21.1-Remade.jar
slu	slu:grand_reckoning_talon_boots	slu_9992.3.1.21.1-Remade.jar
slu	slu:grand_reckoning_talon_chestplate	slu_9992.3.1.21.1-Remade.jar
slu	slu:grand_reckoning_talon_helmet	slu_9992.3.1.21.1-Remade.jar
slu	slu:grand_reckoning_talon_leggings	slu_9992.3.1.21.1-Remade.jar
slu	slu:grand_trial_sword	slu_9992.3.1.21.1-Remade.jar
slu	slu:grave_lord_sword	slu_9992.3.1.21.1-Remade.jar
slu	slu:great_battle_hammer	slu_9992.3.1.21.1-Remade.jar
slu	slu:greathammer	slu_9992.3.1.21.1-Remade.jar
slu	slu:greatsword	slu_9992.3.1.21.1-Remade.jar
slu	slu:greedy_sword	slu_9992.3.1.21.1-Remade.jar
slu	slu:green_crystal_staff	slu_9992.3.1.21.1-Remade.jar
slu	slu:gundyr_axespear	slu_9992.3.1.21.1-Remade.jar
slu	slu:gundyr_soul	slu_9992.3.1.21.1-Remade.jar
slu	slu:gunner_boots	slu_9992.3.1.21.1-Remade.jar
slu	slu:gunner_chestplate	slu_9992.3.1.21.1-Remade.jar
slu	slu:gunner_helmet	slu_9992.3.1.21.1-Remade.jar
slu	slu:gunner_leggings	slu_9992.3.1.21.1-Remade.jar
slu	slu:gwyndolin_soul	slu_9992.3.1.21.1-Remade.jar
slu	slu:halberd	slu_9992.3.1.21.1-Remade.jar
slu	slu:healingstone	slu_9992.3.1.21.1-Remade.jar
slu	slu:heavy_knight_boots	slu_9992.3.1.21.1-Remade.jar
slu	slu:heavy_knight_chestplate	slu_9992.3.1.21.1-Remade.jar
slu	slu:heavy_knight_helmet	slu_9992.3.1.21.1-Remade.jar
slu	slu:heavy_knight_leggings	slu_9992.3.1.21.1-Remade.jar
slu	slu:highnoon_knight_axe	slu_9992.3.1.21.1-Remade.jar
slu	slu:highnoon_knight_boots	slu_9992.3.1.21.1-Remade.jar
slu	slu:highnoon_knight_chestplate	slu_9992.3.1.21.1-Remade.jar
slu	slu:highnoon_knight_helmet	slu_9992.3.1.21.1-Remade.jar
slu	slu:highnoon_knight_leggings	slu_9992.3.1.21.1-Remade.jar
slu	slu:hollow_soul	slu_9992.3.1.21.1-Remade.jar
slu	slu:hollow_soul_2	slu_9992.3.1.21.1-Remade.jar
slu	slu:hollow_soul_3	slu_9992.3.1.21.1-Remade.jar
slu	slu:horned_crucible_knight_helmet	slu_9992.3.1.21.1-Remade.jar
slu	slu:humanity	slu_9992.3.1.21.1-Remade.jar
slu	slu:hunter_axe	slu_9992.3.1.21.1-Remade.jar
slu	slu:hunter_boots	slu_9992.3.1.21.1-Remade.jar
slu	slu:hunter_chestplate	slu_9992.3.1.21.1-Remade.jar
slu	slu:hunter_helmet	slu_9992.3.1.21.1-Remade.jar
slu	slu:hunter_leggings	slu_9992.3.1.21.1-Remade.jar
slu	slu:immortal_knight_boots	slu_9992.3.1.21.1-Remade.jar
slu	slu:immortal_knight_chestplate	slu_9992.3.1.21.1-Remade.jar
slu	slu:immortal_knight_helmet	slu_9992.3.1.21.1-Remade.jar
slu	slu:immortal_knight_leggings	slu_9992.3.1.21.1-Remade.jar
slu	slu:inherited_flame	slu_9992.3.1.21.1-Remade.jar
slu	slu:iron_knight_boots	slu_9992.3.1.21.1-Remade.jar
slu	slu:iron_knight_chestplate	slu_9992.3.1.21.1-Remade.jar
slu	slu:iron_knight_helmet	slu_9992.3.1.21.1-Remade.jar
slu	slu:iron_knight_leggings	slu_9992.3.1.21.1-Remade.jar
slu	slu:iron_round_shield	slu_9992.3.1.21.1-Remade.jar
slu	slu:iron_round_shield_0	slu_9992.3.1.21.1-Remade.jar
slu	slu:iron_samurai_boots	slu_9992.3.1.21.1-Remade.jar
slu	slu:iron_samurai_chestplate	slu_9992.3.1.21.1-Remade.jar
slu	slu:iron_samurai_helmet	slu_9992.3.1.21.1-Remade.jar
slu	slu:iron_samurai_leggings	slu_9992.3.1.21.1-Remade.jar
slu	slu:iudex_boots	slu_9992.3.1.21.1-Remade.jar
slu	slu:iudex_chestplate	slu_9992.3.1.21.1-Remade.jar
slu	slu:iudex_helmet	slu_9992.3.1.21.1-Remade.jar
slu	slu:iudex_leggings	slu_9992.3.1.21.1-Remade.jar
slu	slu:jax_soul	slu_9992.3.1.21.1-Remade.jar
slu	slu:jayce_boots	slu_9992.3.1.21.1-Remade.jar
slu	slu:jayce_chestplate	slu_9992.3.1.21.1-Remade.jar
slu	slu:jayce_helmet	slu_9992.3.1.21.1-Remade.jar
slu	slu:jayce_leggings	slu_9992.3.1.21.1-Remade.jar
slu	slu:jingubang	slu_9992.3.1.21.1-Remade.jar
slu	slu:justicar_aatrox_boots	slu_9992.3.1.21.1-Remade.jar
slu	slu:justicar_aatrox_chestplate	slu_9992.3.1.21.1-Remade.jar
slu	slu:justicar_aatrox_helmet	slu_9992.3.1.21.1-Remade.jar
slu	slu:justicar_aatrox_leggings	slu_9992.3.1.21.1-Remade.jar
slu	slu:justicar_aatrox_sword	slu_9992.3.1.21.1-Remade.jar
slu	slu:kaiser_boots	slu_9992.3.1.21.1-Remade.jar
slu	slu:kaiser_chestplate	slu_9992.3.1.21.1-Remade.jar
slu	slu:kaiser_helmet	slu_9992.3.1.21.1-Remade.jar
slu	slu:kaiser_leggings	slu_9992.3.1.21.1-Remade.jar
slu	slu:kaiser_mace	slu_9992.3.1.21.1-Remade.jar
slu	slu:kingdom_knight_boots	slu_9992.3.1.21.1-Remade.jar
slu	slu:kingdom_knight_chestplate	slu_9992.3.1.21.1-Remade.jar
slu	slu:kingdom_knight_helmet	slu_9992.3.1.21.1-Remade.jar
slu	slu:kingdom_knight_leggings	slu_9992.3.1.21.1-Remade.jar
slu	slu:knight_shield	slu_9992.3.1.21.1-Remade.jar
slu	slu:knight_shield_0	slu_9992.3.1.21.1-Remade.jar
slu	slu:knight_soul	slu_9992.3.1.21.1-Remade.jar
slu	slu:knight_soul_2	slu_9992.3.1.21.1-Remade.jar
slu	slu:knight_soul_3	slu_9992.3.1.21.1-Remade.jar
slu	slu:lance_of_longinus	slu_9992.3.1.21.1-Remade.jar
slu	slu:legendary_aatrox_sword	slu_9992.3.1.21.1-Remade.jar
slu	slu:legendary_berserk_greatsword	slu_9992.3.1.21.1-Remade.jar
slu	slu:legendary_black_blade	slu_9992.3.1.21.1-Remade.jar
slu	slu:legendary_blood_blade	slu_9992.3.1.21.1-Remade.jar
slu	slu:legendary_blood_trident	slu_9992.3.1.21.1-Remade.jar
slu	slu:legendary_bloodmoon_aatrox_sword	slu_9992.3.1.21.1-Remade.jar
slu	slu:legendary_cinder_king_sword	slu_9992.3.1.21.1-Remade.jar
slu	slu:legendary_crucible_knight_sword	slu_9992.3.1.21.1-Remade.jar
slu	slu:legendary_dragon_guardian_spear	slu_9992.3.1.21.1-Remade.jar
slu	slu:legendary_dragon_slayer_axe	slu_9992.3.1.21.1-Remade.jar
slu	slu:legendary_drx_aatrox_sword	slu_9992.3.1.21.1-Remade.jar
slu	slu:legendary_elderwood_jingubang	slu_9992.3.1.21.1-Remade.jar
slu	slu:legendary_executioner_sword	slu_9992.3.1.21.1-Remade.jar
slu	slu:legendary_god_staff	slu_9992.3.1.21.1-Remade.jar
slu	slu:legendary_godfrey_axe	slu_9992.3.1.21.1-Remade.jar
slu	slu:legendary_godskin_peeler	slu_9992.3.1.21.1-Remade.jar
slu	slu:legendary_green_crystal_staff	slu_9992.3.1.21.1-Remade.jar
slu	slu:legendary_gundyr_axespear	slu_9992.3.1.21.1-Remade.jar
slu	slu:legendary_highnoon_knight_axe	slu_9992.3.1.21.1-Remade.jar
slu	slu:legendary_hunter_axe	slu_9992.3.1.21.1-Remade.jar
slu	slu:legendary_jingubang	slu_9992.3.1.21.1-Remade.jar
slu	slu:legendary_justicar_aatrox_sword	slu_9992.3.1.21.1-Remade.jar
slu	slu:legendary_kaiser_mace	slu_9992.3.1.21.1-Remade.jar
slu	slu:legendary_lightning_spear	slu_9992.3.1.21.1-Remade.jar
slu	slu:legendary_lightning_spell_sword	slu_9992.3.1.21.1-Remade.jar
slu	slu:legendary_longsword	slu_9992.3.1.21.1-Remade.jar
slu	slu:legendary_lunar_eclipse_aatrox_sword	slu_9992.3.1.21.1-Remade.jar
slu	slu:legendary_mace	slu_9992.3.1.21.1-Remade.jar
slu	slu:legendary_magic_staff	slu_9992.3.1.21.1-Remade.jar
slu	slu:legendary_marika_hammer	slu_9992.3.1.21.1-Remade.jar
slu	slu:legendary_mecha_aatrox_sword	slu_9992.3.1.21.1-Remade.jar
slu	slu:legendary_mecha_darius_axe	slu_9992.3.1.21.1-Remade.jar
slu	slu:legendary_mecha_jingubang	slu_9992.3.1.21.1-Remade.jar
slu	slu:legendary_morgott_cursed_sword	slu_9992.3.1.21.1-Remade.jar
slu	slu:legendary_ornstein_spear	slu_9992.3.1.21.1-Remade.jar
slu	slu:legendary_prestige_bloodmoon_aatrox_sword	slu_9992.3.1.21.1-Remade.jar
slu	slu:legendary_prestige_drx_aatrox_sword	slu_9992.3.1.21.1-Remade.jar
slu	slu:legendary_primordian_aatrox_sword	slu_9992.3.1.21.1-Remade.jar
slu	slu:legendary_radahn_lightning_sword	slu_9992.3.1.21.1-Remade.jar
slu	slu:legendary_renekton_twinblade	slu_9992.3.1.21.1-Remade.jar
slu	slu:legendary_rhaast_scythe	slu_9992.3.1.21.1-Remade.jar
slu	slu:legendary_slave_knight_sword	slu_9992.3.1.21.1-Remade.jar
slu	slu:legendary_soul_of_cinder_sword	slu_9992.3.1.21.1-Remade.jar
slu	slu:legendary_spiral_sword	slu_9992.3.1.21.1-Remade.jar
slu	slu:legendary_storm_curved_sword	slu_9992.3.1.21.1-Remade.jar
slu	slu:legendary_vandal_jax_staff	slu_9992.3.1.21.1-Remade.jar
slu	slu:legendary_victorious_aatrox_sword	slu_9992.3.1.21.1-Remade.jar
slu	slu:legendary_warrior_king_axe	slu_9992.3.1.21.1-Remade.jar
slu	slu:legendary_wolf_knight_sword	slu_9992.3.1.21.1-Remade.jar
slu	slu:level_point_amulet	slu_9992.3.1.21.1-Remade.jar
slu	slu:lightning_lord_boots	slu_9992.3.1.21.1-Remade.jar
slu	slu:lightning_lord_chestplate	slu_9992.3.1.21.1-Remade.jar
slu	slu:lightning_lord_helmet	slu_9992.3.1.21.1-Remade.jar
slu	slu:lightning_lord_leggings	slu_9992.3.1.21.1-Remade.jar
slu	slu:lightning_spear	slu_9992.3.1.21.1-Remade.jar
slu	slu:lightning_spell_sword	slu_9992.3.1.21.1-Remade.jar
slu	slu:lion_knight_boots	slu_9992.3.1.21.1-Remade.jar
slu	slu:lion_knight_chestplate	slu_9992.3.1.21.1-Remade.jar
slu	slu:lion_knight_helmet	slu_9992.3.1.21.1-Remade.jar
slu	slu:lion_knight_leggings	slu_9992.3.1.21.1-Remade.jar
slu	slu:longsword	slu_9992.3.1.21.1-Remade.jar
slu	slu:looking_glass_knight_soul	slu_9992.3.1.21.1-Remade.jar
slu	slu:lord_boots	slu_9992.3.1.21.1-Remade.jar
slu	slu:lord_chestplate	slu_9992.3.1.21.1-Remade.jar
slu	slu:lord_helmet	slu_9992.3.1.21.1-Remade.jar
slu	slu:lord_leggings	slu_9992.3.1.21.1-Remade.jar
slu	slu:lunar_eclipse_aatrox_boots	slu_9992.3.1.21.1-Remade.jar
slu	slu:lunar_eclipse_aatrox_chestplate	slu_9992.3.1.21.1-Remade.jar
slu	slu:lunar_eclipse_aatrox_helmet	slu_9992.3.1.21.1-Remade.jar
slu	slu:lunar_eclipse_aatrox_leggings	slu_9992.3.1.21.1-Remade.jar
slu	slu:lunar_eclipse_aatrox_sword	slu_9992.3.1.21.1-Remade.jar
slu	slu:lunatic_boots	slu_9992.3.1.21.1-Remade.jar
slu	slu:lunatic_chestplate	slu_9992.3.1.21.1-Remade.jar
slu	slu:lunatic_helmet	slu_9992.3.1.21.1-Remade.jar
slu	slu:lunatic_leggings	slu_9992.3.1.21.1-Remade.jar
slu	slu:mace	slu_9992.3.1.21.1-Remade.jar
slu	slu:magma_shard	slu_9992.3.1.21.1-Remade.jar
slu	slu:malenia_soul	slu_9992.3.1.21.1-Remade.jar
slu	slu:malenia_sword	slu_9992.3.1.21.1-Remade.jar
slu	slu:maliketh_boots	slu_9992.3.1.21.1-Remade.jar
slu	slu:maliketh_chestplate	slu_9992.3.1.21.1-Remade.jar
slu	slu:maliketh_helmet	slu_9992.3.1.21.1-Remade.jar
slu	slu:maliketh_leggings	slu_9992.3.1.21.1-Remade.jar
slu	slu:maliketh_soul	slu_9992.3.1.21.1-Remade.jar
slu	slu:margit_soul	slu_9992.3.1.21.1-Remade.jar
slu	slu:margit_wand	slu_9992.3.1.21.1-Remade.jar
slu	slu:marika_hammer	slu_9992.3.1.21.1-Remade.jar
slu	slu:master_katana	slu_9992.3.1.21.1-Remade.jar
slu	slu:master_staff	slu_9992.3.1.21.1-Remade.jar
slu	slu:mecha_aatrox_boots	slu_9992.3.1.21.1-Remade.jar
slu	slu:mecha_aatrox_chestplate	slu_9992.3.1.21.1-Remade.jar
slu	slu:mecha_aatrox_helmet	slu_9992.3.1.21.1-Remade.jar
slu	slu:mecha_aatrox_leggings	slu_9992.3.1.21.1-Remade.jar
slu	slu:mecha_aatrox_sword	slu_9992.3.1.21.1-Remade.jar
slu	slu:mecha_darius_axe	slu_9992.3.1.21.1-Remade.jar
slu	slu:mecha_darius_boots	slu_9992.3.1.21.1-Remade.jar
slu	slu:mecha_darius_chestplate	slu_9992.3.1.21.1-Remade.jar
slu	slu:mecha_darius_helmet	slu_9992.3.1.21.1-Remade.jar
slu	slu:mecha_darius_leggings	slu_9992.3.1.21.1-Remade.jar
slu	slu:mecha_jingubang	slu_9992.3.1.21.1-Remade.jar
slu	slu:mecha_wukong_boots	slu_9992.3.1.21.1-Remade.jar
slu	slu:mecha_wukong_chestplate	slu_9992.3.1.21.1-Remade.jar
slu	slu:mecha_wukong_helmet	slu_9992.3.1.21.1-Remade.jar
slu	slu:mecha_wukong_leggings	slu_9992.3.1.21.1-Remade.jar
slu	slu:mercenary_boots	slu_9992.3.1.21.1-Remade.jar
slu	slu:mercenary_chestplate	slu_9992.3.1.21.1-Remade.jar
slu	slu:mercenary_helmet	slu_9992.3.1.21.1-Remade.jar
slu	slu:mercenary_leggings	slu_9992.3.1.21.1-Remade.jar
slu	slu:mercury_hammer	slu_9992.3.1.21.1-Remade.jar
slu	slu:metal_shard	slu_9992.3.1.21.1-Remade.jar
slu	slu:metal_shard_2	slu_9992.3.1.21.1-Remade.jar
slu	slu:metal_shard_3	slu_9992.3.1.21.1-Remade.jar
slu	slu:metal_shard_4	slu_9992.3.1.21.1-Remade.jar
slu	slu:metal_shard_5	slu_9992.3.1.21.1-Remade.jar
slu	slu:minecraft_lord_boots	slu_9992.3.1.21.1-Remade.jar
slu	slu:minecraft_lord_chestplate	slu_9992.3.1.21.1-Remade.jar
slu	slu:minecraft_lord_helmet	slu_9992.3.1.21.1-Remade.jar
slu	slu:minecraft_lord_leggings	slu_9992.3.1.21.1-Remade.jar
slu	slu:minecraft_lord_soul	slu_9992.3.1.21.1-Remade.jar
slu	slu:mirror_shield	slu_9992.3.1.21.1-Remade.jar
slu	slu:mirror_shield_0	slu_9992.3.1.21.1-Remade.jar
slu	slu:mohg_soul	slu_9992.3.1.21.1-Remade.jar
slu	slu:monarch_basic_mace	slu_9992.3.1.21.1-Remade.jar
slu	slu:monarch_boots	slu_9992.3.1.21.1-Remade.jar
slu	slu:monarch_chestplate	slu_9992.3.1.21.1-Remade.jar
slu	slu:monarch_helmet	slu_9992.3.1.21.1-Remade.jar
slu	slu:monarch_leggings	slu_9992.3.1.21.1-Remade.jar
slu	slu:monarch_mace	slu_9992.3.1.21.1-Remade.jar
slu	slu:moonlight_sword	slu_9992.3.1.21.1-Remade.jar
slu	slu:morgott_cursed_sword	slu_9992.3.1.21.1-Remade.jar
slu	slu:nameless_king_soul	slu_9992.3.1.21.1-Remade.jar
slu	slu:night_crow_boots	slu_9992.3.1.21.1-Remade.jar
slu	slu:night_crow_chestplate	slu_9992.3.1.21.1-Remade.jar
slu	slu:night_crow_helmet	slu_9992.3.1.21.1-Remade.jar
slu	slu:night_crow_leggings	slu_9992.3.1.21.1-Remade.jar
slu	slu:night_crow_sword	slu_9992.3.1.21.1-Remade.jar
slu	slu:nightbringer_boots	slu_9992.3.1.21.1-Remade.jar
slu	slu:nightbringer_chestplate	slu_9992.3.1.21.1-Remade.jar
slu	slu:nightbringer_helmet	slu_9992.3.1.21.1-Remade.jar
slu	slu:nightbringer_leggings	slu_9992.3.1.21.1-Remade.jar
slu	slu:nightbringer_sword	slu_9992.3.1.21.1-Remade.jar
slu	slu:nightmare_shard	slu_9992.3.1.21.1-Remade.jar
slu	slu:noble_sword	slu_9992.3.1.21.1-Remade.jar
slu	slu:north_knight_boots	slu_9992.3.1.21.1-Remade.jar
slu	slu:north_knight_chestplate	slu_9992.3.1.21.1-Remade.jar
slu	slu:north_knight_helmet	slu_9992.3.1.21.1-Remade.jar
slu	slu:north_knight_leggings	slu_9992.3.1.21.1-Remade.jar
slu	slu:notch_sword	slu_9992.3.1.21.1-Remade.jar
slu	slu:omen_knight_boots	slu_9992.3.1.21.1-Remade.jar
slu	slu:omen_knight_chestplate	slu_9992.3.1.21.1-Remade.jar
slu	slu:omen_knight_helmet	slu_9992.3.1.21.1-Remade.jar
slu	slu:omen_knight_leggings	slu_9992.3.1.21.1-Remade.jar
slu	slu:oni_blade	slu_9992.3.1.21.1-Remade.jar
slu	slu:oni_knight_boots	slu_9992.3.1.21.1-Remade.jar
slu	slu:oni_knight_chestplate	slu_9992.3.1.21.1-Remade.jar
slu	slu:oni_knight_helmet	slu_9992.3.1.21.1-Remade.jar
slu	slu:oni_knight_leggings	slu_9992.3.1.21.1-Remade.jar
slu	slu:oni_shield	slu_9992.3.1.21.1-Remade.jar
slu	slu:oni_shield_0	slu_9992.3.1.21.1-Remade.jar
slu	slu:ornstein_soul	slu_9992.3.1.21.1-Remade.jar
slu	slu:ornstein_spear	slu_9992.3.1.21.1-Remade.jar
slu	slu:paladin_boots	slu_9992.3.1.21.1-Remade.jar
slu	slu:paladin_chestplate	slu_9992.3.1.21.1-Remade.jar
slu	slu:paladin_helmet	slu_9992.3.1.21.1-Remade.jar
slu	slu:paladin_leggings	slu_9992.3.1.21.1-Remade.jar
slu	slu:pantheon_soul	slu_9992.3.1.21.1-Remade.jar
slu	slu:pot_mask_helmet	slu_9992.3.1.21.1-Remade.jar
slu	slu:prestige_bloodmoon_aatrox_boots	slu_9992.3.1.21.1-Remade.jar
slu	slu:prestige_bloodmoon_aatrox_chestplate	slu_9992.3.1.21.1-Remade.jar
slu	slu:prestige_bloodmoon_aatrox_helmet	slu_9992.3.1.21.1-Remade.jar
slu	slu:prestige_bloodmoon_aatrox_leggings	slu_9992.3.1.21.1-Remade.jar
slu	slu:prestige_bloodmoon_aatrox_sword	slu_9992.3.1.21.1-Remade.jar
slu	slu:prestige_drx_aatrox_boots	slu_9992.3.1.21.1-Remade.jar
slu	slu:prestige_drx_aatrox_chestplate	slu_9992.3.1.21.1-Remade.jar
slu	slu:prestige_drx_aatrox_helmet	slu_9992.3.1.21.1-Remade.jar
slu	slu:prestige_drx_aatrox_leggings	slu_9992.3.1.21.1-Remade.jar
slu	slu:prestige_drx_aatrox_sword	slu_9992.3.1.21.1-Remade.jar
slu	slu:primordian_aatrox_boots	slu_9992.3.1.21.1-Remade.jar
slu	slu:primordian_aatrox_chestplate	slu_9992.3.1.21.1-Remade.jar
slu	slu:primordian_aatrox_helmet	slu_9992.3.1.21.1-Remade.jar
slu	slu:primordian_aatrox_leggings	slu_9992.3.1.21.1-Remade.jar
slu	slu:primordian_aatrox_sword	slu_9992.3.1.21.1-Remade.jar
slu	slu:radagon_soul	slu_9992.3.1.21.1-Remade.jar
slu	slu:radahn_lightning_sword	slu_9992.3.1.21.1-Remade.jar
slu	slu:radahn_soul	slu_9992.3.1.21.1-Remade.jar
slu	slu:radahn_sword	slu_9992.3.1.21.1-Remade.jar
slu	slu:red_samurai_boots	slu_9992.3.1.21.1-Remade.jar
slu	slu:red_samurai_chestplate	slu_9992.3.1.21.1-Remade.jar
slu	slu:red_samurai_helmet	slu_9992.3.1.21.1-Remade.jar
slu	slu:red_samurai_leggings	slu_9992.3.1.21.1-Remade.jar
slu	slu:renegade_boots	slu_9992.3.1.21.1-Remade.jar
slu	slu:renegade_chestplate	slu_9992.3.1.21.1-Remade.jar
slu	slu:renegade_claw	slu_9992.3.1.21.1-Remade.jar
slu	slu:renegade_helmet	slu_9992.3.1.21.1-Remade.jar
slu	slu:renegade_leggings	slu_9992.3.1.21.1-Remade.jar
slu	slu:renekton_boots	slu_9992.3.1.21.1-Remade.jar
slu	slu:renekton_chestplate	slu_9992.3.1.21.1-Remade.jar
slu	slu:renekton_helmet	slu_9992.3.1.21.1-Remade.jar
slu	slu:renekton_leggings	slu_9992.3.1.21.1-Remade.jar
slu	slu:renekton_twinblade	slu_9992.3.1.21.1-Remade.jar
slu	slu:repairstone	slu_9992.3.1.21.1-Remade.jar
slu	slu:rhaast_boots	slu_9992.3.1.21.1-Remade.jar
slu	slu:rhaast_chestplate	slu_9992.3.1.21.1-Remade.jar
slu	slu:rhaast_helmet	slu_9992.3.1.21.1-Remade.jar
slu	slu:rhaast_leggings	slu_9992.3.1.21.1-Remade.jar
slu	slu:rhaast_scythe	slu_9992.3.1.21.1-Remade.jar
slu	slu:ringed_knight_sword	slu_9992.3.1.21.1-Remade.jar
slu	slu:rock_club	slu_9992.3.1.21.1-Remade.jar
slu	slu:rock_knight_boots	slu_9992.3.1.21.1-Remade.jar
slu	slu:rock_knight_chestplate	slu_9992.3.1.21.1-Remade.jar
slu	slu:rock_knight_helmet	slu_9992.3.1.21.1-Remade.jar
slu	slu:rock_knight_leggings	slu_9992.3.1.21.1-Remade.jar
slu	slu:rock_shield	slu_9992.3.1.21.1-Remade.jar
slu	slu:rock_shield_0	slu_9992.3.1.21.1-Remade.jar
slu	slu:rock_token	slu_9992.3.1.21.1-Remade.jar
slu	slu:rotten_eye	slu_9992.3.1.21.1-Remade.jar
slu	slu:round_knight_boots	slu_9992.3.1.21.1-Remade.jar
slu	slu:round_knight_chestplate	slu_9992.3.1.21.1-Remade.jar
slu	slu:round_knight_helmet	slu_9992.3.1.21.1-Remade.jar
slu	slu:round_knight_leggings	slu_9992.3.1.21.1-Remade.jar
slu	slu:round_shield	slu_9992.3.1.21.1-Remade.jar
slu	slu:round_shield_0	slu_9992.3.1.21.1-Remade.jar
slu	slu:royal_knight_boots	slu_9992.3.1.21.1-Remade.jar
slu	slu:royal_knight_chestplate	slu_9992.3.1.21.1-Remade.jar
slu	slu:royal_knight_helmet	slu_9992.3.1.21.1-Remade.jar
slu	slu:royal_knight_leggings	slu_9992.3.1.21.1-Remade.jar
slu	slu:rusty_steel_boots	slu_9992.3.1.21.1-Remade.jar
slu	slu:rusty_steel_chestplate	slu_9992.3.1.21.1-Remade.jar
slu	slu:rusty_steel_helmet	slu_9992.3.1.21.1-Remade.jar
slu	slu:rusty_steel_leggings	slu_9992.3.1.21.1-Remade.jar
slu	slu:rusty_steel_mace	slu_9992.3.1.21.1-Remade.jar
slu	slu:rusty_steel_shard	slu_9992.3.1.21.1-Remade.jar
slu	slu:rusty_steel_shield	slu_9992.3.1.21.1-Remade.jar
slu	slu:rusty_steel_shield_0	slu_9992.3.1.21.1-Remade.jar
slu	slu:saber	slu_9992.3.1.21.1-Remade.jar
slu	slu:sacred_relic	slu_9992.3.1.21.1-Remade.jar
slu	slu:sacred_relic_sword	slu_9992.3.1.21.1-Remade.jar
slu	slu:sai	slu_9992.3.1.21.1-Remade.jar
slu	slu:samurai_token	slu_9992.3.1.21.1-Remade.jar
slu	slu:saw_cleaver	slu_9992.3.1.21.1-Remade.jar
slu	slu:scarlet_rot_wing_chestplate	slu_9992.3.1.21.1-Remade.jar
slu	slu:scythe	slu_9992.3.1.21.1-Remade.jar
slu	slu:sealstone_boss	slu_9992.3.1.21.1-Remade.jar
slu	slu:sealstone_monster	slu_9992.3.1.21.1-Remade.jar
slu	slu:sealstone_npc	slu_9992.3.1.21.1-Remade.jar
slu	slu:sett_boots	slu_9992.3.1.21.1-Remade.jar
slu	slu:sett_chestplate	slu_9992.3.1.21.1-Remade.jar
slu	slu:sett_fist	slu_9992.3.1.21.1-Remade.jar
slu	slu:sett_helmet	slu_9992.3.1.21.1-Remade.jar
slu	slu:sett_leggings	slu_9992.3.1.21.1-Remade.jar
slu	slu:shadow_shard	slu_9992.3.1.21.1-Remade.jar
slu	slu:sickle	slu_9992.3.1.21.1-Remade.jar
slu	slu:siegmeyer_shield	slu_9992.3.1.21.1-Remade.jar
slu	slu:siegmeyer_shield_0	slu_9992.3.1.21.1-Remade.jar
slu	slu:silver_knight_boots	slu_9992.3.1.21.1-Remade.jar
slu	slu:silver_knight_chestplate	slu_9992.3.1.21.1-Remade.jar
slu	slu:silver_knight_helmet	slu_9992.3.1.21.1-Remade.jar
slu	slu:silver_knight_leggings	slu_9992.3.1.21.1-Remade.jar
slu	slu:silver_shield	slu_9992.3.1.21.1-Remade.jar
slu	slu:silver_shield_0	slu_9992.3.1.21.1-Remade.jar
slu	slu:silver_spear	slu_9992.3.1.21.1-Remade.jar
slu	slu:skin_boots	slu_9992.3.1.21.1-Remade.jar
slu	slu:skin_chestplate	slu_9992.3.1.21.1-Remade.jar
slu	slu:skin_helmet	slu_9992.3.1.21.1-Remade.jar
slu	slu:skin_leggings	slu_9992.3.1.21.1-Remade.jar
slu	slu:slave_knight_boots	slu_9992.3.1.21.1-Remade.jar
slu	slu:slave_knight_chestplate	slu_9992.3.1.21.1-Remade.jar
slu	slu:slave_knight_helmet	slu_9992.3.1.21.1-Remade.jar
slu	slu:slave_knight_leggings	slu_9992.3.1.21.1-Remade.jar
slu	slu:slave_knight_sword	slu_9992.3.1.21.1-Remade.jar
slu	slu:smile_sticker	slu_9992.3.1.21.1-Remade.jar
slu	slu:smough_boots	slu_9992.3.1.21.1-Remade.jar
slu	slu:smough_chestplate	slu_9992.3.1.21.1-Remade.jar
slu	slu:smough_helmet	slu_9992.3.1.21.1-Remade.jar
slu	slu:smough_leggings	slu_9992.3.1.21.1-Remade.jar
slu	slu:solar_knight_boots	slu_9992.3.1.21.1-Remade.jar
slu	slu:solar_knight_chestplate	slu_9992.3.1.21.1-Remade.jar
slu	slu:solar_knight_helmet	slu_9992.3.1.21.1-Remade.jar
slu	slu:solar_knight_leggings	slu_9992.3.1.21.1-Remade.jar
slu	slu:soldier_boots	slu_9992.3.1.21.1-Remade.jar
slu	slu:soldier_chestplate	slu_9992.3.1.21.1-Remade.jar
slu	slu:soldier_helmet	slu_9992.3.1.21.1-Remade.jar
slu	slu:soldier_leggings	slu_9992.3.1.21.1-Remade.jar
slu	slu:soul_of_cinder_soul	slu_9992.3.1.21.1-Remade.jar
slu	slu:soul_of_cinder_sword	slu_9992.3.1.21.1-Remade.jar
slu	slu:spawn_magic_aatrox	slu_9992.3.1.21.1-Remade.jar
slu	slu:spawn_magic_abyss_watcher	slu_9992.3.1.21.1-Remade.jar
slu	slu:spawn_magic_ancient_warrior	slu_9992.3.1.21.1-Remade.jar
slu	slu:spawn_magic_artorias	slu_9992.3.1.21.1-Remade.jar
slu	slu:spawn_magic_count_robert	slu_9992.3.1.21.1-Remade.jar
slu	slu:spawn_magic_crucible_knight	slu_9992.3.1.21.1-Remade.jar
slu	slu:spawn_magic_darius	slu_9992.3.1.21.1-Remade.jar
slu	slu:spawn_magic_dragon_slayer_armour	slu_9992.3.1.21.1-Remade.jar
slu	slu:spawn_magic_elemer	slu_9992.3.1.21.1-Remade.jar
slu	slu:spawn_magic_fallen_lord	slu_9992.3.1.21.1-Remade.jar
slu	slu:spawn_magic_gael	slu_9992.3.1.21.1-Remade.jar
slu	slu:spawn_magic_godfrey	slu_9992.3.1.21.1-Remade.jar
slu	slu:spawn_magic_godskin_apostle	slu_9992.3.1.21.1-Remade.jar
slu	slu:spawn_magic_gundyr	slu_9992.3.1.21.1-Remade.jar
slu	slu:spawn_magic_gwyndolin	slu_9992.3.1.21.1-Remade.jar
slu	slu:spawn_magic_jax	slu_9992.3.1.21.1-Remade.jar
slu	slu:spawn_magic_looking_glass_knight	slu_9992.3.1.21.1-Remade.jar
slu	slu:spawn_magic_malenia	slu_9992.3.1.21.1-Remade.jar
slu	slu:spawn_magic_maliketh	slu_9992.3.1.21.1-Remade.jar
slu	slu:spawn_magic_margit	slu_9992.3.1.21.1-Remade.jar
slu	slu:spawn_magic_minecraft_lord	slu_9992.3.1.21.1-Remade.jar
slu	slu:spawn_magic_mohg	slu_9992.3.1.21.1-Remade.jar
slu	slu:spawn_magic_nameless_king	slu_9992.3.1.21.1-Remade.jar
slu	slu:spawn_magic_ornstein	slu_9992.3.1.21.1-Remade.jar
slu	slu:spawn_magic_pantheon	slu_9992.3.1.21.1-Remade.jar
slu	slu:spawn_magic_radagon	slu_9992.3.1.21.1-Remade.jar
slu	slu:spawn_magic_radahn	slu_9992.3.1.21.1-Remade.jar
slu	slu:spawn_magic_soul_of_cinder	slu_9992.3.1.21.1-Remade.jar
slu	slu:spawn_magic_white_phantom	slu_9992.3.1.21.1-Remade.jar
slu	slu:spawn_magic_wukong	slu_9992.3.1.21.1-Remade.jar
slu	slu:spear	slu_9992.3.1.21.1-Remade.jar
slu	slu:spellstone	slu_9992.3.1.21.1-Remade.jar
slu	slu:spellstone_shard	slu_9992.3.1.21.1-Remade.jar
slu	slu:spiral_sword	slu_9992.3.1.21.1-Remade.jar
slu	slu:steel_guard_boots	slu_9992.3.1.21.1-Remade.jar
slu	slu:steel_guard_chestplate	slu_9992.3.1.21.1-Remade.jar
slu	slu:steel_guard_helmet	slu_9992.3.1.21.1-Remade.jar
slu	slu:steel_guard_leggings	slu_9992.3.1.21.1-Remade.jar
slu	slu:steel_katana	slu_9992.3.1.21.1-Remade.jar
slu	slu:storm_curved_sword	slu_9992.3.1.21.1-Remade.jar
slu	slu:successor_boots	slu_9992.3.1.21.1-Remade.jar
slu	slu:successor_chestplate	slu_9992.3.1.21.1-Remade.jar
slu	slu:successor_helmet	slu_9992.3.1.21.1-Remade.jar
slu	slu:successor_leggings	slu_9992.3.1.21.1-Remade.jar
slu	slu:sunfire_shard	slu_9992.3.1.21.1-Remade.jar
slu	slu:sword_master_boots	slu_9992.3.1.21.1-Remade.jar
slu	slu:sword_master_chestplate	slu_9992.3.1.21.1-Remade.jar
slu	slu:sword_master_helmet	slu_9992.3.1.21.1-Remade.jar
slu	slu:sword_master_leggings	slu_9992.3.1.21.1-Remade.jar
slu	slu:sylas_boots	slu_9992.3.1.21.1-Remade.jar
slu	slu:sylas_chain	slu_9992.3.1.21.1-Remade.jar
slu	slu:sylas_chestplate	slu_9992.3.1.21.1-Remade.jar
slu	slu:sylas_helmet	slu_9992.3.1.21.1-Remade.jar
slu	slu:sylas_leggings	slu_9992.3.1.21.1-Remade.jar
slu	slu:talon_boots	slu_9992.3.1.21.1-Remade.jar
slu	slu:talon_chestplate	slu_9992.3.1.21.1-Remade.jar
slu	slu:talon_claw	slu_9992.3.1.21.1-Remade.jar
slu	slu:talon_helmet	slu_9992.3.1.21.1-Remade.jar
slu	slu:talon_leggings	slu_9992.3.1.21.1-Remade.jar
slu	slu:tarnished_boots	slu_9992.3.1.21.1-Remade.jar
slu	slu:tarnished_chestplate	slu_9992.3.1.21.1-Remade.jar
slu	slu:tarnished_helmet	slu_9992.3.1.21.1-Remade.jar
slu	slu:tarnished_leggings	slu_9992.3.1.21.1-Remade.jar
slu	slu:thorned_knight_boots	slu_9992.3.1.21.1-Remade.jar
slu	slu:thorned_knight_chestplate	slu_9992.3.1.21.1-Remade.jar
slu	slu:thorned_knight_helmet	slu_9992.3.1.21.1-Remade.jar
slu	slu:thorned_knight_leggings	slu_9992.3.1.21.1-Remade.jar
slu	slu:thorned_shield	slu_9992.3.1.21.1-Remade.jar
slu	slu:thorned_shield_0	slu_9992.3.1.21.1-Remade.jar
slu	slu:tower_flag	slu_9992.3.1.21.1-Remade.jar
slu	slu:tower_knight_boots	slu_9992.3.1.21.1-Remade.jar
slu	slu:tower_knight_chestplate	slu_9992.3.1.21.1-Remade.jar
slu	slu:tower_knight_helmet	slu_9992.3.1.21.1-Remade.jar
slu	slu:tower_knight_leggings	slu_9992.3.1.21.1-Remade.jar
slu	slu:tower_knight_shield	slu_9992.3.1.21.1-Remade.jar
slu	slu:tower_knight_shield_0	slu_9992.3.1.21.1-Remade.jar
slu	slu:tower_knight_spear	slu_9992.3.1.21.1-Remade.jar
slu	slu:valkyrie_boots	slu_9992.3.1.21.1-Remade.jar
slu	slu:valkyrie_chestplate	slu_9992.3.1.21.1-Remade.jar
slu	slu:valkyrie_helmet	slu_9992.3.1.21.1-Remade.jar
slu	slu:valkyrie_leggings	slu_9992.3.1.21.1-Remade.jar
slu	slu:vandal_jax_boots	slu_9992.3.1.21.1-Remade.jar
slu	slu:vandal_jax_chestplate	slu_9992.3.1.21.1-Remade.jar
slu	slu:vandal_jax_helmet	slu_9992.3.1.21.1-Remade.jar
slu	slu:vandal_jax_leggings	slu_9992.3.1.21.1-Remade.jar
slu	slu:vandal_jax_staff	slu_9992.3.1.21.1-Remade.jar
slu	slu:victorious_aatrox_boots	slu_9992.3.1.21.1-Remade.jar
slu	slu:victorious_aatrox_chestplate	slu_9992.3.1.21.1-Remade.jar
slu	slu:victorious_aatrox_helmet	slu_9992.3.1.21.1-Remade.jar
slu	slu:victorious_aatrox_leggings	slu_9992.3.1.21.1-Remade.jar
slu	slu:victorious_aatrox_sword	slu_9992.3.1.21.1-Remade.jar
slu	slu:victorious_knight_boots	slu_9992.3.1.21.1-Remade.jar
slu	slu:victorious_knight_chestplate	slu_9992.3.1.21.1-Remade.jar
slu	slu:victorious_knight_helmet	slu_9992.3.1.21.1-Remade.jar
slu	slu:victorious_knight_leggings	slu_9992.3.1.21.1-Remade.jar
slu	slu:viking_axe	slu_9992.3.1.21.1-Remade.jar
slu	slu:wanderer_boots	slu_9992.3.1.21.1-Remade.jar
slu	slu:wanderer_chestplate	slu_9992.3.1.21.1-Remade.jar
slu	slu:wanderer_helmet	slu_9992.3.1.21.1-Remade.jar
slu	slu:wanderer_leggings	slu_9992.3.1.21.1-Remade.jar
slu	slu:wandering_knight_boots	slu_9992.3.1.21.1-Remade.jar
slu	slu:wandering_knight_chestplate	slu_9992.3.1.21.1-Remade.jar
slu	slu:wandering_knight_helmet	slu_9992.3.1.21.1-Remade.jar
slu	slu:wandering_knight_leggings	slu_9992.3.1.21.1-Remade.jar
slu	slu:warrior_king_axe	slu_9992.3.1.21.1-Remade.jar
slu	slu:warrior_king_boots	slu_9992.3.1.21.1-Remade.jar
slu	slu:warrior_king_chestplate	slu_9992.3.1.21.1-Remade.jar
slu	slu:warrior_king_helmet	slu_9992.3.1.21.1-Remade.jar
slu	slu:warrior_king_leggings	slu_9992.3.1.21.1-Remade.jar
slu	slu:watcher_boots	slu_9992.3.1.21.1-Remade.jar
slu	slu:watcher_chestplate	slu_9992.3.1.21.1-Remade.jar
slu	slu:watcher_helmet	slu_9992.3.1.21.1-Remade.jar
slu	slu:watcher_leggings	slu_9992.3.1.21.1-Remade.jar
slu	slu:weapon_master_boots	slu_9992.3.1.21.1-Remade.jar
slu	slu:weapon_master_chestplate	slu_9992.3.1.21.1-Remade.jar
slu	slu:weapon_master_helmet	slu_9992.3.1.21.1-Remade.jar
slu	slu:weapon_master_leggings	slu_9992.3.1.21.1-Remade.jar
slu	slu:white_flame_sword	slu_9992.3.1.21.1-Remade.jar
slu	slu:winged_crucible_knight_chestplate	slu_9992.3.1.21.1-Remade.jar
slu	slu:wither_shard	slu_9992.3.1.21.1-Remade.jar
slu	slu:wizard_boots	slu_9992.3.1.21.1-Remade.jar
slu	slu:wizard_chestplate	slu_9992.3.1.21.1-Remade.jar
slu	slu:wizard_helmet	slu_9992.3.1.21.1-Remade.jar
slu	slu:wizard_leggings	slu_9992.3.1.21.1-Remade.jar
slu	slu:wizard_sword	slu_9992.3.1.21.1-Remade.jar
slu	slu:wolf_knight_boots	slu_9992.3.1.21.1-Remade.jar
slu	slu:wolf_knight_chestplate	slu_9992.3.1.21.1-Remade.jar
slu	slu:wolf_knight_helmet	slu_9992.3.1.21.1-Remade.jar
slu	slu:wolf_knight_leggings	slu_9992.3.1.21.1-Remade.jar
slu	slu:wolf_knight_sword	slu_9992.3.1.21.1-Remade.jar
slu	slu:wukong_boots	slu_9992.3.1.21.1-Remade.jar
slu	slu:wukong_chestplate	slu_9992.3.1.21.1-Remade.jar
slu	slu:wukong_helmet	slu_9992.3.1.21.1-Remade.jar
slu	slu:wukong_leggings	slu_9992.3.1.21.1-Remade.jar
slu	slu:wukong_soul	slu_9992.3.1.21.1-Remade.jar
spells_gone_wrong	spells_gone_wrong:mana_shard	spells_gone_wrong-1.21.1-2.0.0.jar
statmod	statmod:basic_forge_tongs	project
statmod	statmod:basic_smithing_hammer	project
statmod	statmod:blueprint_legendary	project
statmod	statmod:blueprint_runic_blade	project
statmod	statmod:blueprint_universal_blade	project
statmod	statmod:blueprint_universal_pole	project
statmod	statmod:boss_altar	project
statmod	statmod:claymore_pommel	project
statmod	statmod:common_agile_shard	project
statmod	statmod:common_magical_shard	project
statmod	statmod:common_physical_shard	project
statmod	statmod:common_spiritual_shard	project
statmod	statmod:common_vital_shard	project
statmod	statmod:dungeon_beacon	project
statmod	statmod:dungeon_portal	project
statmod	statmod:enchantment_anvil	project
statmod	statmod:epic_agile_shard	project
statmod	statmod:epic_magical_shard	project
statmod	statmod:epic_physical_shard	project
statmod	statmod:epic_spiritual_shard	project
statmod	statmod:epic_vital_shard	project
statmod	statmod:fdp_coin_100	project
statmod	statmod:fdp_coin_200	project
statmod	statmod:fdp_coin_50	project
statmod	statmod:fdp_coin_500	project
statmod	statmod:fdp_note_1000	project
statmod	statmod:fdp_note_10000	project
statmod	statmod:fdp_note_2000	project
statmod	statmod:fdp_note_5000	project
statmod	statmod:halberd_socket	project
statmod	statmod:heated_adamantite_ingot	project
statmod	statmod:heated_arcane_ingot	project
statmod	statmod:heated_bronze_ingot	project
statmod	statmod:heated_diamond	project
statmod	statmod:heated_gold_ingot	project
statmod	statmod:heated_high_magisteel_ingot	project
statmod	statmod:heated_hihiirokane_ingot	project
statmod	statmod:heated_low_magisteel_ingot	project
statmod	statmod:heated_magisteel_ingot	project
statmod	statmod:heated_mithril_ingot	project
statmod	statmod:heated_orichalcum_ingot	project
statmod	statmod:heated_pure_magisteel_ingot	project
statmod	statmod:heated_pyrium_ingot	project
statmod	statmod:heated_tin_ingot	project
statmod	statmod:infusion_forge	project
statmod	statmod:katana_tsuba	project
statmod	statmod:leather_wrap	project
statmod	statmod:legendary_agile_shard	project
statmod	statmod:legendary_magical_shard	project
statmod	statmod:legendary_physical_shard	project
statmod	statmod:legendary_spiritual_shard	project
statmod	statmod:legendary_vital_shard	project
statmod	statmod:magic_teleport_circle	project
statmod	statmod:next_floor_teleporter	project
statmod	statmod:perk_tome	project
statmod	statmod:rapier_guard	project
statmod	statmod:rare_agile_shard	project
statmod	statmod:rare_magical_shard	project
statmod	statmod:rare_physical_shard	project
statmod	statmod:rare_spiritual_shard	project
statmod	statmod:rare_vital_shard	project
statmod	statmod:respec_stone	project
statmod	statmod:return_beacon	project
statmod	statmod:rough_axe_head_adamantite	project
statmod	statmod:rough_axe_head_arcane	project
statmod	statmod:rough_axe_head_bronze	project
statmod	statmod:rough_axe_head_diamond	project
statmod	statmod:rough_axe_head_gold	project
statmod	statmod:rough_axe_head_high_magisteel	project
statmod	statmod:rough_axe_head_hihiirokane	project
statmod	statmod:rough_axe_head_low_magisteel	project
statmod	statmod:rough_axe_head_magisteel	project
statmod	statmod:rough_axe_head_mithril	project
statmod	statmod:rough_axe_head_orichalcum	project
statmod	statmod:rough_axe_head_pure_magisteel	project
statmod	statmod:rough_axe_head_pyrium	project
statmod	statmod:rough_axe_head_tin	project
statmod	statmod:rough_blade_adamantite	project
statmod	statmod:rough_blade_arcane	project
statmod	statmod:rough_blade_bronze	project
statmod	statmod:rough_blade_diamond	project
statmod	statmod:rough_blade_gold	project
statmod	statmod:rough_blade_high_magisteel	project
statmod	statmod:rough_blade_hihiirokane	project
statmod	statmod:rough_blade_low_magisteel	project
statmod	statmod:rough_blade_magisteel	project
statmod	statmod:rough_blade_mithril	project
statmod	statmod:rough_blade_orichalcum	project
statmod	statmod:rough_blade_pure_magisteel	project
statmod	statmod:rough_blade_pyrium	project
statmod	statmod:rough_blade_tin	project
statmod	statmod:rough_bow_limb_adamantite	project
statmod	statmod:rough_bow_limb_arcane	project
statmod	statmod:rough_bow_limb_bronze	project
statmod	statmod:rough_bow_limb_diamond	project
statmod	statmod:rough_bow_limb_gold	project
statmod	statmod:rough_bow_limb_high_magisteel	project
statmod	statmod:rough_bow_limb_hihiirokane	project
statmod	statmod:rough_bow_limb_low_magisteel	project
statmod	statmod:rough_bow_limb_magisteel	project
statmod	statmod:rough_bow_limb_mithril	project
statmod	statmod:rough_bow_limb_orichalcum	project
statmod	statmod:rough_bow_limb_pure_magisteel	project
statmod	statmod:rough_bow_limb_pyrium	project
statmod	statmod:rough_bow_limb_tin	project
statmod	statmod:rough_dagger_blade_adamantite	project
statmod	statmod:rough_dagger_blade_arcane	project
statmod	statmod:rough_dagger_blade_bronze	project
statmod	statmod:rough_dagger_blade_diamond	project
statmod	statmod:rough_dagger_blade_gold	project
statmod	statmod:rough_dagger_blade_high_magisteel	project
statmod	statmod:rough_dagger_blade_hihiirokane	project
statmod	statmod:rough_dagger_blade_low_magisteel	project
statmod	statmod:rough_dagger_blade_magisteel	project
statmod	statmod:rough_dagger_blade_mithril	project
statmod	statmod:rough_dagger_blade_orichalcum	project
statmod	statmod:rough_dagger_blade_pure_magisteel	project
statmod	statmod:rough_dagger_blade_pyrium	project
statmod	statmod:rough_dagger_blade_tin	project
statmod	statmod:rough_spear_tip_adamantite	project
statmod	statmod:rough_spear_tip_arcane	project
statmod	statmod:rough_spear_tip_bronze	project
statmod	statmod:rough_spear_tip_diamond	project
statmod	statmod:rough_spear_tip_gold	project
statmod	statmod:rough_spear_tip_high_magisteel	project
statmod	statmod:rough_spear_tip_hihiirokane	project
statmod	statmod:rough_spear_tip_low_magisteel	project
statmod	statmod:rough_spear_tip_magisteel	project
statmod	statmod:rough_spear_tip_mithril	project
statmod	statmod:rough_spear_tip_orichalcum	project
statmod	statmod:rough_spear_tip_pure_magisteel	project
statmod	statmod:rough_spear_tip_pyrium	project
statmod	statmod:rough_spear_tip_tin	project
statmod	statmod:rough_staff_core_adamantite	project
statmod	statmod:rough_staff_core_arcane	project
statmod	statmod:rough_staff_core_bronze	project
statmod	statmod:rough_staff_core_diamond	project
statmod	statmod:rough_staff_core_gold	project
statmod	statmod:rough_staff_core_high_magisteel	project
statmod	statmod:rough_staff_core_hihiirokane	project
statmod	statmod:rough_staff_core_low_magisteel	project
statmod	statmod:rough_staff_core_magisteel	project
statmod	statmod:rough_staff_core_mithril	project
statmod	statmod:rough_staff_core_orichalcum	project
statmod	statmod:rough_staff_core_pure_magisteel	project
statmod	statmod:rough_staff_core_pyrium	project
statmod	statmod:rough_staff_core_tin	project
statmod	statmod:rune_essence_arcane	project
statmod	statmod:rune_essence_mithril	project
statmod	statmod:rune_essence_pyrium	project
statmod	statmod:runic_grip	project
statmod	statmod:staff_focus	project
statmod	statmod:uncommon_agile_shard	project
statmod	statmod:uncommon_magical_shard	project
statmod	statmod:uncommon_physical_shard	project
statmod	statmod:uncommon_spiritual_shard	project
statmod	statmod:uncommon_vital_shard	project
statmod	statmod:warhammer_core	project
statmod	statmod:wire_wrap	project
statmod	statmod:wooden_grip	project
tensura	tensura:acacia_tool_rack	tensura.jar
tensura	tensura:acacia_tool_rack	tensura-neoforge-2.0.1.0.jar
tensura	tensura:adamantite_axe	tensura.jar
tensura	tensura:adamantite_axe	tensura-neoforge-2.0.1.0.jar
tensura	tensura:adamantite_block	tensura.jar
tensura	tensura:adamantite_block	tensura-neoforge-2.0.1.0.jar
tensura	tensura:adamantite_bone_golem	tensura.jar
tensura	tensura:adamantite_bone_golem	tensura-neoforge-2.0.1.0.jar
tensura	tensura:adamantite_boots	tensura.jar
tensura	tensura:adamantite_boots	tensura-neoforge-2.0.1.0.jar
tensura	tensura:adamantite_chestplate	tensura.jar
tensura	tensura:adamantite_chestplate	tensura-neoforge-2.0.1.0.jar
tensura	tensura:adamantite_gear_schematic	tensura.jar
tensura	tensura:adamantite_gear_schematic	tensura-neoforge-2.0.1.0.jar
tensura	tensura:adamantite_great_sword	tensura.jar
tensura	tensura:adamantite_great_sword	tensura-neoforge-2.0.1.0.jar
tensura	tensura:adamantite_helmet	tensura.jar
tensura	tensura:adamantite_helmet	tensura-neoforge-2.0.1.0.jar
tensura	tensura:adamantite_hoe	tensura.jar
tensura	tensura:adamantite_hoe	tensura-neoforge-2.0.1.0.jar
tensura	tensura:adamantite_ingot	tensura.jar
tensura	tensura:adamantite_ingot	tensura-neoforge-2.0.1.0.jar
tensura	tensura:adamantite_katana	tensura.jar
tensura	tensura:adamantite_katana	tensura-neoforge-2.0.1.0.jar
tensura	tensura:adamantite_kodachi	tensura.jar
tensura	tensura:adamantite_kodachi	tensura-neoforge-2.0.1.0.jar
tensura	tensura:adamantite_leggings	tensura.jar
tensura	tensura:adamantite_leggings	tensura-neoforge-2.0.1.0.jar
tensura	tensura:adamantite_long_sword	tensura.jar
tensura	tensura:adamantite_long_sword	tensura-neoforge-2.0.1.0.jar
tensura	tensura:adamantite_nugget	tensura.jar
tensura	tensura:adamantite_nugget	tensura-neoforge-2.0.1.0.jar
tensura	tensura:adamantite_odachi	tensura.jar
tensura	tensura:adamantite_odachi	tensura-neoforge-2.0.1.0.jar
tensura	tensura:adamantite_pickaxe	tensura.jar
tensura	tensura:adamantite_pickaxe	tensura-neoforge-2.0.1.0.jar
tensura	tensura:adamantite_scythe	tensura.jar
tensura	tensura:adamantite_scythe	tensura-neoforge-2.0.1.0.jar
tensura	tensura:adamantite_short_sword	tensura.jar
tensura	tensura:adamantite_short_sword	tensura-neoforge-2.0.1.0.jar
tensura	tensura:adamantite_shovel	tensura.jar
tensura	tensura:adamantite_shovel	tensura-neoforge-2.0.1.0.jar
tensura	tensura:adamantite_sickle	tensura.jar
tensura	tensura:adamantite_sickle	tensura-neoforge-2.0.1.0.jar
tensura	tensura:adamantite_spear	tensura.jar
tensura	tensura:adamantite_spear	tensura-neoforge-2.0.1.0.jar
tensura	tensura:adamantite_spear_throwing	tensura.jar
tensura	tensura:adamantite_spear_throwing	tensura-neoforge-2.0.1.0.jar
tensura	tensura:adamantite_sword	tensura.jar
tensura	tensura:adamantite_sword	tensura-neoforge-2.0.1.0.jar
tensura	tensura:adamantite_tachi	tensura.jar
tensura	tensura:adamantite_tachi	tensura-neoforge-2.0.1.0.jar
tensura	tensura:andesite_warp_pad	tensura.jar
tensura	tensura:andesite_warp_pad	tensura-neoforge-2.0.1.0.jar
tensura	tensura:angry_pierrot_mask	tensura.jar
tensura	tensura:angry_pierrot_mask	tensura-neoforge-2.0.1.0.jar
tensura	tensura:ant_carapace_boots	tensura.jar
tensura	tensura:ant_carapace_boots	tensura-neoforge-2.0.1.0.jar
tensura	tensura:ant_carapace_boots_amethyst_trim	tensura.jar
tensura	tensura:ant_carapace_boots_amethyst_trim	tensura-neoforge-2.0.1.0.jar
tensura	tensura:ant_carapace_boots_copper_trim	tensura.jar
tensura	tensura:ant_carapace_boots_copper_trim	tensura-neoforge-2.0.1.0.jar
tensura	tensura:ant_carapace_boots_diamond_trim	tensura.jar
tensura	tensura:ant_carapace_boots_diamond_trim	tensura-neoforge-2.0.1.0.jar
tensura	tensura:ant_carapace_boots_emerald_trim	tensura.jar
tensura	tensura:ant_carapace_boots_emerald_trim	tensura-neoforge-2.0.1.0.jar
tensura	tensura:ant_carapace_boots_gold_trim	tensura.jar
tensura	tensura:ant_carapace_boots_gold_trim	tensura-neoforge-2.0.1.0.jar
tensura	tensura:ant_carapace_boots_iron_trim	tensura.jar
tensura	tensura:ant_carapace_boots_iron_trim	tensura-neoforge-2.0.1.0.jar
tensura	tensura:ant_carapace_boots_lapis_trim	tensura.jar
tensura	tensura:ant_carapace_boots_lapis_trim	tensura-neoforge-2.0.1.0.jar
tensura	tensura:ant_carapace_boots_netherite_trim	tensura.jar
tensura	tensura:ant_carapace_boots_netherite_trim	tensura-neoforge-2.0.1.0.jar
tensura	tensura:ant_carapace_boots_quartz_trim	tensura.jar
tensura	tensura:ant_carapace_boots_quartz_trim	tensura-neoforge-2.0.1.0.jar
tensura	tensura:ant_carapace_boots_redstone_trim	tensura.jar
tensura	tensura:ant_carapace_boots_redstone_trim	tensura-neoforge-2.0.1.0.jar
tensura	tensura:ant_carapace_chestplate	tensura.jar
tensura	tensura:ant_carapace_chestplate	tensura-neoforge-2.0.1.0.jar
tensura	tensura:ant_carapace_chestplate_amethyst_trim	tensura.jar
tensura	tensura:ant_carapace_chestplate_amethyst_trim	tensura-neoforge-2.0.1.0.jar
tensura	tensura:ant_carapace_chestplate_copper_trim	tensura.jar
tensura	tensura:ant_carapace_chestplate_copper_trim	tensura-neoforge-2.0.1.0.jar
tensura	tensura:ant_carapace_chestplate_diamond_trim	tensura.jar
tensura	tensura:ant_carapace_chestplate_diamond_trim	tensura-neoforge-2.0.1.0.jar
tensura	tensura:ant_carapace_chestplate_emerald_trim	tensura.jar
tensura	tensura:ant_carapace_chestplate_emerald_trim	tensura-neoforge-2.0.1.0.jar
tensura	tensura:ant_carapace_chestplate_gold_trim	tensura.jar
tensura	tensura:ant_carapace_chestplate_gold_trim	tensura-neoforge-2.0.1.0.jar
tensura	tensura:ant_carapace_chestplate_iron_trim	tensura.jar
tensura	tensura:ant_carapace_chestplate_iron_trim	tensura-neoforge-2.0.1.0.jar
tensura	tensura:ant_carapace_chestplate_lapis_trim	tensura.jar
tensura	tensura:ant_carapace_chestplate_lapis_trim	tensura-neoforge-2.0.1.0.jar
tensura	tensura:ant_carapace_chestplate_netherite_trim	tensura.jar
tensura	tensura:ant_carapace_chestplate_netherite_trim	tensura-neoforge-2.0.1.0.jar
tensura	tensura:ant_carapace_chestplate_quartz_trim	tensura.jar
tensura	tensura:ant_carapace_chestplate_quartz_trim	tensura-neoforge-2.0.1.0.jar
tensura	tensura:ant_carapace_chestplate_redstone_trim	tensura.jar
tensura	tensura:ant_carapace_chestplate_redstone_trim	tensura-neoforge-2.0.1.0.jar
tensura	tensura:ant_carapace_gear_schematic	tensura.jar
tensura	tensura:ant_carapace_gear_schematic	tensura-neoforge-2.0.1.0.jar
tensura	tensura:ant_carapace_helmet	tensura.jar
tensura	tensura:ant_carapace_helmet	tensura-neoforge-2.0.1.0.jar
tensura	tensura:ant_carapace_helmet_amethyst_trim	tensura.jar
tensura	tensura:ant_carapace_helmet_amethyst_trim	tensura-neoforge-2.0.1.0.jar
tensura	tensura:ant_carapace_helmet_copper_trim	tensura.jar
tensura	tensura:ant_carapace_helmet_copper_trim	tensura-neoforge-2.0.1.0.jar
tensura	tensura:ant_carapace_helmet_diamond_trim	tensura.jar
tensura	tensura:ant_carapace_helmet_diamond_trim	tensura-neoforge-2.0.1.0.jar
tensura	tensura:ant_carapace_helmet_emerald_trim	tensura.jar
tensura	tensura:ant_carapace_helmet_emerald_trim	tensura-neoforge-2.0.1.0.jar
tensura	tensura:ant_carapace_helmet_gold_trim	tensura.jar
tensura	tensura:ant_carapace_helmet_gold_trim	tensura-neoforge-2.0.1.0.jar
tensura	tensura:ant_carapace_helmet_iron_trim	tensura.jar
tensura	tensura:ant_carapace_helmet_iron_trim	tensura-neoforge-2.0.1.0.jar
tensura	tensura:ant_carapace_helmet_lapis_trim	tensura.jar
tensura	tensura:ant_carapace_helmet_lapis_trim	tensura-neoforge-2.0.1.0.jar
tensura	tensura:ant_carapace_helmet_netherite_trim	tensura.jar
tensura	tensura:ant_carapace_helmet_netherite_trim	tensura-neoforge-2.0.1.0.jar
tensura	tensura:ant_carapace_helmet_quartz_trim	tensura.jar
tensura	tensura:ant_carapace_helmet_quartz_trim	tensura-neoforge-2.0.1.0.jar
tensura	tensura:ant_carapace_helmet_redstone_trim	tensura.jar
tensura	tensura:ant_carapace_helmet_redstone_trim	tensura-neoforge-2.0.1.0.jar
tensura	tensura:ant_carapace_leggings	tensura.jar
tensura	tensura:ant_carapace_leggings	tensura-neoforge-2.0.1.0.jar
tensura	tensura:ant_carapace_leggings_amethyst_trim	tensura.jar
tensura	tensura:ant_carapace_leggings_amethyst_trim	tensura-neoforge-2.0.1.0.jar
tensura	tensura:ant_carapace_leggings_copper_trim	tensura.jar
tensura	tensura:ant_carapace_leggings_copper_trim	tensura-neoforge-2.0.1.0.jar
tensura	tensura:ant_carapace_leggings_diamond_trim	tensura.jar
tensura	tensura:ant_carapace_leggings_diamond_trim	tensura-neoforge-2.0.1.0.jar
tensura	tensura:ant_carapace_leggings_emerald_trim	tensura.jar
tensura	tensura:ant_carapace_leggings_emerald_trim	tensura-neoforge-2.0.1.0.jar
tensura	tensura:ant_carapace_leggings_gold_trim	tensura.jar
tensura	tensura:ant_carapace_leggings_gold_trim	tensura-neoforge-2.0.1.0.jar
tensura	tensura:ant_carapace_leggings_iron_trim	tensura.jar
tensura	tensura:ant_carapace_leggings_iron_trim	tensura-neoforge-2.0.1.0.jar
tensura	tensura:ant_carapace_leggings_lapis_trim	tensura.jar
tensura	tensura:ant_carapace_leggings_lapis_trim	tensura-neoforge-2.0.1.0.jar
tensura	tensura:ant_carapace_leggings_netherite_trim	tensura.jar
tensura	tensura:ant_carapace_leggings_netherite_trim	tensura-neoforge-2.0.1.0.jar
tensura	tensura:ant_carapace_leggings_quartz_trim	tensura.jar
tensura	tensura:ant_carapace_leggings_quartz_trim	tensura-neoforge-2.0.1.0.jar
tensura	tensura:ant_carapace_leggings_redstone_trim	tensura.jar
tensura	tensura:ant_carapace_leggings_redstone_trim	tensura-neoforge-2.0.1.0.jar
tensura	tensura:ant_crossbow	tensura.jar
tensura	tensura:ant_crossbow	tensura-neoforge-2.0.1.0.jar
tensura	tensura:ant_crossbow_arrow	tensura.jar
tensura	tensura:ant_crossbow_arrow	tensura-neoforge-2.0.1.0.jar
tensura	tensura:ant_crossbow_firework	tensura.jar
tensura	tensura:ant_crossbow_firework	tensura-neoforge-2.0.1.0.jar
tensura	tensura:ant_crossbow_pulling_0	tensura.jar
tensura	tensura:ant_crossbow_pulling_0	tensura-neoforge-2.0.1.0.jar
tensura	tensura:ant_crossbow_pulling_1	tensura.jar
tensura	tensura:ant_crossbow_pulling_1	tensura-neoforge-2.0.1.0.jar
tensura	tensura:ant_crossbow_pulling_2	tensura.jar
tensura	tensura:ant_crossbow_pulling_2	tensura-neoforge-2.0.1.0.jar
tensura	tensura:ant_crossbow_speared_fin	tensura.jar
tensura	tensura:ant_crossbow_speared_fin	tensura-neoforge-2.0.1.0.jar
tensura	tensura:ant_crossbow_spectral_arrow	tensura.jar
tensura	tensura:ant_crossbow_spectral_arrow	tensura-neoforge-2.0.1.0.jar
tensura	tensura:ant_crossbow_unicorn_horn	tensura.jar
tensura	tensura:ant_crossbow_unicorn_horn	tensura-neoforge-2.0.1.0.jar
tensura	tensura:anti_magic_mask	tensura.jar
tensura	tensura:anti_magic_mask	tensura-neoforge-2.0.1.0.jar
tensura	tensura:anti_magic_mask_schematic	tensura.jar
tensura	tensura:anti_magic_mask_schematic	tensura-neoforge-2.0.1.0.jar
tensura	tensura:armorsaurus_boots	tensura.jar
tensura	tensura:armorsaurus_boots	tensura-neoforge-2.0.1.0.jar
tensura	tensura:armorsaurus_chestplate	tensura.jar
tensura	tensura:armorsaurus_chestplate	tensura-neoforge-2.0.1.0.jar
tensura	tensura:armorsaurus_gauntlet	tensura.jar
tensura	tensura:armorsaurus_gauntlet	tensura-neoforge-2.0.1.0.jar
tensura	tensura:armorsaurus_gauntlet_gui	tensura.jar
tensura	tensura:armorsaurus_gauntlet_gui	tensura-neoforge-2.0.1.0.jar
tensura	tensura:armorsaurus_gauntlet_offhand	tensura.jar
tensura	tensura:armorsaurus_gauntlet_offhand	tensura-neoforge-2.0.1.0.jar
tensura	tensura:armorsaurus_helmet	tensura.jar
tensura	tensura:armorsaurus_helmet	tensura-neoforge-2.0.1.0.jar
tensura	tensura:armorsaurus_leggings	tensura.jar
tensura	tensura:armorsaurus_leggings	tensura-neoforge-2.0.1.0.jar
tensura	tensura:armorsaurus_scale	tensura.jar
tensura	tensura:armorsaurus_scale	tensura-neoforge-2.0.1.0.jar
tensura	tensura:armorsaurus_scalemail_boots	tensura.jar
tensura	tensura:armorsaurus_scalemail_boots	tensura-neoforge-2.0.1.0.jar
tensura	tensura:armorsaurus_scalemail_boots_amethyst_trim	tensura.jar
tensura	tensura:armorsaurus_scalemail_boots_amethyst_trim	tensura-neoforge-2.0.1.0.jar
tensura	tensura:armorsaurus_scalemail_boots_copper_trim	tensura.jar
tensura	tensura:armorsaurus_scalemail_boots_copper_trim	tensura-neoforge-2.0.1.0.jar
tensura	tensura:armorsaurus_scalemail_boots_diamond_trim	tensura.jar
tensura	tensura:armorsaurus_scalemail_boots_diamond_trim	tensura-neoforge-2.0.1.0.jar
tensura	tensura:armorsaurus_scalemail_boots_emerald_trim	tensura.jar
tensura	tensura:armorsaurus_scalemail_boots_emerald_trim	tensura-neoforge-2.0.1.0.jar
tensura	tensura:armorsaurus_scalemail_boots_gold_trim	tensura.jar
tensura	tensura:armorsaurus_scalemail_boots_gold_trim	tensura-neoforge-2.0.1.0.jar
tensura	tensura:armorsaurus_scalemail_boots_iron_trim	tensura.jar
tensura	tensura:armorsaurus_scalemail_boots_iron_trim	tensura-neoforge-2.0.1.0.jar
tensura	tensura:armorsaurus_scalemail_boots_lapis_trim	tensura.jar
tensura	tensura:armorsaurus_scalemail_boots_lapis_trim	tensura-neoforge-2.0.1.0.jar
tensura	tensura:armorsaurus_scalemail_boots_netherite_trim	tensura.jar
tensura	tensura:armorsaurus_scalemail_boots_netherite_trim	tensura-neoforge-2.0.1.0.jar
tensura	tensura:armorsaurus_scalemail_boots_quartz_trim	tensura.jar
tensura	tensura:armorsaurus_scalemail_boots_quartz_trim	tensura-neoforge-2.0.1.0.jar
tensura	tensura:armorsaurus_scalemail_boots_redstone_trim	tensura.jar
tensura	tensura:armorsaurus_scalemail_boots_redstone_trim	tensura-neoforge-2.0.1.0.jar
tensura	tensura:armorsaurus_scalemail_chestplate	tensura.jar
tensura	tensura:armorsaurus_scalemail_chestplate	tensura-neoforge-2.0.1.0.jar
tensura	tensura:armorsaurus_scalemail_chestplate_amethyst_trim	tensura.jar
tensura	tensura:armorsaurus_scalemail_chestplate_amethyst_trim	tensura-neoforge-2.0.1.0.jar
tensura	tensura:armorsaurus_scalemail_chestplate_copper_trim	tensura.jar
tensura	tensura:armorsaurus_scalemail_chestplate_copper_trim	tensura-neoforge-2.0.1.0.jar
tensura	tensura:armorsaurus_scalemail_chestplate_diamond_trim	tensura.jar
tensura	tensura:armorsaurus_scalemail_chestplate_diamond_trim	tensura-neoforge-2.0.1.0.jar
tensura	tensura:armorsaurus_scalemail_chestplate_emerald_trim	tensura.jar
tensura	tensura:armorsaurus_scalemail_chestplate_emerald_trim	tensura-neoforge-2.0.1.0.jar
tensura	tensura:armorsaurus_scalemail_chestplate_gold_trim	tensura.jar
tensura	tensura:armorsaurus_scalemail_chestplate_gold_trim	tensura-neoforge-2.0.1.0.jar
tensura	tensura:armorsaurus_scalemail_chestplate_iron_trim	tensura.jar
tensura	tensura:armorsaurus_scalemail_chestplate_iron_trim	tensura-neoforge-2.0.1.0.jar
tensura	tensura:armorsaurus_scalemail_chestplate_lapis_trim	tensura.jar
tensura	tensura:armorsaurus_scalemail_chestplate_lapis_trim	tensura-neoforge-2.0.1.0.jar
tensura	tensura:armorsaurus_scalemail_chestplate_netherite_trim	tensura.jar
tensura	tensura:armorsaurus_scalemail_chestplate_netherite_trim	tensura-neoforge-2.0.1.0.jar
tensura	tensura:armorsaurus_scalemail_chestplate_quartz_trim	tensura.jar
tensura	tensura:armorsaurus_scalemail_chestplate_quartz_trim	tensura-neoforge-2.0.1.0.jar
tensura	tensura:armorsaurus_scalemail_chestplate_redstone_trim	tensura.jar
tensura	tensura:armorsaurus_scalemail_chestplate_redstone_trim	tensura-neoforge-2.0.1.0.jar
tensura	tensura:armorsaurus_scalemail_gear_schematic	tensura.jar
tensura	tensura:armorsaurus_scalemail_gear_schematic	tensura-neoforge-2.0.1.0.jar
tensura	tensura:armorsaurus_scalemail_helmet	tensura.jar
tensura	tensura:armorsaurus_scalemail_helmet	tensura-neoforge-2.0.1.0.jar
tensura	tensura:armorsaurus_scalemail_helmet_amethyst_trim	tensura.jar
tensura	tensura:armorsaurus_scalemail_helmet_amethyst_trim	tensura-neoforge-2.0.1.0.jar
tensura	tensura:armorsaurus_scalemail_helmet_copper_trim	tensura.jar
tensura	tensura:armorsaurus_scalemail_helmet_copper_trim	tensura-neoforge-2.0.1.0.jar
tensura	tensura:armorsaurus_scalemail_helmet_diamond_trim	tensura.jar
tensura	tensura:armorsaurus_scalemail_helmet_diamond_trim	tensura-neoforge-2.0.1.0.jar
tensura	tensura:armorsaurus_scalemail_helmet_emerald_trim	tensura.jar
tensura	tensura:armorsaurus_scalemail_helmet_emerald_trim	tensura-neoforge-2.0.1.0.jar
tensura	tensura:armorsaurus_scalemail_helmet_gold_trim	tensura.jar
tensura	tensura:armorsaurus_scalemail_helmet_gold_trim	tensura-neoforge-2.0.1.0.jar
tensura	tensura:armorsaurus_scalemail_helmet_iron_trim	tensura.jar
tensura	tensura:armorsaurus_scalemail_helmet_iron_trim	tensura-neoforge-2.0.1.0.jar
tensura	tensura:armorsaurus_scalemail_helmet_lapis_trim	tensura.jar
tensura	tensura:armorsaurus_scalemail_helmet_lapis_trim	tensura-neoforge-2.0.1.0.jar
tensura	tensura:armorsaurus_scalemail_helmet_netherite_trim	tensura.jar
tensura	tensura:armorsaurus_scalemail_helmet_netherite_trim	tensura-neoforge-2.0.1.0.jar
tensura	tensura:armorsaurus_scalemail_helmet_quartz_trim	tensura.jar
tensura	tensura:armorsaurus_scalemail_helmet_quartz_trim	tensura-neoforge-2.0.1.0.jar
tensura	tensura:armorsaurus_scalemail_helmet_redstone_trim	tensura.jar
tensura	tensura:armorsaurus_scalemail_helmet_redstone_trim	tensura-neoforge-2.0.1.0.jar
tensura	tensura:armorsaurus_scalemail_leggings	tensura.jar
tensura	tensura:armorsaurus_scalemail_leggings	tensura-neoforge-2.0.1.0.jar
tensura	tensura:armorsaurus_scalemail_leggings_amethyst_trim	tensura.jar
tensura	tensura:armorsaurus_scalemail_leggings_amethyst_trim	tensura-neoforge-2.0.1.0.jar
tensura	tensura:armorsaurus_scalemail_leggings_copper_trim	tensura.jar
tensura	tensura:armorsaurus_scalemail_leggings_copper_trim	tensura-neoforge-2.0.1.0.jar
tensura	tensura:armorsaurus_scalemail_leggings_diamond_trim	tensura.jar
tensura	tensura:armorsaurus_scalemail_leggings_diamond_trim	tensura-neoforge-2.0.1.0.jar
tensura	tensura:armorsaurus_scalemail_leggings_emerald_trim	tensura.jar
tensura	tensura:armorsaurus_scalemail_leggings_emerald_trim	tensura-neoforge-2.0.1.0.jar
tensura	tensura:armorsaurus_scalemail_leggings_gold_trim	tensura.jar
tensura	tensura:armorsaurus_scalemail_leggings_gold_trim	tensura-neoforge-2.0.1.0.jar
tensura	tensura:armorsaurus_scalemail_leggings_iron_trim	tensura.jar
tensura	tensura:armorsaurus_scalemail_leggings_iron_trim	tensura-neoforge-2.0.1.0.jar
tensura	tensura:armorsaurus_scalemail_leggings_lapis_trim	tensura.jar
tensura	tensura:armorsaurus_scalemail_leggings_lapis_trim	tensura-neoforge-2.0.1.0.jar
tensura	tensura:armorsaurus_scalemail_leggings_netherite_trim	tensura.jar
tensura	tensura:armorsaurus_scalemail_leggings_netherite_trim	tensura-neoforge-2.0.1.0.jar
tensura	tensura:armorsaurus_scalemail_leggings_quartz_trim	tensura.jar
tensura	tensura:armorsaurus_scalemail_leggings_quartz_trim	tensura-neoforge-2.0.1.0.jar
tensura	tensura:armorsaurus_scalemail_leggings_redstone_trim	tensura.jar
tensura	tensura:armorsaurus_scalemail_leggings_redstone_trim	tensura-neoforge-2.0.1.0.jar
tensura	tensura:armorsaurus_shell	tensura.jar
tensura	tensura:armorsaurus_shell	tensura-neoforge-2.0.1.0.jar
tensura	tensura:armorsaurus_shield	tensura.jar
tensura	tensura:armorsaurus_shield	tensura-neoforge-2.0.1.0.jar
tensura	tensura:armorsaurus_shield_blocking	tensura.jar
tensura	tensura:armorsaurus_shield_blocking	tensura-neoforge-2.0.1.0.jar
tensura	tensura:armorsaurus_shield_gui	tensura.jar
tensura	tensura:armorsaurus_shield_gui	tensura-neoforge-2.0.1.0.jar
tensura	tensura:baffledil	tensura.jar
tensura	tensura:baffledil	tensura-neoforge-2.0.1.0.jar
tensura	tensura:bamboo_tool_rack	tensura.jar
tensura	tensura:bamboo_tool_rack	tensura-neoforge-2.0.1.0.jar
tensura	tensura:basalt_warp_pad	tensura.jar
tensura	tensura:basalt_warp_pad	tensura-neoforge-2.0.1.0.jar
tensura	tensura:basic_bows_schematic	tensura.jar
tensura	tensura:basic_bows_schematic	tensura-neoforge-2.0.1.0.jar
tensura	tensura:bat_glider	tensura.jar
tensura	tensura:bat_glider	tensura-neoforge-2.0.1.0.jar
tensura	tensura:battlewill_manual	tensura.jar
tensura	tensura:battlewill_manual	tensura-neoforge-2.0.1.0.jar
tensura	tensura:beast_horn	tensura.jar
tensura	tensura:beast_horn	tensura-neoforge-2.0.1.0.jar
tensura	tensura:beast_horn_spear	tensura.jar
tensura	tensura:beast_horn_spear	tensura-neoforge-2.0.1.0.jar
tensura	tensura:beast_horn_spear_throwing	tensura.jar
tensura	tensura:beast_horn_spear_throwing	tensura-neoforge-2.0.1.0.jar
tensura	tensura:birch_tool_rack	tensura.jar
tensura	tensura:birch_tool_rack	tensura-neoforge-2.0.1.0.jar
tensura	tensura:black_fire_charge	tensura.jar
tensura	tensura:black_fire_charge	tensura-neoforge-2.0.1.0.jar
tensura	tensura:blackstone_warp_pad	tensura.jar
tensura	tensura:blackstone_warp_pad	tensura-neoforge-2.0.1.0.jar
tensura	tensura:blade_tiger_scythe	tensura.jar
tensura	tensura:blade_tiger_scythe	tensura-neoforge-2.0.1.0.jar
tensura	tensura:blade_tiger_steak	tensura.jar
tensura	tensura:blade_tiger_steak	tensura-neoforge-2.0.1.0.jar
tensura	tensura:blade_tiger_tail	tensura.jar
tensura	tensura:blade_tiger_tail	tensura-neoforge-2.0.1.0.jar
tensura	tensura:bow_handheld	tensura.jar
tensura	tensura:bow_handheld	tensura-neoforge-2.0.1.0.jar
tensura	tensura:brick_magic_engine	tensura.jar
tensura	tensura:brick_magic_engine	tensura-neoforge-2.0.1.0.jar
tensura	tensura:brick_warp_pad	tensura.jar
tensura	tensura:brick_warp_pad	tensura-neoforge-2.0.1.0.jar
tensura	tensura:bricks_magic_engine	tensura.jar
tensura	tensura:bricks_magic_engine	tensura-neoforge-2.0.1.0.jar
tensura	tensura:bronze_coin	tensura.jar
tensura	tensura:bronze_coin	tensura-neoforge-2.0.1.0.jar
tensura	tensura:bucket_of_cattledeer_milk	tensura.jar
tensura	tensura:bucket_of_cattledeer_milk	tensura-neoforge-2.0.1.0.jar
tensura	tensura:calcite_warp_pad	tensura.jar
tensura	tensura:calcite_warp_pad	tensura-neoforge-2.0.1.0.jar
tensura	tensura:cattledeer_beef	tensura.jar
tensura	tensura:cattledeer_beef	tensura-neoforge-2.0.1.0.jar
tensura	tensura:cattledeer_steak	tensura.jar
tensura	tensura:cattledeer_steak	tensura-neoforge-2.0.1.0.jar
tensura	tensura:centipede_dagger	tensura.jar
tensura	tensura:centipede_dagger	tensura-neoforge-2.0.1.0.jar
tensura	tensura:centipede_stinger	tensura.jar
tensura	tensura:centipede_stinger	tensura-neoforge-2.0.1.0.jar
tensura	tensura:character_reset_scroll	tensura.jar
tensura	tensura:character_reset_scroll	tensura-neoforge-2.0.1.0.jar
tensura	tensura:charybdis_core	tensura.jar
tensura	tensura:charybdis_core	tensura-neoforge-2.0.1.0.jar
tensura	tensura:charybdis_scale	tensura.jar
tensura	tensura:charybdis_scale	tensura-neoforge-2.0.1.0.jar
tensura	tensura:charybdis_scalemail_boots	tensura.jar
tensura	tensura:charybdis_scalemail_boots	tensura-neoforge-2.0.1.0.jar
tensura	tensura:charybdis_scalemail_chestplate	tensura.jar
tensura	tensura:charybdis_scalemail_chestplate	tensura-neoforge-2.0.1.0.jar
tensura	tensura:charybdis_scalemail_gear_schematic	tensura.jar
tensura	tensura:charybdis_scalemail_gear_schematic	tensura-neoforge-2.0.1.0.jar
tensura	tensura:charybdis_scalemail_helmet	tensura.jar
tensura	tensura:charybdis_scalemail_helmet	tensura-neoforge-2.0.1.0.jar
tensura	tensura:charybdis_scalemail_leggings	tensura.jar
tensura	tensura:charybdis_scalemail_leggings	tensura-neoforge-2.0.1.0.jar
tensura	tensura:cherry_tool_rack	tensura.jar
tensura	tensura:cherry_tool_rack	tensura-neoforge-2.0.1.0.jar
tensura	tensura:chilled_slime	tensura.jar
tensura	tensura:chilled_slime	tensura-neoforge-2.0.1.0.jar
tensura	tensura:chilled_slime_block	tensura.jar
tensura	tensura:chilled_slime_block	tensura-neoforge-2.0.1.0.jar
tensura	tensura:chiseled_high_quality_magic_crystal_bricks	tensura.jar
tensura	tensura:chiseled_high_quality_magic_crystal_bricks	tensura-neoforge-2.0.1.0.jar
tensura	tensura:chiseled_low_quality_magic_crystal_bricks	tensura.jar
tensura	tensura:chiseled_low_quality_magic_crystal_bricks	tensura-neoforge-2.0.1.0.jar
tensura	tensura:chiseled_medium_quality_magic_crystal_bricks	tensura.jar
tensura	tensura:chiseled_medium_quality_magic_crystal_bricks	tensura-neoforge-2.0.1.0.jar
tensura	tensura:chiseled_sarasa_sandstone	tensura.jar
tensura	tensura:chiseled_sarasa_sandstone	tensura-neoforge-2.0.1.0.jar
tensura	tensura:cooked_armorsaurus_meat	tensura.jar
tensura	tensura:cooked_armorsaurus_meat	tensura-neoforge-2.0.1.0.jar
tensura	tensura:cooked_charybdis_meat	tensura.jar
tensura	tensura:cooked_charybdis_meat	tensura-neoforge-2.0.1.0.jar
tensura	tensura:cooked_giant_ant_leg	tensura.jar
tensura	tensura:cooked_giant_ant_leg	tensura-neoforge-2.0.1.0.jar
tensura	tensura:cooked_giant_bat_meat	tensura.jar
tensura	tensura:cooked_giant_bat_meat	tensura-neoforge-2.0.1.0.jar
tensura	tensura:cooked_knight_spider_leg	tensura.jar
tensura	tensura:cooked_knight_spider_leg	tensura-neoforge-2.0.1.0.jar
tensura	tensura:cooked_megalodon_meat	tensura.jar
tensura	tensura:cooked_megalodon_meat	tensura-neoforge-2.0.1.0.jar
tensura	tensura:cooked_serpent_meat	tensura.jar
tensura	tensura:cooked_serpent_meat	tensura-neoforge-2.0.1.0.jar
tensura	tensura:cooked_sissie_fin	tensura.jar
tensura	tensura:cooked_sissie_fin	tensura-neoforge-2.0.1.0.jar
tensura	tensura:cooked_sissie_meat	tensura.jar
tensura	tensura:cooked_sissie_meat	tensura-neoforge-2.0.1.0.jar
tensura	tensura:cooked_spear_toro_fin	tensura.jar
tensura	tensura:cooked_spear_toro_fin	tensura-neoforge-2.0.1.0.jar
tensura	tensura:cooked_spear_toro_meat	tensura.jar
tensura	tensura:cooked_spear_toro_meat	tensura-neoforge-2.0.1.0.jar
tensura	tensura:copper_shell	tensura.jar
tensura	tensura:copper_shell	tensura-neoforge-2.0.1.0.jar
tensura	tensura:crazy_pierrot_mask	tensura.jar
tensura	tensura:crazy_pierrot_mask	tensura-neoforge-2.0.1.0.jar
tensura	tensura:cream_labyrinth_brick_slab	tensura.jar
tensura	tensura:cream_labyrinth_brick_slab	tensura-neoforge-2.0.1.0.jar
tensura	tensura:cream_labyrinth_brick_stairs	tensura.jar
tensura	tensura:cream_labyrinth_brick_stairs	tensura-neoforge-2.0.1.0.jar
tensura	tensura:cream_labyrinth_brick_warp_pad	tensura.jar
tensura	tensura:cream_labyrinth_brick_warp_pad	tensura-neoforge-2.0.1.0.jar
tensura	tensura:cream_labyrinth_bricks	tensura.jar
tensura	tensura:cream_labyrinth_bricks	tensura-neoforge-2.0.1.0.jar
tensura	tensura:cream_labyrinth_bricks_bl	tensura.jar
tensura	tensura:cream_labyrinth_bricks_bl	tensura-neoforge-2.0.1.0.jar
tensura	tensura:cream_labyrinth_bricks_br	tensura.jar
tensura	tensura:cream_labyrinth_bricks_br	tensura-neoforge-2.0.1.0.jar
tensura	tensura:cream_labyrinth_bricks_magic_engine	tensura.jar
tensura	tensura:cream_labyrinth_bricks_magic_engine	tensura-neoforge-2.0.1.0.jar
tensura	tensura:cream_labyrinth_bricks_tl	tensura.jar
tensura	tensura:cream_labyrinth_bricks_tl	tensura-neoforge-2.0.1.0.jar
tensura	tensura:cream_labyrinth_bricks_tr	tensura.jar
tensura	tensura:cream_labyrinth_bricks_tr	tensura-neoforge-2.0.1.0.jar
tensura	tensura:cream_labyrinth_stone	tensura.jar
tensura	tensura:cream_labyrinth_stone	tensura-neoforge-2.0.1.0.jar
tensura	tensura:cream_labyrinth_stone_bl	tensura.jar
tensura	tensura:cream_labyrinth_stone_bl	tensura-neoforge-2.0.1.0.jar
tensura	tensura:cream_labyrinth_stone_br	tensura.jar
tensura	tensura:cream_labyrinth_stone_br	tensura-neoforge-2.0.1.0.jar
tensura	tensura:cream_labyrinth_stone_slab	tensura.jar
tensura	tensura:cream_labyrinth_stone_slab	tensura-neoforge-2.0.1.0.jar
tensura	tensura:cream_labyrinth_stone_stairs	tensura.jar
tensura	tensura:cream_labyrinth_stone_stairs	tensura-neoforge-2.0.1.0.jar
tensura	tensura:cream_labyrinth_stone_tl	tensura.jar
tensura	tensura:cream_labyrinth_stone_tl	tensura-neoforge-2.0.1.0.jar
tensura	tensura:cream_labyrinth_stone_tr	tensura.jar
tensura	tensura:cream_labyrinth_stone_tr	tensura-neoforge-2.0.1.0.jar
tensura	tensura:crimson_tool_rack	tensura.jar
tensura	tensura:crimson_tool_rack	tensura-neoforge-2.0.1.0.jar
tensura	tensura:cut_sarasa_sandstone	tensura.jar
tensura	tensura:cut_sarasa_sandstone	tensura-neoforge-2.0.1.0.jar
tensura	tensura:cut_sarasa_sandstone_slab	tensura.jar
tensura	tensura:cut_sarasa_sandstone_slab	tensura-neoforge-2.0.1.0.jar
tensura	tensura:daemon_core	tensura.jar
tensura	tensura:daemon_core	tensura-neoforge-2.0.1.0.jar
tensura	tensura:daemon_essence	tensura.jar
tensura	tensura:daemon_essence	tensura-neoforge-2.0.1.0.jar
tensura	tensura:dark_boots	tensura.jar
tensura	tensura:dark_boots	tensura-neoforge-2.0.1.0.jar
tensura	tensura:dark_jacket	tensura.jar
tensura	tensura:dark_jacket	tensura-neoforge-2.0.1.0.jar
tensura	tensura:dark_labyrinth_brick_slab	tensura.jar
tensura	tensura:dark_labyrinth_brick_slab	tensura-neoforge-2.0.1.0.jar
tensura	tensura:dark_labyrinth_brick_stairs	tensura.jar
tensura	tensura:dark_labyrinth_brick_stairs	tensura-neoforge-2.0.1.0.jar
tensura	tensura:dark_labyrinth_brick_warp_pad	tensura.jar
tensura	tensura:dark_labyrinth_brick_warp_pad	tensura-neoforge-2.0.1.0.jar
tensura	tensura:dark_labyrinth_bricks	tensura.jar
tensura	tensura:dark_labyrinth_bricks	tensura-neoforge-2.0.1.0.jar
tensura	tensura:dark_labyrinth_bricks_bl	tensura.jar
tensura	tensura:dark_labyrinth_bricks_bl	tensura-neoforge-2.0.1.0.jar
tensura	tensura:dark_labyrinth_bricks_br	tensura.jar
tensura	tensura:dark_labyrinth_bricks_br	tensura-neoforge-2.0.1.0.jar
tensura	tensura:dark_labyrinth_bricks_magic_engine	tensura.jar
tensura	tensura:dark_labyrinth_bricks_magic_engine	tensura-neoforge-2.0.1.0.jar
tensura	tensura:dark_labyrinth_bricks_tl	tensura.jar
tensura	tensura:dark_labyrinth_bricks_tl	tensura-neoforge-2.0.1.0.jar
tensura	tensura:dark_labyrinth_bricks_tr	tensura.jar
tensura	tensura:dark_labyrinth_bricks_tr	tensura-neoforge-2.0.1.0.jar
tensura	tensura:dark_labyrinth_stone	tensura.jar
tensura	tensura:dark_labyrinth_stone	tensura-neoforge-2.0.1.0.jar
tensura	tensura:dark_labyrinth_stone_bl	tensura.jar
tensura	tensura:dark_labyrinth_stone_bl	tensura-neoforge-2.0.1.0.jar
tensura	tensura:dark_labyrinth_stone_br	tensura.jar
tensura	tensura:dark_labyrinth_stone_br	tensura-neoforge-2.0.1.0.jar
tensura	tensura:dark_labyrinth_stone_slab	tensura.jar
tensura	tensura:dark_labyrinth_stone_slab	tensura-neoforge-2.0.1.0.jar
tensura	tensura:dark_labyrinth_stone_stairs	tensura.jar
tensura	tensura:dark_labyrinth_stone_stairs	tensura-neoforge-2.0.1.0.jar
tensura	tensura:dark_labyrinth_stone_tl	tensura.jar
tensura	tensura:dark_labyrinth_stone_tl	tensura-neoforge-2.0.1.0.jar
tensura	tensura:dark_labyrinth_stone_tr	tensura.jar
tensura	tensura:dark_labyrinth_stone_tr	tensura-neoforge-2.0.1.0.jar
tensura	tensura:dark_leggings	tensura.jar
tensura	tensura:dark_leggings	tensura-neoforge-2.0.1.0.jar
tensura	tensura:dark_oak_tool_rack	tensura.jar
tensura	tensura:dark_oak_tool_rack	tensura-neoforge-2.0.1.0.jar
tensura	tensura:dark_set_schematic	tensura.jar
tensura	tensura:dark_set_schematic	tensura-neoforge-2.0.1.0.jar
tensura	tensura:dead_end_rainbow	tensura.jar
tensura	tensura:dead_end_rainbow	tensura-neoforge-2.0.1.0.jar
tensura	tensura:dead_end_rainbow_gui	tensura.jar
tensura	tensura:dead_end_rainbow_gui	tensura-neoforge-2.0.1.0.jar
tensura	tensura:deepslate_bricks_magic_engine	tensura.jar
tensura	tensura:deepslate_bricks_magic_engine	tensura-neoforge-2.0.1.0.jar
tensura	tensura:deepslate_magic_ore	tensura.jar
tensura	tensura:deepslate_magic_ore	tensura-neoforge-2.0.1.0.jar
tensura	tensura:deepslate_silver_ore	tensura.jar
tensura	tensura:deepslate_silver_ore	tensura-neoforge-2.0.1.0.jar
tensura	tensura:deepslate_warp_pad	tensura.jar
tensura	tensura:deepslate_warp_pad	tensura-neoforge-2.0.1.0.jar
tensura	tensura:diamond_gear_schematic	tensura.jar
tensura	tensura:diamond_gear_schematic	tensura-neoforge-2.0.1.0.jar
tensura	tensura:diamond_great_sword	tensura.jar
tensura	tensura:diamond_great_sword	tensura-neoforge-2.0.1.0.jar
tensura	tensura:diamond_katana	tensura.jar
tensura	tensura:diamond_katana	tensura-neoforge-2.0.1.0.jar
tensura	tensura:diamond_kodachi	tensura.jar
tensura	tensura:diamond_kodachi	tensura-neoforge-2.0.1.0.jar
tensura	tensura:diamond_long_sword	tensura.jar
tensura	tensura:diamond_long_sword	tensura-neoforge-2.0.1.0.jar
tensura	tensura:diamond_odachi	tensura.jar
tensura	tensura:diamond_odachi	tensura-neoforge-2.0.1.0.jar
tensura	tensura:diamond_scythe	tensura.jar
tensura	tensura:diamond_scythe	tensura-neoforge-2.0.1.0.jar
tensura	tensura:diamond_short_sword	tensura.jar
tensura	tensura:diamond_short_sword	tensura-neoforge-2.0.1.0.jar
tensura	tensura:diamond_sickle	tensura.jar
tensura	tensura:diamond_sickle	tensura-neoforge-2.0.1.0.jar
tensura	tensura:diamond_spear	tensura.jar
tensura	tensura:diamond_spear	tensura-neoforge-2.0.1.0.jar
tensura	tensura:diamond_spear_throwing	tensura.jar
tensura	tensura:diamond_spear_throwing	tensura-neoforge-2.0.1.0.jar
tensura	tensura:diamond_tachi	tensura.jar
tensura	tensura:diamond_tachi	tensura-neoforge-2.0.1.0.jar
tensura	tensura:diorite_warp_pad	tensura.jar
tensura	tensura:diorite_warp_pad	tensura-neoforge-2.0.1.0.jar
tensura	tensura:dragon_essence	tensura.jar
tensura	tensura:dragon_essence	tensura-neoforge-2.0.1.0.jar
tensura	tensura:dragon_knuckle	tensura.jar
tensura	tensura:dragon_knuckle	tensura-neoforge-2.0.1.0.jar
tensura	tensura:dragon_knuckle_gui	tensura.jar
tensura	tensura:dragon_knuckle_gui	tensura-neoforge-2.0.1.0.jar
tensura	tensura:dragon_peacock_feather	tensura.jar
tensura	tensura:dragon_peacock_feather	tensura-neoforge-2.0.1.0.jar
tensura	tensura:dubious_food	tensura.jar
tensura	tensura:dubious_food	tensura-neoforge-2.0.1.0.jar
tensura	tensura:dwargon_banner_pattern	tensura.jar
tensura	tensura:dwargon_banner_pattern	tensura-neoforge-2.0.1.0.jar
tensura	tensura:earth_elemental_shard	tensura.jar
tensura	tensura:earth_elemental_shard	tensura-neoforge-2.0.1.0.jar
tensura	tensura:element_core_earth	tensura.jar
tensura	tensura:element_core_earth	tensura-neoforge-2.0.1.0.jar
tensura	tensura:element_core_empty	tensura.jar
tensura	tensura:element_core_empty	tensura-neoforge-2.0.1.0.jar
tensura	tensura:element_core_fire	tensura.jar
tensura	tensura:element_core_fire	tensura-neoforge-2.0.1.0.jar
tensura	tensura:element_core_space	tensura.jar
tensura	tensura:element_core_space	tensura-neoforge-2.0.1.0.jar
tensura	tensura:element_core_water	tensura.jar
tensura	tensura:element_core_water	tensura-neoforge-2.0.1.0.jar
tensura	tensura:element_core_wind	tensura.jar
tensura	tensura:element_core_wind	tensura-neoforge-2.0.1.0.jar
tensura	tensura:elemental_essence	tensura.jar
tensura	tensura:elemental_essence	tensura-neoforge-2.0.1.0.jar
tensura	tensura:enchanted_silver_apple	tensura.jar
tensura	tensura:enchanted_silver_apple	tensura-neoforge-2.0.1.0.jar
tensura	tensura:end_stone_bricks_magic_engine	tensura.jar
tensura	tensura:end_stone_bricks_magic_engine	tensura-neoforge-2.0.1.0.jar
tensura	tensura:end_stone_warp_pad	tensura.jar
tensura	tensura:end_stone_warp_pad	tensura-neoforge-2.0.1.0.jar
tensura	tensura:fire_elemental_shard	tensura.jar
tensura	tensura:fire_elemental_shard	tensura-neoforge-2.0.1.0.jar
tensura	tensura:full_potion	tensura.jar
tensura	tensura:full_potion	tensura-neoforge-2.0.1.0.jar
tensura	tensura:gehenna_moth_silk	tensura.jar
tensura	tensura:gehenna_moth_silk	tensura-neoforge-2.0.1.0.jar
tensura	tensura:giant_ant_carapace	tensura.jar
tensura	tensura:giant_ant_carapace	tensura-neoforge-2.0.1.0.jar
tensura	tensura:giant_ant_leg	tensura.jar
tensura	tensura:giant_ant_leg	tensura-neoforge-2.0.1.0.jar
tensura	tensura:giant_bat_wing	tensura.jar
tensura	tensura:giant_bat_wing	tensura-neoforge-2.0.1.0.jar
tensura	tensura:goblin_club	tensura.jar
tensura	tensura:goblin_club	tensura-neoforge-2.0.1.0.jar
tensura	tensura:gold_coin	tensura.jar
tensura	tensura:gold_coin	tensura-neoforge-2.0.1.0.jar
tensura	tensura:gold_gear_schematic	tensura.jar
tensura	tensura:gold_gear_schematic	tensura-neoforge-2.0.1.0.jar
tensura	tensura:golden_great_sword	tensura.jar
tensura	tensura:golden_great_sword	tensura-neoforge-2.0.1.0.jar
tensura	tensura:golden_katana	tensura.jar
tensura	tensura:golden_katana	tensura-neoforge-2.0.1.0.jar
tensura	tensura:golden_kodachi	tensura.jar
tensura	tensura:golden_kodachi	tensura-neoforge-2.0.1.0.jar
tensura	tensura:golden_long_sword	tensura.jar
tensura	tensura:golden_long_sword	tensura-neoforge-2.0.1.0.jar
tensura	tensura:golden_odachi	tensura.jar
tensura	tensura:golden_odachi	tensura-neoforge-2.0.1.0.jar
tensura	tensura:golden_scythe	tensura.jar
tensura	tensura:golden_scythe	tensura-neoforge-2.0.1.0.jar
tensura	tensura:golden_short_sword	tensura.jar
tensura	tensura:golden_short_sword	tensura-neoforge-2.0.1.0.jar
tensura	tensura:golden_sickle	tensura.jar
tensura	tensura:golden_sickle	tensura-neoforge-2.0.1.0.jar
tensura	tensura:golden_spear	tensura.jar
tensura	tensura:golden_spear	tensura-neoforge-2.0.1.0.jar
tensura	tensura:golden_spear_throwing	tensura.jar
tensura	tensura:golden_spear_throwing	tensura-neoforge-2.0.1.0.jar
tensura	tensura:golden_tachi	tensura.jar
tensura	tensura:golden_tachi	tensura-neoforge-2.0.1.0.jar
tensura	tensura:granite_warp_pad	tensura.jar
tensura	tensura:granite_warp_pad	tensura-neoforge-2.0.1.0.jar
tensura	tensura:great_sword_handheld	tensura.jar
tensura	tensura:great_sword_handheld	tensura-neoforge-2.0.1.0.jar
tensura	tensura:great_sword_schematic	tensura.jar
tensura	tensura:great_sword_schematic	tensura-neoforge-2.0.1.0.jar
tensura	tensura:grimoire	tensura.jar
tensura	tensura:grimoire	tensura-neoforge-2.0.1.0.jar
tensura	tensura:grimoire_a	tensura.jar
tensura	tensura:grimoire_a	tensura-neoforge-2.0.1.0.jar
tensura	tensura:grimoire_a_gui	tensura.jar
tensura	tensura:grimoire_a_gui	tensura-neoforge-2.0.1.0.jar
tensura	tensura:grimoire_b	tensura.jar
tensura	tensura:grimoire_b	tensura-neoforge-2.0.1.0.jar
tensura	tensura:grimoire_b_gui	tensura.jar
tensura	tensura:grimoire_b_gui	tensura-neoforge-2.0.1.0.jar
tensura	tensura:grimoire_c	tensura.jar
tensura	tensura:grimoire_c	tensura-neoforge-2.0.1.0.jar
tensura	tensura:grimoire_c_gui	tensura.jar
tensura	tensura:grimoire_c_gui	tensura-neoforge-2.0.1.0.jar
tensura	tensura:grimoire_d	tensura.jar
tensura	tensura:grimoire_d	tensura-neoforge-2.0.1.0.jar
tensura	tensura:grimoire_d_gui	tensura.jar
tensura	tensura:grimoire_d_gui	tensura-neoforge-2.0.1.0.jar
tensura	tensura:grimoire_special_a	tensura.jar
tensura	tensura:grimoire_special_a	tensura-neoforge-2.0.1.0.jar
tensura	tensura:grimoire_special_a_gui	tensura.jar
tensura	tensura:grimoire_special_a_gui	tensura-neoforge-2.0.1.0.jar
tensura	tensura:hell_moth_silk	tensura.jar
tensura	tensura:hell_moth_silk	tensura-neoforge-2.0.1.0.jar
tensura	tensura:hell_portal	tensura.jar
tensura	tensura:hell_portal	tensura-neoforge-2.0.1.0.jar
tensura	tensura:high_arcane_potion	tensura.jar
tensura	tensura:high_arcane_potion	tensura-neoforge-2.0.1.0.jar
tensura	tensura:high_magic_staff	tensura.jar
tensura	tensura:high_magic_staff	tensura-neoforge-2.0.1.0.jar
tensura	tensura:high_magic_staff_gui	tensura.jar
tensura	tensura:high_magic_staff_gui	tensura-neoforge-2.0.1.0.jar
tensura	tensura:high_magisteel_axe	tensura.jar
tensura	tensura:high_magisteel_axe	tensura-neoforge-2.0.1.0.jar
tensura	tensura:high_magisteel_block	tensura.jar
tensura	tensura:high_magisteel_block	tensura-neoforge-2.0.1.0.jar
tensura	tensura:high_magisteel_bone_golem	tensura.jar
tensura	tensura:high_magisteel_bone_golem	tensura-neoforge-2.0.1.0.jar
tensura	tensura:high_magisteel_boots	tensura.jar
tensura	tensura:high_magisteel_boots	tensura-neoforge-2.0.1.0.jar
tensura	tensura:high_magisteel_chestplate	tensura.jar
tensura	tensura:high_magisteel_chestplate	tensura-neoforge-2.0.1.0.jar
tensura	tensura:high_magisteel_gear_schematic	tensura.jar
tensura	tensura:high_magisteel_gear_schematic	tensura-neoforge-2.0.1.0.jar
tensura	tensura:high_magisteel_great_sword	tensura.jar
tensura	tensura:high_magisteel_great_sword	tensura-neoforge-2.0.1.0.jar
tensura	tensura:high_magisteel_helmet	tensura.jar
tensura	tensura:high_magisteel_helmet	tensura-neoforge-2.0.1.0.jar
tensura	tensura:high_magisteel_hoe	tensura.jar
tensura	tensura:high_magisteel_hoe	tensura-neoforge-2.0.1.0.jar
tensura	tensura:high_magisteel_ingot	tensura.jar
tensura	tensura:high_magisteel_ingot	tensura-neoforge-2.0.1.0.jar
tensura	tensura:high_magisteel_katana	tensura.jar
tensura	tensura:high_magisteel_katana	tensura-neoforge-2.0.1.0.jar
tensura	tensura:high_magisteel_kodachi	tensura.jar
tensura	tensura:high_magisteel_kodachi	tensura-neoforge-2.0.1.0.jar
tensura	tensura:high_magisteel_leggings	tensura.jar
tensura	tensura:high_magisteel_leggings	tensura-neoforge-2.0.1.0.jar
tensura	tensura:high_magisteel_long_sword	tensura.jar
tensura	tensura:high_magisteel_long_sword	tensura-neoforge-2.0.1.0.jar
tensura	tensura:high_magisteel_nugget	tensura.jar
tensura	tensura:high_magisteel_nugget	tensura-neoforge-2.0.1.0.jar
tensura	tensura:high_magisteel_odachi	tensura.jar
tensura	tensura:high_magisteel_odachi	tensura-neoforge-2.0.1.0.jar
tensura	tensura:high_magisteel_pickaxe	tensura.jar
tensura	tensura:high_magisteel_pickaxe	tensura-neoforge-2.0.1.0.jar
tensura	tensura:high_magisteel_scythe	tensura.jar
tensura	tensura:high_magisteel_scythe	tensura-neoforge-2.0.1.0.jar
tensura	tensura:high_magisteel_short_sword	tensura.jar
tensura	tensura:high_magisteel_short_sword	tensura-neoforge-2.0.1.0.jar
tensura	tensura:high_magisteel_shovel	tensura.jar
tensura	tensura:high_magisteel_shovel	tensura-neoforge-2.0.1.0.jar
tensura	tensura:high_magisteel_sickle	tensura.jar
tensura	tensura:high_magisteel_sickle	tensura-neoforge-2.0.1.0.jar
tensura	tensura:high_magisteel_spear	tensura.jar
tensura	tensura:high_magisteel_spear	tensura-neoforge-2.0.1.0.jar
tensura	tensura:high_magisteel_spear_throwing	tensura.jar
tensura	tensura:high_magisteel_spear_throwing	tensura-neoforge-2.0.1.0.jar
tensura	tensura:high_magisteel_sword	tensura.jar
tensura	tensura:high_magisteel_sword	tensura-neoforge-2.0.1.0.jar
tensura	tensura:high_magisteel_tachi	tensura.jar
tensura	tensura:high_magisteel_tachi	tensura-neoforge-2.0.1.0.jar
tensura	tensura:high_potion	tensura.jar
tensura	tensura:high_potion	tensura-neoforge-2.0.1.0.jar
tensura	tensura:high_quality_magic_crystal	tensura.jar
tensura	tensura:high_quality_magic_crystal	tensura-neoforge-2.0.1.0.jar
tensura	tensura:high_quality_magic_crystal_block	tensura.jar
tensura	tensura:high_quality_magic_crystal_block	tensura-neoforge-2.0.1.0.jar
tensura	tensura:high_quality_magic_crystal_brick_slab	tensura.jar
tensura	tensura:high_quality_magic_crystal_brick_slab	tensura-neoforge-2.0.1.0.jar
tensura	tensura:high_quality_magic_crystal_brick_stairs	tensura.jar
tensura	tensura:high_quality_magic_crystal_brick_stairs	tensura-neoforge-2.0.1.0.jar
tensura	tensura:high_quality_magic_crystal_brick_wall	tensura.jar
tensura	tensura:high_quality_magic_crystal_brick_wall	tensura-neoforge-2.0.1.0.jar
tensura	tensura:high_quality_magic_crystal_bricks	tensura.jar
tensura	tensura:high_quality_magic_crystal_bricks	tensura-neoforge-2.0.1.0.jar
tensura	tensura:high_quality_magic_crystal_bricks_magic_engine	tensura.jar
tensura	tensura:high_quality_magic_crystal_bricks_magic_engine	tensura-neoforge-2.0.1.0.jar
tensura	tensura:high_quality_magic_crystal_slab	tensura.jar
tensura	tensura:high_quality_magic_crystal_slab	tensura-neoforge-2.0.1.0.jar
tensura	tensura:high_quality_magic_crystal_stairs	tensura.jar
tensura	tensura:high_quality_magic_crystal_stairs	tensura-neoforge-2.0.1.0.jar
tensura	tensura:hihiirokane_axe	tensura.jar
tensura	tensura:hihiirokane_axe	tensura-neoforge-2.0.1.0.jar
tensura	tensura:hihiirokane_axe_inactive	tensura.jar
tensura	tensura:hihiirokane_axe_inactive	tensura-neoforge-2.0.1.0.jar
tensura	tensura:hihiirokane_block	tensura.jar
tensura	tensura:hihiirokane_block	tensura-neoforge-2.0.1.0.jar
tensura	tensura:hihiirokane_bone_golem	tensura.jar
tensura	tensura:hihiirokane_bone_golem	tensura-neoforge-2.0.1.0.jar
tensura	tensura:hihiirokane_boots	tensura.jar
tensura	tensura:hihiirokane_boots	tensura-neoforge-2.0.1.0.jar
tensura	tensura:hihiirokane_chestplate	tensura.jar
tensura	tensura:hihiirokane_chestplate	tensura-neoforge-2.0.1.0.jar
tensura	tensura:hihiirokane_gear_schematic	tensura.jar
tensura	tensura:hihiirokane_gear_schematic	tensura-neoforge-2.0.1.0.jar
tensura	tensura:hihiirokane_great_sword	tensura.jar
tensura	tensura:hihiirokane_great_sword	tensura-neoforge-2.0.1.0.jar
tensura	tensura:hihiirokane_great_sword_inactive	tensura.jar
tensura	tensura:hihiirokane_great_sword_inactive	tensura-neoforge-2.0.1.0.jar
tensura	tensura:hihiirokane_helmet	tensura.jar
tensura	tensura:hihiirokane_helmet	tensura-neoforge-2.0.1.0.jar
tensura	tensura:hihiirokane_hoe	tensura.jar
tensura	tensura:hihiirokane_hoe	tensura-neoforge-2.0.1.0.jar
tensura	tensura:hihiirokane_hoe_inactive	tensura.jar
tensura	tensura:hihiirokane_hoe_inactive	tensura-neoforge-2.0.1.0.jar
tensura	tensura:hihiirokane_ingot	tensura.jar
tensura	tensura:hihiirokane_ingot	tensura-neoforge-2.0.1.0.jar
tensura	tensura:hihiirokane_katana	tensura.jar
tensura	tensura:hihiirokane_katana	tensura-neoforge-2.0.1.0.jar
tensura	tensura:hihiirokane_katana_inactive	tensura.jar
tensura	tensura:hihiirokane_katana_inactive	tensura-neoforge-2.0.1.0.jar
tensura	tensura:hihiirokane_kodachi	tensura.jar
tensura	tensura:hihiirokane_kodachi	tensura-neoforge-2.0.1.0.jar
tensura	tensura:hihiirokane_kodachi_inactive	tensura.jar
tensura	tensura:hihiirokane_kodachi_inactive	tensura-neoforge-2.0.1.0.jar
tensura	tensura:hihiirokane_leggings	tensura.jar
tensura	tensura:hihiirokane_leggings	tensura-neoforge-2.0.1.0.jar
tensura	tensura:hihiirokane_long_sword	tensura.jar
tensura	tensura:hihiirokane_long_sword	tensura-neoforge-2.0.1.0.jar
tensura	tensura:hihiirokane_long_sword_inactive	tensura.jar
tensura	tensura:hihiirokane_long_sword_inactive	tensura-neoforge-2.0.1.0.jar
tensura	tensura:hihiirokane_nugget	tensura.jar
tensura	tensura:hihiirokane_nugget	tensura-neoforge-2.0.1.0.jar
tensura	tensura:hihiirokane_odachi	tensura.jar
tensura	tensura:hihiirokane_odachi	tensura-neoforge-2.0.1.0.jar
tensura	tensura:hihiirokane_odachi_inactive	tensura.jar
tensura	tensura:hihiirokane_odachi_inactive	tensura-neoforge-2.0.1.0.jar
tensura	tensura:hihiirokane_pickaxe	tensura.jar
tensura	tensura:hihiirokane_pickaxe	tensura-neoforge-2.0.1.0.jar
tensura	tensura:hihiirokane_pickaxe_inactive	tensura.jar
tensura	tensura:hihiirokane_pickaxe_inactive	tensura-neoforge-2.0.1.0.jar
tensura	tensura:hihiirokane_scythe	tensura.jar
tensura	tensura:hihiirokane_scythe	tensura-neoforge-2.0.1.0.jar
tensura	tensura:hihiirokane_scythe_inactive	tensura.jar
tensura	tensura:hihiirokane_scythe_inactive	tensura-neoforge-2.0.1.0.jar
tensura	tensura:hihiirokane_short_sword	tensura.jar
tensura	tensura:hihiirokane_short_sword	tensura-neoforge-2.0.1.0.jar
tensura	tensura:hihiirokane_short_sword_inactive	tensura.jar
tensura	tensura:hihiirokane_short_sword_inactive	tensura-neoforge-2.0.1.0.jar
tensura	tensura:hihiirokane_shovel	tensura.jar
tensura	tensura:hihiirokane_shovel	tensura-neoforge-2.0.1.0.jar
tensura	tensura:hihiirokane_shovel_inactive	tensura.jar
tensura	tensura:hihiirokane_shovel_inactive	tensura-neoforge-2.0.1.0.jar
tensura	tensura:hihiirokane_sickle	tensura.jar
tensura	tensura:hihiirokane_sickle	tensura-neoforge-2.0.1.0.jar
tensura	tensura:hihiirokane_sickle_inactive	tensura.jar
tensura	tensura:hihiirokane_sickle_inactive	tensura-neoforge-2.0.1.0.jar
tensura	tensura:hihiirokane_spear	tensura.jar
tensura	tensura:hihiirokane_spear	tensura-neoforge-2.0.1.0.jar
tensura	tensura:hihiirokane_spear_inactive	tensura.jar
tensura	tensura:hihiirokane_spear_inactive	tensura-neoforge-2.0.1.0.jar
tensura	tensura:hihiirokane_spear_throwing	tensura.jar
tensura	tensura:hihiirokane_spear_throwing	tensura-neoforge-2.0.1.0.jar
tensura	tensura:hihiirokane_spear_throwing_inactive	tensura.jar
tensura	tensura:hihiirokane_spear_throwing_inactive	tensura-neoforge-2.0.1.0.jar
tensura	tensura:hihiirokane_sword	tensura.jar
tensura	tensura:hihiirokane_sword	tensura-neoforge-2.0.1.0.jar
tensura	tensura:hihiirokane_sword_inactive	tensura.jar
tensura	tensura:hihiirokane_sword_inactive	tensura-neoforge-2.0.1.0.jar
tensura	tensura:hihiirokane_tachi	tensura.jar
tensura	tensura:hihiirokane_tachi	tensura-neoforge-2.0.1.0.jar
tensura	tensura:hihiirokane_tachi_inactive	tensura.jar
tensura	tensura:hihiirokane_tachi_inactive	tensura-neoforge-2.0.1.0.jar
tensura	tensura:hipokute_flower	tensura.jar
tensura	tensura:hipokute_flower	tensura-neoforge-2.0.1.0.jar
tensura	tensura:hipokute_grass	tensura.jar
tensura	tensura:hipokute_grass	tensura-neoforge-2.0.1.0.jar
tensura	tensura:hipokute_seeds	tensura.jar
tensura	tensura:hipokute_seeds	tensura-neoforge-2.0.1.0.jar
tensura	tensura:holy_armaments_boots	tensura.jar
tensura	tensura:holy_armaments_boots	tensura-neoforge-2.0.1.0.jar
tensura	tensura:holy_armaments_chestplate	tensura.jar
tensura	tensura:holy_armaments_chestplate	tensura-neoforge-2.0.1.0.jar
tensura	tensura:holy_armaments_leggings	tensura.jar
tensura	tensura:holy_armaments_leggings	tensura-neoforge-2.0.1.0.jar
tensura	tensura:hunting_knife_schematic	tensura.jar
tensura	tensura:hunting_knife_schematic	tensura-neoforge-2.0.1.0.jar
tensura	tensura:ice_blade	tensura.jar
tensura	tensura:ice_blade	tensura-neoforge-2.0.1.0.jar
tensura	tensura:ice_blade_gui	tensura.jar
tensura	tensura:ice_blade_gui	tensura-neoforge-2.0.1.0.jar
tensura	tensura:insectar_carapace	tensura.jar
tensura	tensura:insectar_carapace	tensura-neoforge-2.0.1.0.jar
tensura	tensura:invisible_arrow	tensura.jar
tensura	tensura:invisible_arrow	tensura-neoforge-2.0.1.0.jar
tensura	tensura:invisible_feather	tensura.jar
tensura	tensura:invisible_feather	tensura-neoforge-2.0.1.0.jar
tensura	tensura:iron_gear_schematic	tensura.jar
tensura	tensura:iron_gear_schematic	tensura-neoforge-2.0.1.0.jar
tensura	tensura:iron_great_sword	tensura.jar
tensura	tensura:iron_great_sword	tensura-neoforge-2.0.1.0.jar
tensura	tensura:iron_katana	tensura.jar
tensura	tensura:iron_katana	tensura-neoforge-2.0.1.0.jar
tensura	tensura:iron_kodachi	tensura.jar
tensura	tensura:iron_kodachi	tensura-neoforge-2.0.1.0.jar
tensura	tensura:iron_long_sword	tensura.jar
tensura	tensura:iron_long_sword	tensura-neoforge-2.0.1.0.jar
tensura	tensura:iron_odachi	tensura.jar
tensura	tensura:iron_odachi	tensura-neoforge-2.0.1.0.jar
tensura	tensura:iron_scythe	tensura.jar
tensura	tensura:iron_scythe	tensura-neoforge-2.0.1.0.jar
tensura	tensura:iron_short_sword	tensura.jar
tensura	tensura:iron_short_sword	tensura-neoforge-2.0.1.0.jar
tensura	tensura:iron_sickle	tensura.jar
tensura	tensura:iron_sickle	tensura-neoforge-2.0.1.0.jar
tensura	tensura:iron_spear	tensura.jar
tensura	tensura:iron_spear	tensura-neoforge-2.0.1.0.jar
tensura	tensura:iron_spear_throwing	tensura.jar
tensura	tensura:iron_spear_throwing	tensura-neoforge-2.0.1.0.jar
tensura	tensura:iron_tachi	tensura.jar
tensura	tensura:iron_tachi	tensura-neoforge-2.0.1.0.jar
tensura	tensura:japanese_sword_schematic	tensura.jar
tensura	tensura:japanese_sword_schematic	tensura-neoforge-2.0.1.0.jar
tensura	tensura:jungle_tool_rack	tensura.jar
tensura	tensura:jungle_tool_rack	tensura-neoforge-2.0.1.0.jar
tensura	tensura:kanabo	tensura.jar
tensura	tensura:kanabo	tensura-neoforge-2.0.1.0.jar
tensura	tensura:kiln	tensura.jar
tensura	tensura:kiln	tensura-neoforge-2.0.1.0.jar
tensura	tensura:kiln_mithril	tensura.jar
tensura	tensura:kiln_mithril	tensura-neoforge-2.0.1.0.jar
tensura	tensura:kiln_orichalcum	tensura.jar
tensura	tensura:kiln_orichalcum	tensura-neoforge-2.0.1.0.jar
tensura	tensura:knight_spider_carapace	tensura.jar
tensura	tensura:knight_spider_carapace	tensura-neoforge-2.0.1.0.jar
tensura	tensura:knight_spider_carapace_boots	tensura.jar
tensura	tensura:knight_spider_carapace_boots	tensura-neoforge-2.0.1.0.jar
tensura	tensura:knight_spider_carapace_boots_amethyst_trim	tensura.jar
tensura	tensura:knight_spider_carapace_boots_amethyst_trim	tensura-neoforge-2.0.1.0.jar
tensura	tensura:knight_spider_carapace_boots_copper_trim	tensura.jar
tensura	tensura:knight_spider_carapace_boots_copper_trim	tensura-neoforge-2.0.1.0.jar
tensura	tensura:knight_spider_carapace_boots_diamond_trim	tensura.jar
tensura	tensura:knight_spider_carapace_boots_diamond_trim	tensura-neoforge-2.0.1.0.jar
tensura	tensura:knight_spider_carapace_boots_emerald_trim	tensura.jar
tensura	tensura:knight_spider_carapace_boots_emerald_trim	tensura-neoforge-2.0.1.0.jar
tensura	tensura:knight_spider_carapace_boots_gold_trim	tensura.jar
tensura	tensura:knight_spider_carapace_boots_gold_trim	tensura-neoforge-2.0.1.0.jar
tensura	tensura:knight_spider_carapace_boots_iron_trim	tensura.jar
tensura	tensura:knight_spider_carapace_boots_iron_trim	tensura-neoforge-2.0.1.0.jar
tensura	tensura:knight_spider_carapace_boots_lapis_trim	tensura.jar
tensura	tensura:knight_spider_carapace_boots_lapis_trim	tensura-neoforge-2.0.1.0.jar
tensura	tensura:knight_spider_carapace_boots_netherite_trim	tensura.jar
tensura	tensura:knight_spider_carapace_boots_netherite_trim	tensura-neoforge-2.0.1.0.jar
tensura	tensura:knight_spider_carapace_boots_quartz_trim	tensura.jar
tensura	tensura:knight_spider_carapace_boots_quartz_trim	tensura-neoforge-2.0.1.0.jar
tensura	tensura:knight_spider_carapace_boots_redstone_trim	tensura.jar
tensura	tensura:knight_spider_carapace_boots_redstone_trim	tensura-neoforge-2.0.1.0.jar
tensura	tensura:knight_spider_carapace_chestplate	tensura.jar
tensura	tensura:knight_spider_carapace_chestplate	tensura-neoforge-2.0.1.0.jar
tensura	tensura:knight_spider_carapace_chestplate_amethyst_trim	tensura.jar
tensura	tensura:knight_spider_carapace_chestplate_amethyst_trim	tensura-neoforge-2.0.1.0.jar
tensura	tensura:knight_spider_carapace_chestplate_copper_trim	tensura.jar
tensura	tensura:knight_spider_carapace_chestplate_copper_trim	tensura-neoforge-2.0.1.0.jar
tensura	tensura:knight_spider_carapace_chestplate_diamond_trim	tensura.jar
tensura	tensura:knight_spider_carapace_chestplate_diamond_trim	tensura-neoforge-2.0.1.0.jar
tensura	tensura:knight_spider_carapace_chestplate_emerald_trim	tensura.jar
tensura	tensura:knight_spider_carapace_chestplate_emerald_trim	tensura-neoforge-2.0.1.0.jar
tensura	tensura:knight_spider_carapace_chestplate_gold_trim	tensura.jar
tensura	tensura:knight_spider_carapace_chestplate_gold_trim	tensura-neoforge-2.0.1.0.jar
tensura	tensura:knight_spider_carapace_chestplate_iron_trim	tensura.jar
tensura	tensura:knight_spider_carapace_chestplate_iron_trim	tensura-neoforge-2.0.1.0.jar
tensura	tensura:knight_spider_carapace_chestplate_lapis_trim	tensura.jar
tensura	tensura:knight_spider_carapace_chestplate_lapis_trim	tensura-neoforge-2.0.1.0.jar
tensura	tensura:knight_spider_carapace_chestplate_netherite_trim	tensura.jar
tensura	tensura:knight_spider_carapace_chestplate_netherite_trim	tensura-neoforge-2.0.1.0.jar
tensura	tensura:knight_spider_carapace_chestplate_quartz_trim	tensura.jar
tensura	tensura:knight_spider_carapace_chestplate_quartz_trim	tensura-neoforge-2.0.1.0.jar
tensura	tensura:knight_spider_carapace_chestplate_redstone_trim	tensura.jar
tensura	tensura:knight_spider_carapace_chestplate_redstone_trim	tensura-neoforge-2.0.1.0.jar
tensura	tensura:knight_spider_carapace_gear_schematic	tensura.jar
tensura	tensura:knight_spider_carapace_gear_schematic	tensura-neoforge-2.0.1.0.jar
tensura	tensura:knight_spider_carapace_helmet	tensura.jar
tensura	tensura:knight_spider_carapace_helmet	tensura-neoforge-2.0.1.0.jar
tensura	tensura:knight_spider_carapace_helmet_amethyst_trim	tensura.jar
tensura	tensura:knight_spider_carapace_helmet_amethyst_trim	tensura-neoforge-2.0.1.0.jar
tensura	tensura:knight_spider_carapace_helmet_copper_trim	tensura.jar
tensura	tensura:knight_spider_carapace_helmet_copper_trim	tensura-neoforge-2.0.1.0.jar
tensura	tensura:knight_spider_carapace_helmet_diamond_trim	tensura.jar
tensura	tensura:knight_spider_carapace_helmet_diamond_trim	tensura-neoforge-2.0.1.0.jar
tensura	tensura:knight_spider_carapace_helmet_emerald_trim	tensura.jar
tensura	tensura:knight_spider_carapace_helmet_emerald_trim	tensura-neoforge-2.0.1.0.jar
tensura	tensura:knight_spider_carapace_helmet_gold_trim	tensura.jar
tensura	tensura:knight_spider_carapace_helmet_gold_trim	tensura-neoforge-2.0.1.0.jar
tensura	tensura:knight_spider_carapace_helmet_iron_trim	tensura.jar
tensura	tensura:knight_spider_carapace_helmet_iron_trim	tensura-neoforge-2.0.1.0.jar
tensura	tensura:knight_spider_carapace_helmet_lapis_trim	tensura.jar
tensura	tensura:knight_spider_carapace_helmet_lapis_trim	tensura-neoforge-2.0.1.0.jar
tensura	tensura:knight_spider_carapace_helmet_netherite_trim	tensura.jar
tensura	tensura:knight_spider_carapace_helmet_netherite_trim	tensura-neoforge-2.0.1.0.jar
tensura	tensura:knight_spider_carapace_helmet_quartz_trim	tensura.jar
tensura	tensura:knight_spider_carapace_helmet_quartz_trim	tensura-neoforge-2.0.1.0.jar
tensura	tensura:knight_spider_carapace_helmet_redstone_trim	tensura.jar
tensura	tensura:knight_spider_carapace_helmet_redstone_trim	tensura-neoforge-2.0.1.0.jar
tensura	tensura:knight_spider_carapace_leggings	tensura.jar
tensura	tensura:knight_spider_carapace_leggings	tensura-neoforge-2.0.1.0.jar
tensura	tensura:knight_spider_carapace_leggings_amethyst_trim	tensura.jar
tensura	tensura:knight_spider_carapace_leggings_amethyst_trim	tensura-neoforge-2.0.1.0.jar
tensura	tensura:knight_spider_carapace_leggings_copper_trim	tensura.jar
tensura	tensura:knight_spider_carapace_leggings_copper_trim	tensura-neoforge-2.0.1.0.jar
tensura	tensura:knight_spider_carapace_leggings_diamond_trim	tensura.jar
tensura	tensura:knight_spider_carapace_leggings_diamond_trim	tensura-neoforge-2.0.1.0.jar
tensura	tensura:knight_spider_carapace_leggings_emerald_trim	tensura.jar
tensura	tensura:knight_spider_carapace_leggings_emerald_trim	tensura-neoforge-2.0.1.0.jar
tensura	tensura:knight_spider_carapace_leggings_gold_trim	tensura.jar
tensura	tensura:knight_spider_carapace_leggings_gold_trim	tensura-neoforge-2.0.1.0.jar
tensura	tensura:knight_spider_carapace_leggings_iron_trim	tensura.jar
tensura	tensura:knight_spider_carapace_leggings_iron_trim	tensura-neoforge-2.0.1.0.jar
tensura	tensura:knight_spider_carapace_leggings_lapis_trim	tensura.jar
tensura	tensura:knight_spider_carapace_leggings_lapis_trim	tensura-neoforge-2.0.1.0.jar
tensura	tensura:knight_spider_carapace_leggings_netherite_trim	tensura.jar
tensura	tensura:knight_spider_carapace_leggings_netherite_trim	tensura-neoforge-2.0.1.0.jar
tensura	tensura:knight_spider_carapace_leggings_quartz_trim	tensura.jar
tensura	tensura:knight_spider_carapace_leggings_quartz_trim	tensura-neoforge-2.0.1.0.jar
tensura	tensura:knight_spider_carapace_leggings_redstone_trim	tensura.jar
tensura	tensura:knight_spider_carapace_leggings_redstone_trim	tensura-neoforge-2.0.1.0.jar
tensura	tensura:knight_spider_leg	tensura.jar
tensura	tensura:knight_spider_leg	tensura-neoforge-2.0.1.0.jar
tensura	tensura:kunai	tensura.jar
tensura	tensura:kunai	tensura-neoforge-2.0.1.0.jar
tensura	tensura:kunai_schematic	tensura.jar
tensura	tensura:kunai_schematic	tensura-neoforge-2.0.1.0.jar
tensura	tensura:labyrinth_barrier_block	tensura.jar
tensura	tensura:labyrinth_barrier_block	tensura-neoforge-2.0.1.0.jar
tensura	tensura:labyrinth_brick_slab	tensura.jar
tensura	tensura:labyrinth_brick_slab	tensura-neoforge-2.0.1.0.jar
tensura	tensura:labyrinth_brick_stairs	tensura.jar
tensura	tensura:labyrinth_brick_stairs	tensura-neoforge-2.0.1.0.jar
tensura	tensura:labyrinth_brick_warp_pad	tensura.jar
tensura	tensura:labyrinth_brick_warp_pad	tensura-neoforge-2.0.1.0.jar
tensura	tensura:labyrinth_bricks	tensura.jar
tensura	tensura:labyrinth_bricks	tensura-neoforge-2.0.1.0.jar
tensura	tensura:labyrinth_bricks_bl	tensura.jar
tensura	tensura:labyrinth_bricks_bl	tensura-neoforge-2.0.1.0.jar
tensura	tensura:labyrinth_bricks_br	tensura.jar
tensura	tensura:labyrinth_bricks_br	tensura-neoforge-2.0.1.0.jar
tensura	tensura:labyrinth_bricks_magic_engine	tensura.jar
tensura	tensura:labyrinth_bricks_magic_engine	tensura-neoforge-2.0.1.0.jar
tensura	tensura:labyrinth_bricks_tl	tensura.jar
tensura	tensura:labyrinth_bricks_tl	tensura-neoforge-2.0.1.0.jar
tensura	tensura:labyrinth_bricks_tr	tensura.jar
tensura	tensura:labyrinth_bricks_tr	tensura-neoforge-2.0.1.0.jar
tensura	tensura:labyrinth_crystal	tensura.jar
tensura	tensura:labyrinth_crystal	tensura-neoforge-2.0.1.0.jar
tensura	tensura:labyrinth_lamp	tensura.jar
tensura	tensura:labyrinth_lamp	tensura-neoforge-2.0.1.0.jar
tensura	tensura:labyrinth_lamp_bl	tensura.jar
tensura	tensura:labyrinth_lamp_bl	tensura-neoforge-2.0.1.0.jar
tensura	tensura:labyrinth_lamp_br	tensura.jar
tensura	tensura:labyrinth_lamp_br	tensura-neoforge-2.0.1.0.jar
tensura	tensura:labyrinth_lamp_tl	tensura.jar
tensura	tensura:labyrinth_lamp_tl	tensura-neoforge-2.0.1.0.jar
tensura	tensura:labyrinth_lamp_tr	tensura.jar
tensura	tensura:labyrinth_lamp_tr	tensura-neoforge-2.0.1.0.jar
tensura	tensura:labyrinth_light_path	tensura.jar
tensura	tensura:labyrinth_light_path	tensura-neoforge-2.0.1.0.jar
tensura	tensura:labyrinth_light_path_slab	tensura.jar
tensura	tensura:labyrinth_light_path_slab	tensura-neoforge-2.0.1.0.jar
tensura	tensura:labyrinth_light_path_stairs	tensura.jar
tensura	tensura:labyrinth_light_path_stairs	tensura-neoforge-2.0.1.0.jar
tensura	tensura:labyrinth_lit_lamp	tensura.jar
tensura	tensura:labyrinth_lit_lamp	tensura-neoforge-2.0.1.0.jar
tensura	tensura:labyrinth_lit_lamp_bl	tensura.jar
tensura	tensura:labyrinth_lit_lamp_bl	tensura-neoforge-2.0.1.0.jar
tensura	tensura:labyrinth_lit_lamp_br	tensura.jar
tensura	tensura:labyrinth_lit_lamp_br	tensura-neoforge-2.0.1.0.jar
tensura	tensura:labyrinth_lit_lamp_tl	tensura.jar
tensura	tensura:labyrinth_lit_lamp_tl	tensura-neoforge-2.0.1.0.jar
tensura	tensura:labyrinth_lit_lamp_tr	tensura.jar
tensura	tensura:labyrinth_lit_lamp_tr	tensura-neoforge-2.0.1.0.jar
tensura	tensura:labyrinth_portal	tensura.jar
tensura	tensura:labyrinth_portal	tensura-neoforge-2.0.1.0.jar
tensura	tensura:labyrinth_praying_path	tensura.jar
tensura	tensura:labyrinth_praying_path	tensura-neoforge-2.0.1.0.jar
tensura	tensura:labyrinth_stone	tensura.jar
tensura	tensura:labyrinth_stone	tensura-neoforge-2.0.1.0.jar
tensura	tensura:labyrinth_stone_bl	tensura.jar
tensura	tensura:labyrinth_stone_bl	tensura-neoforge-2.0.1.0.jar
tensura	tensura:labyrinth_stone_br	tensura.jar
tensura	tensura:labyrinth_stone_br	tensura-neoforge-2.0.1.0.jar
tensura	tensura:labyrinth_stone_slab	tensura.jar
tensura	tensura:labyrinth_stone_slab	tensura-neoforge-2.0.1.0.jar
tensura	tensura:labyrinth_stone_stairs	tensura.jar
tensura	tensura:labyrinth_stone_stairs	tensura-neoforge-2.0.1.0.jar
tensura	tensura:labyrinth_stone_tl	tensura.jar
tensura	tensura:labyrinth_stone_tl	tensura-neoforge-2.0.1.0.jar
tensura	tensura:labyrinth_stone_tr	tensura.jar
tensura	tensura:labyrinth_stone_tr	tensura-neoforge-2.0.1.0.jar
tensura	tensura:leather_gear_schematic	tensura.jar
tensura	tensura:leather_gear_schematic	tensura-neoforge-2.0.1.0.jar
tensura	tensura:long_bow	tensura.jar
tensura	tensura:long_bow	tensura-neoforge-2.0.1.0.jar
tensura	tensura:long_bow_handheld	tensura.jar
tensura	tensura:long_bow_handheld	tensura-neoforge-2.0.1.0.jar
tensura	tensura:long_bow_pulling_0	tensura.jar
tensura	tensura:long_bow_pulling_0	tensura-neoforge-2.0.1.0.jar
tensura	tensura:long_bow_pulling_1	tensura.jar
tensura	tensura:long_bow_pulling_1	tensura-neoforge-2.0.1.0.jar
tensura	tensura:long_bow_pulling_2	tensura.jar
tensura	tensura:long_bow_pulling_2	tensura-neoforge-2.0.1.0.jar
tensura	tensura:long_spider_bow	tensura.jar
tensura	tensura:long_spider_bow	tensura-neoforge-2.0.1.0.jar
tensura	tensura:long_spider_bow_pulling_0	tensura.jar
tensura	tensura:long_spider_bow_pulling_0	tensura-neoforge-2.0.1.0.jar
tensura	tensura:long_spider_bow_pulling_1	tensura.jar
tensura	tensura:long_spider_bow_pulling_1	tensura-neoforge-2.0.1.0.jar
tensura	tensura:long_spider_bow_pulling_2	tensura.jar
tensura	tensura:long_spider_bow_pulling_2	tensura-neoforge-2.0.1.0.jar
tensura	tensura:long_sword_handheld	tensura.jar
tensura	tensura:long_sword_handheld	tensura-neoforge-2.0.1.0.jar
tensura	tensura:long_sword_schematic	tensura.jar
tensura	tensura:long_sword_schematic	tensura-neoforge-2.0.1.0.jar
tensura	tensura:loom	tensura.jar
tensura	tensura:loom	tensura-neoforge-2.0.1.0.jar
tensura	tensura:loose_dirt	tensura.jar
tensura	tensura:loose_dirt	tensura-neoforge-2.0.1.0.jar
tensura	tensura:loose_gravel	tensura.jar
tensura	tensura:loose_gravel	tensura-neoforge-2.0.1.0.jar
tensura	tensura:low_arcane_potion	tensura.jar
tensura	tensura:low_arcane_potion	tensura-neoforge-2.0.1.0.jar
tensura	tensura:low_magic_staff	tensura.jar
tensura	tensura:low_magic_staff	tensura-neoforge-2.0.1.0.jar
tensura	tensura:low_magic_staff_gui	tensura.jar
tensura	tensura:low_magic_staff_gui	tensura-neoforge-2.0.1.0.jar
tensura	tensura:low_magisteel_axe	tensura.jar
tensura	tensura:low_magisteel_axe	tensura-neoforge-2.0.1.0.jar
tensura	tensura:low_magisteel_block	tensura.jar
tensura	tensura:low_magisteel_block	tensura-neoforge-2.0.1.0.jar
tensura	tensura:low_magisteel_bone_golem	tensura.jar
tensura	tensura:low_magisteel_bone_golem	tensura-neoforge-2.0.1.0.jar
tensura	tensura:low_magisteel_boots	tensura.jar
tensura	tensura:low_magisteel_boots	tensura-neoforge-2.0.1.0.jar
tensura	tensura:low_magisteel_chestplate	tensura.jar
tensura	tensura:low_magisteel_chestplate	tensura-neoforge-2.0.1.0.jar
tensura	tensura:low_magisteel_gear_schematic	tensura.jar
tensura	tensura:low_magisteel_gear_schematic	tensura-neoforge-2.0.1.0.jar
tensura	tensura:low_magisteel_great_sword	tensura.jar
tensura	tensura:low_magisteel_great_sword	tensura-neoforge-2.0.1.0.jar
tensura	tensura:low_magisteel_helmet	tensura.jar
tensura	tensura:low_magisteel_helmet	tensura-neoforge-2.0.1.0.jar
tensura	tensura:low_magisteel_hoe	tensura.jar
tensura	tensura:low_magisteel_hoe	tensura-neoforge-2.0.1.0.jar
tensura	tensura:low_magisteel_ingot	tensura.jar
tensura	tensura:low_magisteel_ingot	tensura-neoforge-2.0.1.0.jar
tensura	tensura:low_magisteel_katana	tensura.jar
tensura	tensura:low_magisteel_katana	tensura-neoforge-2.0.1.0.jar
tensura	tensura:low_magisteel_kodachi	tensura.jar
tensura	tensura:low_magisteel_kodachi	tensura-neoforge-2.0.1.0.jar
tensura	tensura:low_magisteel_leggings	tensura.jar
tensura	tensura:low_magisteel_leggings	tensura-neoforge-2.0.1.0.jar
tensura	tensura:low_magisteel_long_sword	tensura.jar
tensura	tensura:low_magisteel_long_sword	tensura-neoforge-2.0.1.0.jar
tensura	tensura:low_magisteel_nugget	tensura.jar
tensura	tensura:low_magisteel_nugget	tensura-neoforge-2.0.1.0.jar
tensura	tensura:low_magisteel_odachi	tensura.jar
tensura	tensura:low_magisteel_odachi	tensura-neoforge-2.0.1.0.jar
tensura	tensura:low_magisteel_pickaxe	tensura.jar
tensura	tensura:low_magisteel_pickaxe	tensura-neoforge-2.0.1.0.jar
tensura	tensura:low_magisteel_scythe	tensura.jar
tensura	tensura:low_magisteel_scythe	tensura-neoforge-2.0.1.0.jar
tensura	tensura:low_magisteel_short_sword	tensura.jar
tensura	tensura:low_magisteel_short_sword	tensura-neoforge-2.0.1.0.jar
tensura	tensura:low_magisteel_shovel	tensura.jar
tensura	tensura:low_magisteel_shovel	tensura-neoforge-2.0.1.0.jar
tensura	tensura:low_magisteel_sickle	tensura.jar
tensura	tensura:low_magisteel_sickle	tensura-neoforge-2.0.1.0.jar
tensura	tensura:low_magisteel_spear	tensura.jar
tensura	tensura:low_magisteel_spear	tensura-neoforge-2.0.1.0.jar
tensura	tensura:low_magisteel_spear_throwing	tensura.jar
tensura	tensura:low_magisteel_spear_throwing	tensura-neoforge-2.0.1.0.jar
tensura	tensura:low_magisteel_sword	tensura.jar
tensura	tensura:low_magisteel_sword	tensura-neoforge-2.0.1.0.jar
tensura	tensura:low_magisteel_tachi	tensura.jar
tensura	tensura:low_magisteel_tachi	tensura-neoforge-2.0.1.0.jar
tensura	tensura:low_potion	tensura.jar
tensura	tensura:low_potion	tensura-neoforge-2.0.1.0.jar
tensura	tensura:low_quality_magic_crystal	tensura.jar
tensura	tensura:low_quality_magic_crystal	tensura-neoforge-2.0.1.0.jar
tensura	tensura:low_quality_magic_crystal_block	tensura.jar
tensura	tensura:low_quality_magic_crystal_block	tensura-neoforge-2.0.1.0.jar
tensura	tensura:low_quality_magic_crystal_brick_slab	tensura.jar
tensura	tensura:low_quality_magic_crystal_brick_slab	tensura-neoforge-2.0.1.0.jar
tensura	tensura:low_quality_magic_crystal_brick_stairs	tensura.jar
tensura	tensura:low_quality_magic_crystal_brick_stairs	tensura-neoforge-2.0.1.0.jar
tensura	tensura:low_quality_magic_crystal_brick_wall	tensura.jar
tensura	tensura:low_quality_magic_crystal_brick_wall	tensura-neoforge-2.0.1.0.jar
tensura	tensura:low_quality_magic_crystal_bricks	tensura.jar
tensura	tensura:low_quality_magic_crystal_bricks	tensura-neoforge-2.0.1.0.jar
tensura	tensura:low_quality_magic_crystal_bricks_magic_engine	tensura.jar
tensura	tensura:low_quality_magic_crystal_bricks_magic_engine	tensura-neoforge-2.0.1.0.jar
tensura	tensura:low_quality_magic_crystal_slab	tensura.jar
tensura	tensura:low_quality_magic_crystal_slab	tensura-neoforge-2.0.1.0.jar
tensura	tensura:low_quality_magic_crystal_stairs	tensura.jar
tensura	tensura:low_quality_magic_crystal_stairs	tensura-neoforge-2.0.1.0.jar
tensura	tensura:magic_bottle	tensura.jar
tensura	tensura:magic_bottle	tensura-neoforge-2.0.1.0.jar
tensura	tensura:magic_bottle_of_water	tensura.jar
tensura	tensura:magic_bottle_of_water	tensura-neoforge-2.0.1.0.jar
tensura	tensura:magic_ore	tensura.jar
tensura	tensura:magic_ore	tensura-neoforge-2.0.1.0.jar
tensura	tensura:magic_ore_block	tensura.jar
tensura	tensura:magic_ore_block	tensura-neoforge-2.0.1.0.jar
tensura	tensura:magic_ore_shard	tensura.jar
tensura	tensura:magic_ore_shard	tensura-neoforge-2.0.1.0.jar
tensura	tensura:magic_staff_schematic	tensura.jar
tensura	tensura:magic_staff_schematic	tensura-neoforge-2.0.1.0.jar
tensura	tensura:magic_stone	tensura.jar
tensura	tensura:magic_stone	tensura-neoforge-2.0.1.0.jar
tensura	tensura:magic_tome	tensura.jar
tensura	tensura:magic_tome	tensura-neoforge-2.0.1.0.jar
tensura	tensura:magic_tome_barrier	tensura.jar
tensura	tensura:magic_tome_barrier	tensura-neoforge-2.0.1.0.jar
tensura	tensura:magic_tome_earth	tensura.jar
tensura	tensura:magic_tome_earth	tensura-neoforge-2.0.1.0.jar
tensura	tensura:magic_tome_enhancement	tensura.jar
tensura	tensura:magic_tome_enhancement	tensura-neoforge-2.0.1.0.jar
tensura	tensura:magic_tome_explosion	tensura.jar
tensura	tensura:magic_tome_explosion	tensura-neoforge-2.0.1.0.jar
tensura	tensura:magic_tome_fire	tensura.jar
tensura	tensura:magic_tome_fire	tensura-neoforge-2.0.1.0.jar
tensura	tensura:magic_tome_gravity	tensura.jar
tensura	tensura:magic_tome_gravity	tensura-neoforge-2.0.1.0.jar
tensura	tensura:magic_tome_ice	tensura.jar
tensura	tensura:magic_tome_ice	tensura-neoforge-2.0.1.0.jar
tensura	tensura:magic_tome_illusion	tensura.jar
tensura	tensura:magic_tome_illusion	tensura-neoforge-2.0.1.0.jar
tensura	tensura:magic_tome_lightning	tensura.jar
tensura	tensura:magic_tome_lightning	tensura-neoforge-2.0.1.0.jar
tensura	tensura:magic_tome_mental	tensura.jar
tensura	tensura:magic_tome_mental	tensura-neoforge-2.0.1.0.jar
tensura	tensura:magic_tome_misc	tensura.jar
tensura	tensura:magic_tome_misc	tensura-neoforge-2.0.1.0.jar
tensura	tensura:magic_tome_necromancy	tensura.jar
tensura	tensura:magic_tome_necromancy	tensura-neoforge-2.0.1.0.jar
tensura	tensura:magic_tome_recovery	tensura.jar
tensura	tensura:magic_tome_recovery	tensura-neoforge-2.0.1.0.jar
tensura	tensura:magic_tome_space	tensura.jar
tensura	tensura:magic_tome_space	tensura-neoforge-2.0.1.0.jar
tensura	tensura:magic_tome_summoning	tensura.jar
tensura	tensura:magic_tome_summoning	tensura-neoforge-2.0.1.0.jar
tensura	tensura:magic_tome_water	tensura.jar
tensura	tensura:magic_tome_water	tensura-neoforge-2.0.1.0.jar
tensura	tensura:magic_tome_wind	tensura.jar
tensura	tensura:magic_tome_wind	tensura-neoforge-2.0.1.0.jar
tensura	tensura:mangrove_tool_rack	tensura.jar
tensura	tensura:mangrove_tool_rack	tensura-neoforge-2.0.1.0.jar
tensura	tensura:marionette_heart	tensura.jar
tensura	tensura:marionette_heart	tensura-neoforge-2.0.1.0.jar
tensura	tensura:meat_crusher	tensura.jar
tensura	tensura:meat_crusher	tensura-neoforge-2.0.1.0.jar
tensura	tensura:meat_crusher_gui	tensura.jar
tensura	tensura:meat_crusher_gui	tensura-neoforge-2.0.1.0.jar
tensura	tensura:medium_arcane_potion	tensura.jar
tensura	tensura:medium_arcane_potion	tensura-neoforge-2.0.1.0.jar
tensura	tensura:medium_magic_staff	tensura.jar
tensura	tensura:medium_magic_staff	tensura-neoforge-2.0.1.0.jar
tensura	tensura:medium_magic_staff_gui	tensura.jar
tensura	tensura:medium_magic_staff_gui	tensura-neoforge-2.0.1.0.jar
tensura	tensura:medium_quality_magic_crystal	tensura.jar
tensura	tensura:medium_quality_magic_crystal	tensura-neoforge-2.0.1.0.jar
tensura	tensura:medium_quality_magic_crystal_block	tensura.jar
tensura	tensura:medium_quality_magic_crystal_block	tensura-neoforge-2.0.1.0.jar
tensura	tensura:medium_quality_magic_crystal_brick_slab	tensura.jar
tensura	tensura:medium_quality_magic_crystal_brick_slab	tensura-neoforge-2.0.1.0.jar
tensura	tensura:medium_quality_magic_crystal_brick_stairs	tensura.jar
tensura	tensura:medium_quality_magic_crystal_brick_stairs	tensura-neoforge-2.0.1.0.jar
tensura	tensura:medium_quality_magic_crystal_brick_wall	tensura.jar
tensura	tensura:medium_quality_magic_crystal_brick_wall	tensura-neoforge-2.0.1.0.jar
tensura	tensura:medium_quality_magic_crystal_bricks	tensura.jar
tensura	tensura:medium_quality_magic_crystal_bricks	tensura-neoforge-2.0.1.0.jar
tensura	tensura:medium_quality_magic_crystal_bricks_magic_engine	tensura.jar
tensura	tensura:medium_quality_magic_crystal_bricks_magic_engine	tensura-neoforge-2.0.1.0.jar
tensura	tensura:medium_quality_magic_crystal_stairs	tensura.jar
tensura	tensura:medium_quality_magic_crystal_stairs	tensura-neoforge-2.0.1.0.jar
tensura	tensura:meidum_quality_magic_crystal_slab	tensura.jar
tensura	tensura:meidum_quality_magic_crystal_slab	tensura-neoforge-2.0.1.0.jar
tensura	tensura:metal_slime_in_a_bucket	tensura.jar
tensura	tensura:metal_slime_in_a_bucket	tensura-neoforge-2.0.1.0.jar
tensura	tensura:mining_station	tensura.jar
tensura	tensura:mining_station	tensura-neoforge-2.0.1.0.jar
tensura	tensura:mithril_axe	tensura.jar
tensura	tensura:mithril_axe	tensura-neoforge-2.0.1.0.jar
tensura	tensura:mithril_block	tensura.jar
tensura	tensura:mithril_block	tensura-neoforge-2.0.1.0.jar
tensura	tensura:mithril_bone_golem	tensura.jar
tensura	tensura:mithril_bone_golem	tensura-neoforge-2.0.1.0.jar
tensura	tensura:mithril_boots	tensura.jar
tensura	tensura:mithril_boots	tensura-neoforge-2.0.1.0.jar
tensura	tensura:mithril_chestplate	tensura.jar
tensura	tensura:mithril_chestplate	tensura-neoforge-2.0.1.0.jar
tensura	tensura:mithril_gear_schematic	tensura.jar
tensura	tensura:mithril_gear_schematic	tensura-neoforge-2.0.1.0.jar
tensura	tensura:mithril_great_sword	tensura.jar
tensura	tensura:mithril_great_sword	tensura-neoforge-2.0.1.0.jar
tensura	tensura:mithril_helmet	tensura.jar
tensura	tensura:mithril_helmet	tensura-neoforge-2.0.1.0.jar
tensura	tensura:mithril_hoe	tensura.jar
tensura	tensura:mithril_hoe	tensura-neoforge-2.0.1.0.jar
tensura	tensura:mithril_ingot	tensura.jar
tensura	tensura:mithril_ingot	tensura-neoforge-2.0.1.0.jar
tensura	tensura:mithril_katana	tensura.jar
tensura	tensura:mithril_katana	tensura-neoforge-2.0.1.0.jar
tensura	tensura:mithril_kodachi	tensura.jar
tensura	tensura:mithril_kodachi	tensura-neoforge-2.0.1.0.jar
tensura	tensura:mithril_leggings	tensura.jar
tensura	tensura:mithril_leggings	tensura-neoforge-2.0.1.0.jar
tensura	tensura:mithril_long_sword	tensura.jar
tensura	tensura:mithril_long_sword	tensura-neoforge-2.0.1.0.jar
tensura	tensura:mithril_nugget	tensura.jar
tensura	tensura:mithril_nugget	tensura-neoforge-2.0.1.0.jar
tensura	tensura:mithril_odachi	tensura.jar
tensura	tensura:mithril_odachi	tensura-neoforge-2.0.1.0.jar
tensura	tensura:mithril_pickaxe	tensura.jar
tensura	tensura:mithril_pickaxe	tensura-neoforge-2.0.1.0.jar
tensura	tensura:mithril_scythe	tensura.jar
tensura	tensura:mithril_scythe	tensura-neoforge-2.0.1.0.jar
tensura	tensura:mithril_short_sword	tensura.jar
tensura	tensura:mithril_short_sword	tensura-neoforge-2.0.1.0.jar
tensura	tensura:mithril_shovel	tensura.jar
tensura	tensura:mithril_shovel	tensura-neoforge-2.0.1.0.jar
tensura	tensura:mithril_sickle	tensura.jar
tensura	tensura:mithril_sickle	tensura-neoforge-2.0.1.0.jar
tensura	tensura:mithril_spear	tensura.jar
tensura	tensura:mithril_spear	tensura-neoforge-2.0.1.0.jar
tensura	tensura:mithril_spear_throwing	tensura.jar
tensura	tensura:mithril_spear_throwing	tensura-neoforge-2.0.1.0.jar
tensura	tensura:mithril_sword	tensura.jar
tensura	tensura:mithril_sword	tensura-neoforge-2.0.1.0.jar
tensura	tensura:mithril_tachi	tensura.jar
tensura	tensura:mithril_tachi	tensura-neoforge-2.0.1.0.jar
tensura	tensura:monster_leather_a	tensura.jar
tensura	tensura:monster_leather_a	tensura-neoforge-2.0.1.0.jar
tensura	tensura:monster_leather_b	tensura.jar
tensura	tensura:monster_leather_b	tensura-neoforge-2.0.1.0.jar
tensura	tensura:monster_leather_boots_a	tensura.jar
tensura	tensura:monster_leather_boots_a	tensura-neoforge-2.0.1.0.jar
tensura	tensura:monster_leather_boots_a_amethyst_trim	tensura.jar
tensura	tensura:monster_leather_boots_a_amethyst_trim	tensura-neoforge-2.0.1.0.jar
tensura	tensura:monster_leather_boots_a_copper_trim	tensura.jar
tensura	tensura:monster_leather_boots_a_copper_trim	tensura-neoforge-2.0.1.0.jar
tensura	tensura:monster_leather_boots_a_diamond_trim	tensura.jar
tensura	tensura:monster_leather_boots_a_diamond_trim	tensura-neoforge-2.0.1.0.jar
tensura	tensura:monster_leather_boots_a_emerald_trim	tensura.jar
tensura	tensura:monster_leather_boots_a_emerald_trim	tensura-neoforge-2.0.1.0.jar
tensura	tensura:monster_leather_boots_a_gold_trim	tensura.jar
tensura	tensura:monster_leather_boots_a_gold_trim	tensura-neoforge-2.0.1.0.jar
tensura	tensura:monster_leather_boots_a_iron_trim	tensura.jar
tensura	tensura:monster_leather_boots_a_iron_trim	tensura-neoforge-2.0.1.0.jar
tensura	tensura:monster_leather_boots_a_lapis_trim	tensura.jar
tensura	tensura:monster_leather_boots_a_lapis_trim	tensura-neoforge-2.0.1.0.jar
tensura	tensura:monster_leather_boots_a_netherite_trim	tensura.jar
tensura	tensura:monster_leather_boots_a_netherite_trim	tensura-neoforge-2.0.1.0.jar
tensura	tensura:monster_leather_boots_a_quartz_trim	tensura.jar
tensura	tensura:monster_leather_boots_a_quartz_trim	tensura-neoforge-2.0.1.0.jar
tensura	tensura:monster_leather_boots_a_redstone_trim	tensura.jar
tensura	tensura:monster_leather_boots_a_redstone_trim	tensura-neoforge-2.0.1.0.jar
tensura	tensura:monster_leather_boots_b	tensura.jar
tensura	tensura:monster_leather_boots_b	tensura-neoforge-2.0.1.0.jar
tensura	tensura:monster_leather_boots_b_amethyst_trim	tensura.jar
tensura	tensura:monster_leather_boots_b_amethyst_trim	tensura-neoforge-2.0.1.0.jar
tensura	tensura:monster_leather_boots_b_copper_trim	tensura.jar
tensura	tensura:monster_leather_boots_b_copper_trim	tensura-neoforge-2.0.1.0.jar
tensura	tensura:monster_leather_boots_b_diamond_trim	tensura.jar
tensura	tensura:monster_leather_boots_b_diamond_trim	tensura-neoforge-2.0.1.0.jar
tensura	tensura:monster_leather_boots_b_emerald_trim	tensura.jar
tensura	tensura:monster_leather_boots_b_emerald_trim	tensura-neoforge-2.0.1.0.jar
tensura	tensura:monster_leather_boots_b_gold_trim	tensura.jar
tensura	tensura:monster_leather_boots_b_gold_trim	tensura-neoforge-2.0.1.0.jar
tensura	tensura:monster_leather_boots_b_iron_trim	tensura.jar
tensura	tensura:monster_leather_boots_b_iron_trim	tensura-neoforge-2.0.1.0.jar
tensura	tensura:monster_leather_boots_b_lapis_trim	tensura.jar
tensura	tensura:monster_leather_boots_b_lapis_trim	tensura-neoforge-2.0.1.0.jar
tensura	tensura:monster_leather_boots_b_netherite_trim	tensura.jar
tensura	tensura:monster_leather_boots_b_netherite_trim	tensura-neoforge-2.0.1.0.jar
tensura	tensura:monster_leather_boots_b_quartz_trim	tensura.jar
tensura	tensura:monster_leather_boots_b_quartz_trim	tensura-neoforge-2.0.1.0.jar
tensura	tensura:monster_leather_boots_b_redstone_trim	tensura.jar
tensura	tensura:monster_leather_boots_b_redstone_trim	tensura-neoforge-2.0.1.0.jar
tensura	tensura:monster_leather_boots_c	tensura.jar
tensura	tensura:monster_leather_boots_c	tensura-neoforge-2.0.1.0.jar
tensura	tensura:monster_leather_boots_c_amethyst_trim	tensura.jar
tensura	tensura:monster_leather_boots_c_amethyst_trim	tensura-neoforge-2.0.1.0.jar
tensura	tensura:monster_leather_boots_c_copper_trim	tensura.jar
tensura	tensura:monster_leather_boots_c_copper_trim	tensura-neoforge-2.0.1.0.jar
tensura	tensura:monster_leather_boots_c_diamond_trim	tensura.jar
tensura	tensura:monster_leather_boots_c_diamond_trim	tensura-neoforge-2.0.1.0.jar
tensura	tensura:monster_leather_boots_c_emerald_trim	tensura.jar
tensura	tensura:monster_leather_boots_c_emerald_trim	tensura-neoforge-2.0.1.0.jar
tensura	tensura:monster_leather_boots_c_gold_trim	tensura.jar
tensura	tensura:monster_leather_boots_c_gold_trim	tensura-neoforge-2.0.1.0.jar
tensura	tensura:monster_leather_boots_c_iron_trim	tensura.jar
tensura	tensura:monster_leather_boots_c_iron_trim	tensura-neoforge-2.0.1.0.jar
tensura	tensura:monster_leather_boots_c_lapis_trim	tensura.jar
tensura	tensura:monster_leather_boots_c_lapis_trim	tensura-neoforge-2.0.1.0.jar
tensura	tensura:monster_leather_boots_c_netherite_trim	tensura.jar
tensura	tensura:monster_leather_boots_c_netherite_trim	tensura-neoforge-2.0.1.0.jar
tensura	tensura:monster_leather_boots_c_quartz_trim	tensura.jar
tensura	tensura:monster_leather_boots_c_quartz_trim	tensura-neoforge-2.0.1.0.jar
tensura	tensura:monster_leather_boots_c_redstone_trim	tensura.jar
tensura	tensura:monster_leather_boots_c_redstone_trim	tensura-neoforge-2.0.1.0.jar
tensura	tensura:monster_leather_boots_d	tensura.jar
tensura	tensura:monster_leather_boots_d	tensura-neoforge-2.0.1.0.jar
tensura	tensura:monster_leather_boots_d_amethyst_trim	tensura.jar
tensura	tensura:monster_leather_boots_d_amethyst_trim	tensura-neoforge-2.0.1.0.jar
tensura	tensura:monster_leather_boots_d_copper_trim	tensura.jar
tensura	tensura:monster_leather_boots_d_copper_trim	tensura-neoforge-2.0.1.0.jar
tensura	tensura:monster_leather_boots_d_diamond_trim	tensura.jar
tensura	tensura:monster_leather_boots_d_diamond_trim	tensura-neoforge-2.0.1.0.jar
tensura	tensura:monster_leather_boots_d_emerald_trim	tensura.jar
tensura	tensura:monster_leather_boots_d_emerald_trim	tensura-neoforge-2.0.1.0.jar
tensura	tensura:monster_leather_boots_d_gold_trim	tensura.jar
tensura	tensura:monster_leather_boots_d_gold_trim	tensura-neoforge-2.0.1.0.jar
tensura	tensura:monster_leather_boots_d_iron_trim	tensura.jar
tensura	tensura:monster_leather_boots_d_iron_trim	tensura-neoforge-2.0.1.0.jar
tensura	tensura:monster_leather_boots_d_lapis_trim	tensura.jar
tensura	tensura:monster_leather_boots_d_lapis_trim	tensura-neoforge-2.0.1.0.jar
tensura	tensura:monster_leather_boots_d_netherite_trim	tensura.jar
tensura	tensura:monster_leather_boots_d_netherite_trim	tensura-neoforge-2.0.1.0.jar
tensura	tensura:monster_leather_boots_d_quartz_trim	tensura.jar
tensura	tensura:monster_leather_boots_d_quartz_trim	tensura-neoforge-2.0.1.0.jar
tensura	tensura:monster_leather_boots_d_redstone_trim	tensura.jar
tensura	tensura:monster_leather_boots_d_redstone_trim	tensura-neoforge-2.0.1.0.jar
tensura	tensura:monster_leather_boots_special_a	tensura.jar
tensura	tensura:monster_leather_boots_special_a	tensura-neoforge-2.0.1.0.jar
tensura	tensura:monster_leather_boots_special_a_amethyst_trim	tensura.jar
tensura	tensura:monster_leather_boots_special_a_amethyst_trim	tensura-neoforge-2.0.1.0.jar
tensura	tensura:monster_leather_boots_special_a_copper_trim	tensura.jar
tensura	tensura:monster_leather_boots_special_a_copper_trim	tensura-neoforge-2.0.1.0.jar
tensura	tensura:monster_leather_boots_special_a_diamond_trim	tensura.jar
tensura	tensura:monster_leather_boots_special_a_diamond_trim	tensura-neoforge-2.0.1.0.jar
tensura	tensura:monster_leather_boots_special_a_emerald_trim	tensura.jar
tensura	tensura:monster_leather_boots_special_a_emerald_trim	tensura-neoforge-2.0.1.0.jar
tensura	tensura:monster_leather_boots_special_a_gold_trim	tensura.jar
tensura	tensura:monster_leather_boots_special_a_gold_trim	tensura-neoforge-2.0.1.0.jar
tensura	tensura:monster_leather_boots_special_a_iron_trim	tensura.jar
tensura	tensura:monster_leather_boots_special_a_iron_trim	tensura-neoforge-2.0.1.0.jar
tensura	tensura:monster_leather_boots_special_a_lapis_trim	tensura.jar
tensura	tensura:monster_leather_boots_special_a_lapis_trim	tensura-neoforge-2.0.1.0.jar
tensura	tensura:monster_leather_boots_special_a_netherite_trim	tensura.jar
tensura	tensura:monster_leather_boots_special_a_netherite_trim	tensura-neoforge-2.0.1.0.jar
tensura	tensura:monster_leather_boots_special_a_quartz_trim	tensura.jar
tensura	tensura:monster_leather_boots_special_a_quartz_trim	tensura-neoforge-2.0.1.0.jar
tensura	tensura:monster_leather_boots_special_a_redstone_trim	tensura.jar
tensura	tensura:monster_leather_boots_special_a_redstone_trim	tensura-neoforge-2.0.1.0.jar
tensura	tensura:monster_leather_c	tensura.jar
tensura	tensura:monster_leather_c	tensura-neoforge-2.0.1.0.jar
tensura	tensura:monster_leather_chestplate_a	tensura.jar
tensura	tensura:monster_leather_chestplate_a	tensura-neoforge-2.0.1.0.jar
tensura	tensura:monster_leather_chestplate_a_amethyst_trim	tensura.jar
tensura	tensura:monster_leather_chestplate_a_amethyst_trim	tensura-neoforge-2.0.1.0.jar
tensura	tensura:monster_leather_chestplate_a_copper_trim	tensura.jar
tensura	tensura:monster_leather_chestplate_a_copper_trim	tensura-neoforge-2.0.1.0.jar
tensura	tensura:monster_leather_chestplate_a_diamond_trim	tensura.jar
tensura	tensura:monster_leather_chestplate_a_diamond_trim	tensura-neoforge-2.0.1.0.jar
tensura	tensura:monster_leather_chestplate_a_emerald_trim	tensura.jar
tensura	tensura:monster_leather_chestplate_a_emerald_trim	tensura-neoforge-2.0.1.0.jar
tensura	tensura:monster_leather_chestplate_a_gold_trim	tensura.jar
tensura	tensura:monster_leather_chestplate_a_gold_trim	tensura-neoforge-2.0.1.0.jar
tensura	tensura:monster_leather_chestplate_a_iron_trim	tensura.jar
tensura	tensura:monster_leather_chestplate_a_iron_trim	tensura-neoforge-2.0.1.0.jar
tensura	tensura:monster_leather_chestplate_a_lapis_trim	tensura.jar
tensura	tensura:monster_leather_chestplate_a_lapis_trim	tensura-neoforge-2.0.1.0.jar
tensura	tensura:monster_leather_chestplate_a_netherite_trim	tensura.jar
tensura	tensura:monster_leather_chestplate_a_netherite_trim	tensura-neoforge-2.0.1.0.jar
tensura	tensura:monster_leather_chestplate_a_quartz_trim	tensura.jar
tensura	tensura:monster_leather_chestplate_a_quartz_trim	tensura-neoforge-2.0.1.0.jar
tensura	tensura:monster_leather_chestplate_a_redstone_trim	tensura.jar
tensura	tensura:monster_leather_chestplate_a_redstone_trim	tensura-neoforge-2.0.1.0.jar
tensura	tensura:monster_leather_chestplate_b	tensura.jar
tensura	tensura:monster_leather_chestplate_b	tensura-neoforge-2.0.1.0.jar
tensura	tensura:monster_leather_chestplate_b_amethyst_trim	tensura.jar
tensura	tensura:monster_leather_chestplate_b_amethyst_trim	tensura-neoforge-2.0.1.0.jar
tensura	tensura:monster_leather_chestplate_b_copper_trim	tensura.jar
tensura	tensura:monster_leather_chestplate_b_copper_trim	tensura-neoforge-2.0.1.0.jar
tensura	tensura:monster_leather_chestplate_b_diamond_trim	tensura.jar
tensura	tensura:monster_leather_chestplate_b_diamond_trim	tensura-neoforge-2.0.1.0.jar
tensura	tensura:monster_leather_chestplate_b_emerald_trim	tensura.jar
tensura	tensura:monster_leather_chestplate_b_emerald_trim	tensura-neoforge-2.0.1.0.jar
tensura	tensura:monster_leather_chestplate_b_gold_trim	tensura.jar
tensura	tensura:monster_leather_chestplate_b_gold_trim	tensura-neoforge-2.0.1.0.jar
tensura	tensura:monster_leather_chestplate_b_iron_trim	tensura.jar
tensura	tensura:monster_leather_chestplate_b_iron_trim	tensura-neoforge-2.0.1.0.jar
tensura	tensura:monster_leather_chestplate_b_lapis_trim	tensura.jar
tensura	tensura:monster_leather_chestplate_b_lapis_trim	tensura-neoforge-2.0.1.0.jar
tensura	tensura:monster_leather_chestplate_b_netherite_trim	tensura.jar
tensura	tensura:monster_leather_chestplate_b_netherite_trim	tensura-neoforge-2.0.1.0.jar
tensura	tensura:monster_leather_chestplate_b_quartz_trim	tensura.jar
tensura	tensura:monster_leather_chestplate_b_quartz_trim	tensura-neoforge-2.0.1.0.jar
tensura	tensura:monster_leather_chestplate_b_redstone_trim	tensura.jar
tensura	tensura:monster_leather_chestplate_b_redstone_trim	tensura-neoforge-2.0.1.0.jar
tensura	tensura:monster_leather_chestplate_c	tensura.jar
tensura	tensura:monster_leather_chestplate_c	tensura-neoforge-2.0.1.0.jar
tensura	tensura:monster_leather_chestplate_c_amethyst_trim	tensura.jar
tensura	tensura:monster_leather_chestplate_c_amethyst_trim	tensura-neoforge-2.0.1.0.jar
tensura	tensura:monster_leather_chestplate_c_copper_trim	tensura.jar
tensura	tensura:monster_leather_chestplate_c_copper_trim	tensura-neoforge-2.0.1.0.jar
tensura	tensura:monster_leather_chestplate_c_diamond_trim	tensura.jar
tensura	tensura:monster_leather_chestplate_c_diamond_trim	tensura-neoforge-2.0.1.0.jar
tensura	tensura:monster_leather_chestplate_c_emerald_trim	tensura.jar
tensura	tensura:monster_leather_chestplate_c_emerald_trim	tensura-neoforge-2.0.1.0.jar
tensura	tensura:monster_leather_chestplate_c_gold_trim	tensura.jar
tensura	tensura:monster_leather_chestplate_c_gold_trim	tensura-neoforge-2.0.1.0.jar
tensura	tensura:monster_leather_chestplate_c_iron_trim	tensura.jar
tensura	tensura:monster_leather_chestplate_c_iron_trim	tensura-neoforge-2.0.1.0.jar
tensura	tensura:monster_leather_chestplate_c_lapis_trim	tensura.jar
tensura	tensura:monster_leather_chestplate_c_lapis_trim	tensura-neoforge-2.0.1.0.jar
tensura	tensura:monster_leather_chestplate_c_netherite_trim	tensura.jar
tensura	tensura:monster_leather_chestplate_c_netherite_trim	tensura-neoforge-2.0.1.0.jar
tensura	tensura:monster_leather_chestplate_c_quartz_trim	tensura.jar
tensura	tensura:monster_leather_chestplate_c_quartz_trim	tensura-neoforge-2.0.1.0.jar
tensura	tensura:monster_leather_chestplate_c_redstone_trim	tensura.jar
tensura	tensura:monster_leather_chestplate_c_redstone_trim	tensura-neoforge-2.0.1.0.jar
tensura	tensura:monster_leather_chestplate_d	tensura.jar
tensura	tensura:monster_leather_chestplate_d	tensura-neoforge-2.0.1.0.jar
tensura	tensura:monster_leather_chestplate_d_amethyst_trim	tensura.jar
tensura	tensura:monster_leather_chestplate_d_amethyst_trim	tensura-neoforge-2.0.1.0.jar
tensura	tensura:monster_leather_chestplate_d_copper_trim	tensura.jar
tensura	tensura:monster_leather_chestplate_d_copper_trim	tensura-neoforge-2.0.1.0.jar
tensura	tensura:monster_leather_chestplate_d_diamond_trim	tensura.jar
tensura	tensura:monster_leather_chestplate_d_diamond_trim	tensura-neoforge-2.0.1.0.jar
tensura	tensura:monster_leather_chestplate_d_emerald_trim	tensura.jar
tensura	tensura:monster_leather_chestplate_d_emerald_trim	tensura-neoforge-2.0.1.0.jar
tensura	tensura:monster_leather_chestplate_d_gold_trim	tensura.jar
tensura	tensura:monster_leather_chestplate_d_gold_trim	tensura-neoforge-2.0.1.0.jar
tensura	tensura:monster_leather_chestplate_d_iron_trim	tensura.jar
tensura	tensura:monster_leather_chestplate_d_iron_trim	tensura-neoforge-2.0.1.0.jar
tensura	tensura:monster_leather_chestplate_d_lapis_trim	tensura.jar
tensura	tensura:monster_leather_chestplate_d_lapis_trim	tensura-neoforge-2.0.1.0.jar
tensura	tensura:monster_leather_chestplate_d_netherite_trim	tensura.jar
tensura	tensura:monster_leather_chestplate_d_netherite_trim	tensura-neoforge-2.0.1.0.jar
tensura	tensura:monster_leather_chestplate_d_quartz_trim	tensura.jar
tensura	tensura:monster_leather_chestplate_d_quartz_trim	tensura-neoforge-2.0.1.0.jar
tensura	tensura:monster_leather_chestplate_d_redstone_trim	tensura.jar
tensura	tensura:monster_leather_chestplate_d_redstone_trim	tensura-neoforge-2.0.1.0.jar
tensura	tensura:monster_leather_chestplate_special_a	tensura.jar
tensura	tensura:monster_leather_chestplate_special_a	tensura-neoforge-2.0.1.0.jar
tensura	tensura:monster_leather_chestplate_special_a_amethyst_trim	tensura.jar
tensura	tensura:monster_leather_chestplate_special_a_amethyst_trim	tensura-neoforge-2.0.1.0.jar
tensura	tensura:monster_leather_chestplate_special_a_copper_trim	tensura.jar
tensura	tensura:monster_leather_chestplate_special_a_copper_trim	tensura-neoforge-2.0.1.0.jar
tensura	tensura:monster_leather_chestplate_special_a_diamond_trim	tensura.jar
tensura	tensura:monster_leather_chestplate_special_a_diamond_trim	tensura-neoforge-2.0.1.0.jar
tensura	tensura:monster_leather_chestplate_special_a_emerald_trim	tensura.jar
tensura	tensura:monster_leather_chestplate_special_a_emerald_trim	tensura-neoforge-2.0.1.0.jar
tensura	tensura:monster_leather_chestplate_special_a_gold_trim	tensura.jar
tensura	tensura:monster_leather_chestplate_special_a_gold_trim	tensura-neoforge-2.0.1.0.jar
tensura	tensura:monster_leather_chestplate_special_a_iron_trim	tensura.jar
tensura	tensura:monster_leather_chestplate_special_a_iron_trim	tensura-neoforge-2.0.1.0.jar
tensura	tensura:monster_leather_chestplate_special_a_lapis_trim	tensura.jar
tensura	tensura:monster_leather_chestplate_special_a_lapis_trim	tensura-neoforge-2.0.1.0.jar
tensura	tensura:monster_leather_chestplate_special_a_netherite_trim	tensura.jar
tensura	tensura:monster_leather_chestplate_special_a_netherite_trim	tensura-neoforge-2.0.1.0.jar
tensura	tensura:monster_leather_chestplate_special_a_quartz_trim	tensura.jar
tensura	tensura:monster_leather_chestplate_special_a_quartz_trim	tensura-neoforge-2.0.1.0.jar
tensura	tensura:monster_leather_chestplate_special_a_redstone_trim	tensura.jar
tensura	tensura:monster_leather_chestplate_special_a_redstone_trim	tensura-neoforge-2.0.1.0.jar
tensura	tensura:monster_leather_d	tensura.jar
tensura	tensura:monster_leather_d	tensura-neoforge-2.0.1.0.jar
tensura	tensura:monster_leather_gear_schematic	tensura.jar
tensura	tensura:monster_leather_gear_schematic	tensura-neoforge-2.0.1.0.jar
tensura	tensura:monster_leather_helmet_a	tensura.jar
tensura	tensura:monster_leather_helmet_a	tensura-neoforge-2.0.1.0.jar
tensura	tensura:monster_leather_helmet_a_amethyst_trim	tensura.jar
tensura	tensura:monster_leather_helmet_a_amethyst_trim	tensura-neoforge-2.0.1.0.jar
tensura	tensura:monster_leather_helmet_a_copper_trim	tensura.jar
tensura	tensura:monster_leather_helmet_a_copper_trim	tensura-neoforge-2.0.1.0.jar
tensura	tensura:monster_leather_helmet_a_diamond_trim	tensura.jar
tensura	tensura:monster_leather_helmet_a_diamond_trim	tensura-neoforge-2.0.1.0.jar
tensura	tensura:monster_leather_helmet_a_emerald_trim	tensura.jar
tensura	tensura:monster_leather_helmet_a_emerald_trim	tensura-neoforge-2.0.1.0.jar
tensura	tensura:monster_leather_helmet_a_gold_trim	tensura.jar
tensura	tensura:monster_leather_helmet_a_gold_trim	tensura-neoforge-2.0.1.0.jar
tensura	tensura:monster_leather_helmet_a_iron_trim	tensura.jar
tensura	tensura:monster_leather_helmet_a_iron_trim	tensura-neoforge-2.0.1.0.jar
tensura	tensura:monster_leather_helmet_a_lapis_trim	tensura.jar
tensura	tensura:monster_leather_helmet_a_lapis_trim	tensura-neoforge-2.0.1.0.jar
tensura	tensura:monster_leather_helmet_a_netherite_trim	tensura.jar
tensura	tensura:monster_leather_helmet_a_netherite_trim	tensura-neoforge-2.0.1.0.jar
tensura	tensura:monster_leather_helmet_a_quartz_trim	tensura.jar
tensura	tensura:monster_leather_helmet_a_quartz_trim	tensura-neoforge-2.0.1.0.jar
tensura	tensura:monster_leather_helmet_a_redstone_trim	tensura.jar
tensura	tensura:monster_leather_helmet_a_redstone_trim	tensura-neoforge-2.0.1.0.jar
tensura	tensura:monster_leather_helmet_b	tensura.jar
tensura	tensura:monster_leather_helmet_b	tensura-neoforge-2.0.1.0.jar
tensura	tensura:monster_leather_helmet_b_amethyst_trim	tensura.jar
tensura	tensura:monster_leather_helmet_b_amethyst_trim	tensura-neoforge-2.0.1.0.jar
tensura	tensura:monster_leather_helmet_b_copper_trim	tensura.jar
tensura	tensura:monster_leather_helmet_b_copper_trim	tensura-neoforge-2.0.1.0.jar
tensura	tensura:monster_leather_helmet_b_diamond_trim	tensura.jar
tensura	tensura:monster_leather_helmet_b_diamond_trim	tensura-neoforge-2.0.1.0.jar
tensura	tensura:monster_leather_helmet_b_emerald_trim	tensura.jar
tensura	tensura:monster_leather_helmet_b_emerald_trim	tensura-neoforge-2.0.1.0.jar
tensura	tensura:monster_leather_helmet_b_gold_trim	tensura.jar
tensura	tensura:monster_leather_helmet_b_gold_trim	tensura-neoforge-2.0.1.0.jar
tensura	tensura:monster_leather_helmet_b_iron_trim	tensura.jar
tensura	tensura:monster_leather_helmet_b_iron_trim	tensura-neoforge-2.0.1.0.jar
tensura	tensura:monster_leather_helmet_b_lapis_trim	tensura.jar
tensura	tensura:monster_leather_helmet_b_lapis_trim	tensura-neoforge-2.0.1.0.jar
tensura	tensura:monster_leather_helmet_b_netherite_trim	tensura.jar
tensura	tensura:monster_leather_helmet_b_netherite_trim	tensura-neoforge-2.0.1.0.jar
tensura	tensura:monster_leather_helmet_b_quartz_trim	tensura.jar
tensura	tensura:monster_leather_helmet_b_quartz_trim	tensura-neoforge-2.0.1.0.jar
tensura	tensura:monster_leather_helmet_b_redstone_trim	tensura.jar
tensura	tensura:monster_leather_helmet_b_redstone_trim	tensura-neoforge-2.0.1.0.jar
tensura	tensura:monster_leather_helmet_c	tensura.jar
tensura	tensura:monster_leather_helmet_c	tensura-neoforge-2.0.1.0.jar
tensura	tensura:monster_leather_helmet_c_amethyst_trim	tensura.jar
tensura	tensura:monster_leather_helmet_c_amethyst_trim	tensura-neoforge-2.0.1.0.jar
tensura	tensura:monster_leather_helmet_c_copper_trim	tensura.jar
tensura	tensura:monster_leather_helmet_c_copper_trim	tensura-neoforge-2.0.1.0.jar
tensura	tensura:monster_leather_helmet_c_diamond_trim	tensura.jar
tensura	tensura:monster_leather_helmet_c_diamond_trim	tensura-neoforge-2.0.1.0.jar
tensura	tensura:monster_leather_helmet_c_emerald_trim	tensura.jar
tensura	tensura:monster_leather_helmet_c_emerald_trim	tensura-neoforge-2.0.1.0.jar
tensura	tensura:monster_leather_helmet_c_gold_trim	tensura.jar
tensura	tensura:monster_leather_helmet_c_gold_trim	tensura-neoforge-2.0.1.0.jar
tensura	tensura:monster_leather_helmet_c_iron_trim	tensura.jar
tensura	tensura:monster_leather_helmet_c_iron_trim	tensura-neoforge-2.0.1.0.jar
tensura	tensura:monster_leather_helmet_c_lapis_trim	tensura.jar
tensura	tensura:monster_leather_helmet_c_lapis_trim	tensura-neoforge-2.0.1.0.jar
tensura	tensura:monster_leather_helmet_c_netherite_trim	tensura.jar
tensura	tensura:monster_leather_helmet_c_netherite_trim	tensura-neoforge-2.0.1.0.jar
tensura	tensura:monster_leather_helmet_c_quartz_trim	tensura.jar
tensura	tensura:monster_leather_helmet_c_quartz_trim	tensura-neoforge-2.0.1.0.jar
tensura	tensura:monster_leather_helmet_c_redstone_trim	tensura.jar
tensura	tensura:monster_leather_helmet_c_redstone_trim	tensura-neoforge-2.0.1.0.jar
tensura	tensura:monster_leather_helmet_d	tensura.jar
tensura	tensura:monster_leather_helmet_d	tensura-neoforge-2.0.1.0.jar
tensura	tensura:monster_leather_helmet_d_amethyst_trim	tensura.jar
tensura	tensura:monster_leather_helmet_d_amethyst_trim	tensura-neoforge-2.0.1.0.jar
tensura	tensura:monster_leather_helmet_d_copper_trim	tensura.jar
tensura	tensura:monster_leather_helmet_d_copper_trim	tensura-neoforge-2.0.1.0.jar
tensura	tensura:monster_leather_helmet_d_diamond_trim	tensura.jar
tensura	tensura:monster_leather_helmet_d_diamond_trim	tensura-neoforge-2.0.1.0.jar
tensura	tensura:monster_leather_helmet_d_emerald_trim	tensura.jar
tensura	tensura:monster_leather_helmet_d_emerald_trim	tensura-neoforge-2.0.1.0.jar
tensura	tensura:monster_leather_helmet_d_gold_trim	tensura.jar
tensura	tensura:monster_leather_helmet_d_gold_trim	tensura-neoforge-2.0.1.0.jar
tensura	tensura:monster_leather_helmet_d_iron_trim	tensura.jar
tensura	tensura:monster_leather_helmet_d_iron_trim	tensura-neoforge-2.0.1.0.jar
tensura	tensura:monster_leather_helmet_d_lapis_trim	tensura.jar
tensura	tensura:monster_leather_helmet_d_lapis_trim	tensura-neoforge-2.0.1.0.jar
tensura	tensura:monster_leather_helmet_d_netherite_trim	tensura.jar
tensura	tensura:monster_leather_helmet_d_netherite_trim	tensura-neoforge-2.0.1.0.jar
tensura	tensura:monster_leather_helmet_d_quartz_trim	tensura.jar
tensura	tensura:monster_leather_helmet_d_quartz_trim	tensura-neoforge-2.0.1.0.jar
tensura	tensura:monster_leather_helmet_d_redstone_trim	tensura.jar
tensura	tensura:monster_leather_helmet_d_redstone_trim	tensura-neoforge-2.0.1.0.jar
tensura	tensura:monster_leather_helmet_special_a	tensura.jar
tensura	tensura:monster_leather_helmet_special_a	tensura-neoforge-2.0.1.0.jar
tensura	tensura:monster_leather_leggings_a	tensura.jar
tensura	tensura:monster_leather_leggings_a	tensura-neoforge-2.0.1.0.jar
tensura	tensura:monster_leather_leggings_a_amethyst_trim	tensura.jar
tensura	tensura:monster_leather_leggings_a_amethyst_trim	tensura-neoforge-2.0.1.0.jar
tensura	tensura:monster_leather_leggings_a_copper_trim	tensura.jar
tensura	tensura:monster_leather_leggings_a_copper_trim	tensura-neoforge-2.0.1.0.jar
tensura	tensura:monster_leather_leggings_a_diamond_trim	tensura.jar
tensura	tensura:monster_leather_leggings_a_diamond_trim	tensura-neoforge-2.0.1.0.jar
tensura	tensura:monster_leather_leggings_a_emerald_trim	tensura.jar
tensura	tensura:monster_leather_leggings_a_emerald_trim	tensura-neoforge-2.0.1.0.jar
tensura	tensura:monster_leather_leggings_a_gold_trim	tensura.jar
tensura	tensura:monster_leather_leggings_a_gold_trim	tensura-neoforge-2.0.1.0.jar
tensura	tensura:monster_leather_leggings_a_iron_trim	tensura.jar
tensura	tensura:monster_leather_leggings_a_iron_trim	tensura-neoforge-2.0.1.0.jar
tensura	tensura:monster_leather_leggings_a_lapis_trim	tensura.jar
tensura	tensura:monster_leather_leggings_a_lapis_trim	tensura-neoforge-2.0.1.0.jar
tensura	tensura:monster_leather_leggings_a_netherite_trim	tensura.jar
tensura	tensura:monster_leather_leggings_a_netherite_trim	tensura-neoforge-2.0.1.0.jar
tensura	tensura:monster_leather_leggings_a_quartz_trim	tensura.jar
tensura	tensura:monster_leather_leggings_a_quartz_trim	tensura-neoforge-2.0.1.0.jar
tensura	tensura:monster_leather_leggings_a_redstone_trim	tensura.jar
tensura	tensura:monster_leather_leggings_a_redstone_trim	tensura-neoforge-2.0.1.0.jar
tensura	tensura:monster_leather_leggings_b	tensura.jar
tensura	tensura:monster_leather_leggings_b	tensura-neoforge-2.0.1.0.jar
tensura	tensura:monster_leather_leggings_b_amethyst_trim	tensura.jar
tensura	tensura:monster_leather_leggings_b_amethyst_trim	tensura-neoforge-2.0.1.0.jar
tensura	tensura:monster_leather_leggings_b_copper_trim	tensura.jar
tensura	tensura:monster_leather_leggings_b_copper_trim	tensura-neoforge-2.0.1.0.jar
tensura	tensura:monster_leather_leggings_b_diamond_trim	tensura.jar
tensura	tensura:monster_leather_leggings_b_diamond_trim	tensura-neoforge-2.0.1.0.jar
tensura	tensura:monster_leather_leggings_b_emerald_trim	tensura.jar
tensura	tensura:monster_leather_leggings_b_emerald_trim	tensura-neoforge-2.0.1.0.jar
tensura	tensura:monster_leather_leggings_b_gold_trim	tensura.jar
tensura	tensura:monster_leather_leggings_b_gold_trim	tensura-neoforge-2.0.1.0.jar
tensura	tensura:monster_leather_leggings_b_iron_trim	tensura.jar
tensura	tensura:monster_leather_leggings_b_iron_trim	tensura-neoforge-2.0.1.0.jar
tensura	tensura:monster_leather_leggings_b_lapis_trim	tensura.jar
tensura	tensura:monster_leather_leggings_b_lapis_trim	tensura-neoforge-2.0.1.0.jar
tensura	tensura:monster_leather_leggings_b_netherite_trim	tensura.jar
tensura	tensura:monster_leather_leggings_b_netherite_trim	tensura-neoforge-2.0.1.0.jar
tensura	tensura:monster_leather_leggings_b_quartz_trim	tensura.jar
tensura	tensura:monster_leather_leggings_b_quartz_trim	tensura-neoforge-2.0.1.0.jar
tensura	tensura:monster_leather_leggings_b_redstone_trim	tensura.jar
tensura	tensura:monster_leather_leggings_b_redstone_trim	tensura-neoforge-2.0.1.0.jar
tensura	tensura:monster_leather_leggings_c	tensura.jar
tensura	tensura:monster_leather_leggings_c	tensura-neoforge-2.0.1.0.jar
tensura	tensura:monster_leather_leggings_c_amethyst_trim	tensura.jar
tensura	tensura:monster_leather_leggings_c_amethyst_trim	tensura-neoforge-2.0.1.0.jar
tensura	tensura:monster_leather_leggings_c_copper_trim	tensura.jar
tensura	tensura:monster_leather_leggings_c_copper_trim	tensura-neoforge-2.0.1.0.jar
tensura	tensura:monster_leather_leggings_c_diamond_trim	tensura.jar
tensura	tensura:monster_leather_leggings_c_diamond_trim	tensura-neoforge-2.0.1.0.jar
tensura	tensura:monster_leather_leggings_c_emerald_trim	tensura.jar
tensura	tensura:monster_leather_leggings_c_emerald_trim	tensura-neoforge-2.0.1.0.jar
tensura	tensura:monster_leather_leggings_c_gold_trim	tensura.jar
tensura	tensura:monster_leather_leggings_c_gold_trim	tensura-neoforge-2.0.1.0.jar
tensura	tensura:monster_leather_leggings_c_iron_trim	tensura.jar
tensura	tensura:monster_leather_leggings_c_iron_trim	tensura-neoforge-2.0.1.0.jar
tensura	tensura:monster_leather_leggings_c_lapis_trim	tensura.jar
tensura	tensura:monster_leather_leggings_c_lapis_trim	tensura-neoforge-2.0.1.0.jar
tensura	tensura:monster_leather_leggings_c_netherite_trim	tensura.jar
tensura	tensura:monster_leather_leggings_c_netherite_trim	tensura-neoforge-2.0.1.0.jar
tensura	tensura:monster_leather_leggings_c_quartz_trim	tensura.jar
tensura	tensura:monster_leather_leggings_c_quartz_trim	tensura-neoforge-2.0.1.0.jar
tensura	tensura:monster_leather_leggings_c_redstone_trim	tensura.jar
tensura	tensura:monster_leather_leggings_c_redstone_trim	tensura-neoforge-2.0.1.0.jar
tensura	tensura:monster_leather_leggings_d	tensura.jar
tensura	tensura:monster_leather_leggings_d	tensura-neoforge-2.0.1.0.jar
tensura	tensura:monster_leather_leggings_d_amethyst_trim	tensura.jar
tensura	tensura:monster_leather_leggings_d_amethyst_trim	tensura-neoforge-2.0.1.0.jar
tensura	tensura:monster_leather_leggings_d_copper_trim	tensura.jar
tensura	tensura:monster_leather_leggings_d_copper_trim	tensura-neoforge-2.0.1.0.jar
tensura	tensura:monster_leather_leggings_d_diamond_trim	tensura.jar
tensura	tensura:monster_leather_leggings_d_diamond_trim	tensura-neoforge-2.0.1.0.jar
tensura	tensura:monster_leather_leggings_d_emerald_trim	tensura.jar
tensura	tensura:monster_leather_leggings_d_emerald_trim	tensura-neoforge-2.0.1.0.jar
tensura	tensura:monster_leather_leggings_d_gold_trim	tensura.jar
tensura	tensura:monster_leather_leggings_d_gold_trim	tensura-neoforge-2.0.1.0.jar
tensura	tensura:monster_leather_leggings_d_iron_trim	tensura.jar
tensura	tensura:monster_leather_leggings_d_iron_trim	tensura-neoforge-2.0.1.0.jar
tensura	tensura:monster_leather_leggings_d_lapis_trim	tensura.jar
tensura	tensura:monster_leather_leggings_d_lapis_trim	tensura-neoforge-2.0.1.0.jar
tensura	tensura:monster_leather_leggings_d_netherite_trim	tensura.jar
tensura	tensura:monster_leather_leggings_d_netherite_trim	tensura-neoforge-2.0.1.0.jar
tensura	tensura:monster_leather_leggings_d_quartz_trim	tensura.jar
tensura	tensura:monster_leather_leggings_d_quartz_trim	tensura-neoforge-2.0.1.0.jar
tensura	tensura:monster_leather_leggings_d_redstone_trim	tensura.jar
tensura	tensura:monster_leather_leggings_d_redstone_trim	tensura-neoforge-2.0.1.0.jar
tensura	tensura:monster_leather_leggings_special_a	tensura.jar
tensura	tensura:monster_leather_leggings_special_a	tensura-neoforge-2.0.1.0.jar
tensura	tensura:monster_leather_leggings_special_a_amethyst_trim	tensura.jar
tensura	tensura:monster_leather_leggings_special_a_amethyst_trim	tensura-neoforge-2.0.1.0.jar
tensura	tensura:monster_leather_leggings_special_a_copper_trim	tensura.jar
tensura	tensura:monster_leather_leggings_special_a_copper_trim	tensura-neoforge-2.0.1.0.jar
tensura	tensura:monster_leather_leggings_special_a_diamond_trim	tensura.jar
tensura	tensura:monster_leather_leggings_special_a_diamond_trim	tensura-neoforge-2.0.1.0.jar
tensura	tensura:monster_leather_leggings_special_a_emerald_trim	tensura.jar
tensura	tensura:monster_leather_leggings_special_a_emerald_trim	tensura-neoforge-2.0.1.0.jar
tensura	tensura:monster_leather_leggings_special_a_gold_trim	tensura.jar
tensura	tensura:monster_leather_leggings_special_a_gold_trim	tensura-neoforge-2.0.1.0.jar
tensura	tensura:monster_leather_leggings_special_a_iron_trim	tensura.jar
tensura	tensura:monster_leather_leggings_special_a_iron_trim	tensura-neoforge-2.0.1.0.jar
tensura	tensura:monster_leather_leggings_special_a_lapis_trim	tensura.jar
tensura	tensura:monster_leather_leggings_special_a_lapis_trim	tensura-neoforge-2.0.1.0.jar
tensura	tensura:monster_leather_leggings_special_a_netherite_trim	tensura.jar
tensura	tensura:monster_leather_leggings_special_a_netherite_trim	tensura-neoforge-2.0.1.0.jar
tensura	tensura:monster_leather_leggings_special_a_quartz_trim	tensura.jar
tensura	tensura:monster_leather_leggings_special_a_quartz_trim	tensura-neoforge-2.0.1.0.jar
tensura	tensura:monster_leather_leggings_special_a_redstone_trim	tensura.jar
tensura	tensura:monster_leather_leggings_special_a_redstone_trim	tensura-neoforge-2.0.1.0.jar
tensura	tensura:monster_leather_special_a	tensura.jar
tensura	tensura:monster_leather_special_a	tensura-neoforge-2.0.1.0.jar
tensura	tensura:monster_saddle	tensura.jar
tensura	tensura:monster_saddle	tensura-neoforge-2.0.1.0.jar
tensura	tensura:moonlight	tensura.jar
tensura	tensura:moonlight	tensura-neoforge-2.0.1.0.jar
tensura	tensura:moonlight_gui	tensura.jar
tensura	tensura:moonlight_gui	tensura-neoforge-2.0.1.0.jar
tensura	tensura:moth_egg	tensura.jar
tensura	tensura:moth_egg	tensura-neoforge-2.0.1.0.jar
tensura	tensura:mud_bricks_magic_engine	tensura.jar
tensura	tensura:mud_bricks_magic_engine	tensura-neoforge-2.0.1.0.jar
tensura	tensura:music_disc_nanoda	tensura.jar
tensura	tensura:music_disc_nanoda	tensura-neoforge-2.0.1.0.jar
tensura	tensura:nether_brick_warp_pad	tensura.jar
tensura	tensura:nether_brick_warp_pad	tensura-neoforge-2.0.1.0.jar
tensura	tensura:nether_bricks_magic_engine	tensura.jar
tensura	tensura:nether_bricks_magic_engine	tensura-neoforge-2.0.1.0.jar
tensura	tensura:netherite_great_sword	tensura.jar
tensura	tensura:netherite_great_sword	tensura-neoforge-2.0.1.0.jar
tensura	tensura:netherite_katana	tensura.jar
tensura	tensura:netherite_katana	tensura-neoforge-2.0.1.0.jar
tensura	tensura:netherite_kodachi	tensura.jar
tensura	tensura:netherite_kodachi	tensura-neoforge-2.0.1.0.jar
tensura	tensura:netherite_long_sword	tensura.jar
tensura	tensura:netherite_long_sword	tensura-neoforge-2.0.1.0.jar
tensura	tensura:netherite_odachi	tensura.jar
tensura	tensura:netherite_odachi	tensura-neoforge-2.0.1.0.jar
tensura	tensura:netherite_scythe	tensura.jar
tensura	tensura:netherite_scythe	tensura-neoforge-2.0.1.0.jar
tensura	tensura:netherite_short_sword	tensura.jar
tensura	tensura:netherite_short_sword	tensura-neoforge-2.0.1.0.jar
tensura	tensura:netherite_sickle	tensura.jar
tensura	tensura:netherite_sickle	tensura-neoforge-2.0.1.0.jar
tensura	tensura:netherite_spear	tensura.jar
tensura	tensura:netherite_spear	tensura-neoforge-2.0.1.0.jar
tensura	tensura:netherite_spear_throwing	tensura.jar
tensura	tensura:netherite_spear_throwing	tensura-neoforge-2.0.1.0.jar
tensura	tensura:netherite_tachi	tensura.jar
tensura	tensura:netherite_tachi	tensura-neoforge-2.0.1.0.jar
tensura	tensura:oak_tool_rack	tensura.jar
tensura	tensura:oak_tool_rack	tensura-neoforge-2.0.1.0.jar
tensura	tensura:odachi_handheld	tensura.jar
tensura	tensura:odachi_handheld	tensura-neoforge-2.0.1.0.jar
tensura	tensura:orb_of_domination	tensura.jar
tensura	tensura:orb_of_domination	tensura-neoforge-2.0.1.0.jar
tensura	tensura:orc_disaster_head	tensura.jar
tensura	tensura:orc_disaster_head	tensura-neoforge-2.0.1.0.jar
tensura	tensura:orichalcum_axe	tensura.jar
tensura	tensura:orichalcum_axe	tensura-neoforge-2.0.1.0.jar
tensura	tensura:orichalcum_block	tensura.jar
tensura	tensura:orichalcum_block	tensura-neoforge-2.0.1.0.jar
tensura	tensura:orichalcum_bone_golem	tensura.jar
tensura	tensura:orichalcum_bone_golem	tensura-neoforge-2.0.1.0.jar
tensura	tensura:orichalcum_boots	tensura.jar
tensura	tensura:orichalcum_boots	tensura-neoforge-2.0.1.0.jar
tensura	tensura:orichalcum_chestplate	tensura.jar
tensura	tensura:orichalcum_chestplate	tensura-neoforge-2.0.1.0.jar
tensura	tensura:orichalcum_gear_schematic	tensura.jar
tensura	tensura:orichalcum_gear_schematic	tensura-neoforge-2.0.1.0.jar
tensura	tensura:orichalcum_great_sword	tensura.jar
tensura	tensura:orichalcum_great_sword	tensura-neoforge-2.0.1.0.jar
tensura	tensura:orichalcum_helmet	tensura.jar
tensura	tensura:orichalcum_helmet	tensura-neoforge-2.0.1.0.jar
tensura	tensura:orichalcum_hoe	tensura.jar
tensura	tensura:orichalcum_hoe	tensura-neoforge-2.0.1.0.jar
tensura	tensura:orichalcum_ingot	tensura.jar
tensura	tensura:orichalcum_ingot	tensura-neoforge-2.0.1.0.jar
tensura	tensura:orichalcum_katana	tensura.jar
tensura	tensura:orichalcum_katana	tensura-neoforge-2.0.1.0.jar
tensura	tensura:orichalcum_kodachi	tensura.jar
tensura	tensura:orichalcum_kodachi	tensura-neoforge-2.0.1.0.jar
tensura	tensura:orichalcum_leggings	tensura.jar
tensura	tensura:orichalcum_leggings	tensura-neoforge-2.0.1.0.jar
tensura	tensura:orichalcum_long_sword	tensura.jar
tensura	tensura:orichalcum_long_sword	tensura-neoforge-2.0.1.0.jar
tensura	tensura:orichalcum_nugget	tensura.jar
tensura	tensura:orichalcum_nugget	tensura-neoforge-2.0.1.0.jar
tensura	tensura:orichalcum_odachi	tensura.jar
tensura	tensura:orichalcum_odachi	tensura-neoforge-2.0.1.0.jar
tensura	tensura:orichalcum_pickaxe	tensura.jar
tensura	tensura:orichalcum_pickaxe	tensura-neoforge-2.0.1.0.jar
tensura	tensura:orichalcum_scythe	tensura.jar
tensura	tensura:orichalcum_scythe	tensura-neoforge-2.0.1.0.jar
tensura	tensura:orichalcum_short_sword	tensura.jar
tensura	tensura:orichalcum_short_sword	tensura-neoforge-2.0.1.0.jar
tensura	tensura:orichalcum_shovel	tensura.jar
tensura	tensura:orichalcum_shovel	tensura-neoforge-2.0.1.0.jar
tensura	tensura:orichalcum_sickle	tensura.jar
tensura	tensura:orichalcum_sickle	tensura-neoforge-2.0.1.0.jar
tensura	tensura:orichalcum_spear	tensura.jar
tensura	tensura:orichalcum_spear	tensura-neoforge-2.0.1.0.jar
tensura	tensura:orichalcum_spear_throwing	tensura.jar
tensura	tensura:orichalcum_spear_throwing	tensura-neoforge-2.0.1.0.jar
tensura	tensura:orichalcum_sword	tensura.jar
tensura	tensura:orichalcum_sword	tensura-neoforge-2.0.1.0.jar
tensura	tensura:orichalcum_tachi	tensura.jar
tensura	tensura:orichalcum_tachi	tensura-neoforge-2.0.1.0.jar
tensura	tensura:packed_mud_warp_pad	tensura.jar
tensura	tensura:packed_mud_warp_pad	tensura-neoforge-2.0.1.0.jar
tensura	tensura:palm_boat	tensura.jar
tensura	tensura:palm_boat	tensura-neoforge-2.0.1.0.jar
tensura	tensura:palm_button	tensura.jar
tensura	tensura:palm_button	tensura-neoforge-2.0.1.0.jar
tensura	tensura:palm_chest_boat	tensura.jar
tensura	tensura:palm_chest_boat	tensura-neoforge-2.0.1.0.jar
tensura	tensura:palm_door	tensura.jar
tensura	tensura:palm_door	tensura-neoforge-2.0.1.0.jar
tensura	tensura:palm_fence	tensura.jar
tensura	tensura:palm_fence	tensura-neoforge-2.0.1.0.jar
tensura	tensura:palm_fence_gate	tensura.jar
tensura	tensura:palm_fence_gate	tensura-neoforge-2.0.1.0.jar
tensura	tensura:palm_hanging_sign	tensura.jar
tensura	tensura:palm_hanging_sign	tensura-neoforge-2.0.1.0.jar
tensura	tensura:palm_leaves	tensura.jar
tensura	tensura:palm_leaves	tensura-neoforge-2.0.1.0.jar
tensura	tensura:palm_log	tensura.jar
tensura	tensura:palm_log	tensura-neoforge-2.0.1.0.jar
tensura	tensura:palm_planks	tensura.jar
tensura	tensura:palm_planks	tensura-neoforge-2.0.1.0.jar
tensura	tensura:palm_pressure_plate	tensura.jar
tensura	tensura:palm_pressure_plate	tensura-neoforge-2.0.1.0.jar
tensura	tensura:palm_sapling	tensura.jar
tensura	tensura:palm_sapling	tensura-neoforge-2.0.1.0.jar
tensura	tensura:palm_sign	tensura.jar
tensura	tensura:palm_sign	tensura-neoforge-2.0.1.0.jar
tensura	tensura:palm_slab	tensura.jar
tensura	tensura:palm_slab	tensura-neoforge-2.0.1.0.jar
tensura	tensura:palm_stairs	tensura.jar
tensura	tensura:palm_stairs	tensura-neoforge-2.0.1.0.jar
tensura	tensura:palm_tool_rack	tensura.jar
tensura	tensura:palm_tool_rack	tensura-neoforge-2.0.1.0.jar
tensura	tensura:palm_trapdoor	tensura.jar
tensura	tensura:palm_trapdoor	tensura-neoforge-2.0.1.0.jar
tensura	tensura:palm_wood	tensura.jar
tensura	tensura:palm_wood	tensura-neoforge-2.0.1.0.jar
tensura	tensura:pierrot_mask_schematic	tensura.jar
tensura	tensura:pierrot_mask_schematic	tensura-neoforge-2.0.1.0.jar
tensura	tensura:polished_blackstone_bricks_magic_engine	tensura.jar
tensura	tensura:polished_blackstone_bricks_magic_engine	tensura-neoforge-2.0.1.0.jar
tensura	tensura:pouch_a	tensura.jar
tensura	tensura:pouch_a	tensura-neoforge-2.0.1.0.jar
tensura	tensura:pouch_b	tensura.jar
tensura	tensura:pouch_b	tensura-neoforge-2.0.1.0.jar
tensura	tensura:pouch_c	tensura.jar
tensura	tensura:pouch_c	tensura-neoforge-2.0.1.0.jar
tensura	tensura:pouch_d	tensura.jar
tensura	tensura:pouch_d	tensura-neoforge-2.0.1.0.jar
tensura	tensura:pouch_special_a	tensura.jar
tensura	tensura:pouch_special_a	tensura-neoforge-2.0.1.0.jar
tensura	tensura:prismarine_brick_warp_pad	tensura.jar
tensura	tensura:prismarine_brick_warp_pad	tensura-neoforge-2.0.1.0.jar
tensura	tensura:prismarine_bricks_magic_engine	tensura.jar
tensura	tensura:prismarine_bricks_magic_engine	tensura-neoforge-2.0.1.0.jar
tensura	tensura:pure_magisteel_axe	tensura.jar
tensura	tensura:pure_magisteel_axe	tensura-neoforge-2.0.1.0.jar
tensura	tensura:pure_magisteel_block	tensura.jar
tensura	tensura:pure_magisteel_block	tensura-neoforge-2.0.1.0.jar
tensura	tensura:pure_magisteel_bone_golem	tensura.jar
tensura	tensura:pure_magisteel_bone_golem	tensura-neoforge-2.0.1.0.jar
tensura	tensura:pure_magisteel_boots	tensura.jar
tensura	tensura:pure_magisteel_boots	tensura-neoforge-2.0.1.0.jar
tensura	tensura:pure_magisteel_chestplate	tensura.jar
tensura	tensura:pure_magisteel_chestplate	tensura-neoforge-2.0.1.0.jar
tensura	tensura:pure_magisteel_gear_schematic	tensura.jar
tensura	tensura:pure_magisteel_gear_schematic	tensura-neoforge-2.0.1.0.jar
tensura	tensura:pure_magisteel_great_sword	tensura.jar
tensura	tensura:pure_magisteel_great_sword	tensura-neoforge-2.0.1.0.jar
tensura	tensura:pure_magisteel_helmet	tensura.jar
tensura	tensura:pure_magisteel_helmet	tensura-neoforge-2.0.1.0.jar
tensura	tensura:pure_magisteel_hoe	tensura.jar
tensura	tensura:pure_magisteel_hoe	tensura-neoforge-2.0.1.0.jar
tensura	tensura:pure_magisteel_ingot	tensura.jar
tensura	tensura:pure_magisteel_ingot	tensura-neoforge-2.0.1.0.jar
tensura	tensura:pure_magisteel_katana	tensura.jar
tensura	tensura:pure_magisteel_katana	tensura-neoforge-2.0.1.0.jar
tensura	tensura:pure_magisteel_kodachi	tensura.jar
tensura	tensura:pure_magisteel_kodachi	tensura-neoforge-2.0.1.0.jar
tensura	tensura:pure_magisteel_kunai	tensura.jar
tensura	tensura:pure_magisteel_kunai	tensura-neoforge-2.0.1.0.jar
tensura	tensura:pure_magisteel_leggings	tensura.jar
tensura	tensura:pure_magisteel_leggings	tensura-neoforge-2.0.1.0.jar
tensura	tensura:pure_magisteel_long_sword	tensura.jar
tensura	tensura:pure_magisteel_long_sword	tensura-neoforge-2.0.1.0.jar
tensura	tensura:pure_magisteel_nugget	tensura.jar
tensura	tensura:pure_magisteel_nugget	tensura-neoforge-2.0.1.0.jar
tensura	tensura:pure_magisteel_odachi	tensura.jar
tensura	tensura:pure_magisteel_odachi	tensura-neoforge-2.0.1.0.jar
tensura	tensura:pure_magisteel_pickaxe	tensura.jar
tensura	tensura:pure_magisteel_pickaxe	tensura-neoforge-2.0.1.0.jar
tensura	tensura:pure_magisteel_scythe	tensura.jar
tensura	tensura:pure_magisteel_scythe	tensura-neoforge-2.0.1.0.jar
tensura	tensura:pure_magisteel_short_sword	tensura.jar
tensura	tensura:pure_magisteel_short_sword	tensura-neoforge-2.0.1.0.jar
tensura	tensura:pure_magisteel_shovel	tensura.jar
tensura	tensura:pure_magisteel_shovel	tensura-neoforge-2.0.1.0.jar
tensura	tensura:pure_magisteel_sickle	tensura.jar
tensura	tensura:pure_magisteel_sickle	tensura-neoforge-2.0.1.0.jar
tensura	tensura:pure_magisteel_spear	tensura.jar
tensura	tensura:pure_magisteel_spear	tensura-neoforge-2.0.1.0.jar
tensura	tensura:pure_magisteel_spear_throwing	tensura.jar
tensura	tensura:pure_magisteel_spear_throwing	tensura-neoforge-2.0.1.0.jar
tensura	tensura:pure_magisteel_sword	tensura.jar
tensura	tensura:pure_magisteel_sword	tensura-neoforge-2.0.1.0.jar
tensura	tensura:pure_magisteel_tachi	tensura.jar
tensura	tensura:pure_magisteel_tachi	tensura-neoforge-2.0.1.0.jar
tensura	tensura:purpur_bricks_magic_engine	tensura.jar
tensura	tensura:purpur_bricks_magic_engine	tensura-neoforge-2.0.1.0.jar
tensura	tensura:purpur_warp_pad	tensura.jar
tensura	tensura:purpur_warp_pad	tensura-neoforge-2.0.1.0.jar
tensura	tensura:quartz_bricks_magic_engine	tensura.jar
tensura	tensura:quartz_bricks_magic_engine	tensura-neoforge-2.0.1.0.jar
tensura	tensura:quartz_warp_pad	tensura.jar
tensura	tensura:quartz_warp_pad	tensura-neoforge-2.0.1.0.jar
tensura	tensura:quickmud	tensura.jar
tensura	tensura:quickmud	tensura-neoforge-2.0.1.0.jar
tensura	tensura:quicksand	tensura.jar
tensura	tensura:quicksand	tensura-neoforge-2.0.1.0.jar
tensura	tensura:race_reset_scroll	tensura.jar
tensura	tensura:race_reset_scroll	tensura-neoforge-2.0.1.0.jar
tensura	tensura:raw_armorsaurus_meat	tensura.jar
tensura	tensura:raw_armorsaurus_meat	tensura-neoforge-2.0.1.0.jar
tensura	tensura:raw_blade_tiger_meat	tensura.jar
tensura	tensura:raw_blade_tiger_meat	tensura-neoforge-2.0.1.0.jar
tensura	tensura:raw_charybdis_meat	tensura.jar
tensura	tensura:raw_charybdis_meat	tensura-neoforge-2.0.1.0.jar
tensura	tensura:raw_giant_bat_meat	tensura.jar
tensura	tensura:raw_giant_bat_meat	tensura-neoforge-2.0.1.0.jar
tensura	tensura:raw_megalodon_meat	tensura.jar
tensura	tensura:raw_megalodon_meat	tensura-neoforge-2.0.1.0.jar
tensura	tensura:raw_serpent_meat	tensura.jar
tensura	tensura:raw_serpent_meat	tensura-neoforge-2.0.1.0.jar
tensura	tensura:raw_silver	tensura.jar
tensura	tensura:raw_silver	tensura-neoforge-2.0.1.0.jar
tensura	tensura:raw_silver_block	tensura.jar
tensura	tensura:raw_silver_block	tensura-neoforge-2.0.1.0.jar
tensura	tensura:raw_sissie_meat	tensura.jar
tensura	tensura:raw_sissie_meat	tensura-neoforge-2.0.1.0.jar
tensura	tensura:raw_spear_toro_meat	tensura.jar
tensura	tensura:raw_spear_toro_meat	tensura-neoforge-2.0.1.0.jar
tensura	tensura:red_nether_brick_warp_pad	tensura.jar
tensura	tensura:red_nether_brick_warp_pad	tensura-neoforge-2.0.1.0.jar
tensura	tensura:red_nether_bricks_magic_engine	tensura.jar
tensura	tensura:red_nether_bricks_magic_engine	tensura-neoforge-2.0.1.0.jar
tensura	tensura:red_quicksand	tensura.jar
tensura	tensura:red_quicksand	tensura-neoforge-2.0.1.0.jar
tensura	tensura:red_sandstone_warp_pad	tensura.jar
tensura	tensura:red_sandstone_warp_pad	tensura-neoforge-2.0.1.0.jar
tensura	tensura:revival_elixir	tensura.jar
tensura	tensura:revival_elixir	tensura-neoforge-2.0.1.0.jar
tensura	tensura:royal_blood	tensura.jar
tensura	tensura:royal_blood	tensura-neoforge-2.0.1.0.jar
tensura	tensura:royal_dwarven_warp_pad	tensura.jar
tensura	tensura:royal_dwarven_warp_pad	tensura-neoforge-2.0.1.0.jar
tensura	tensura:ruhk	tensura.jar
tensura	tensura:ruhk	tensura-neoforge-2.0.1.0.jar
tensura	tensura:ruhk_gui	tensura.jar
tensura	tensura:ruhk_gui	tensura-neoforge-2.0.1.0.jar
tensura	tensura:sandstone_warp_pad	tensura.jar
tensura	tensura:sandstone_warp_pad	tensura-neoforge-2.0.1.0.jar
tensura	tensura:sarasa_quicksand	tensura.jar
tensura	tensura:sarasa_quicksand	tensura-neoforge-2.0.1.0.jar
tensura	tensura:sarasa_sand	tensura.jar
tensura	tensura:sarasa_sand	tensura-neoforge-2.0.1.0.jar
tensura	tensura:sarasa_sandstone	tensura.jar
tensura	tensura:sarasa_sandstone	tensura-neoforge-2.0.1.0.jar
tensura	tensura:sarasa_sandstone_slab	tensura.jar
tensura	tensura:sarasa_sandstone_slab	tensura-neoforge-2.0.1.0.jar
tensura	tensura:sarasa_sandstone_stairs	tensura.jar
tensura	tensura:sarasa_sandstone_stairs	tensura-neoforge-2.0.1.0.jar
tensura	tensura:sarasa_sandstone_wall	tensura.jar
tensura	tensura:sarasa_sandstone_wall	tensura-neoforge-2.0.1.0.jar
tensura	tensura:sarasa_sandstone_warp_pad	tensura.jar
tensura	tensura:sarasa_sandstone_warp_pad	tensura-neoforge-2.0.1.0.jar
tensura	tensura:scythe_handheld	tensura.jar
tensura	tensura:scythe_handheld	tensura-neoforge-2.0.1.0.jar
tensura	tensura:serpent_scale	tensura.jar
tensura	tensura:serpent_scale	tensura-neoforge-2.0.1.0.jar
tensura	tensura:serpent_scalemail_boots	tensura.jar
tensura	tensura:serpent_scalemail_boots	tensura-neoforge-2.0.1.0.jar
tensura	tensura:serpent_scalemail_boots_amethyst_trim	tensura.jar
tensura	tensura:serpent_scalemail_boots_amethyst_trim	tensura-neoforge-2.0.1.0.jar
tensura	tensura:serpent_scalemail_boots_copper_trim	tensura.jar
tensura	tensura:serpent_scalemail_boots_copper_trim	tensura-neoforge-2.0.1.0.jar
tensura	tensura:serpent_scalemail_boots_diamond_trim	tensura.jar
tensura	tensura:serpent_scalemail_boots_diamond_trim	tensura-neoforge-2.0.1.0.jar
tensura	tensura:serpent_scalemail_boots_emerald_trim	tensura.jar
tensura	tensura:serpent_scalemail_boots_emerald_trim	tensura-neoforge-2.0.1.0.jar
tensura	tensura:serpent_scalemail_boots_gold_trim	tensura.jar
tensura	tensura:serpent_scalemail_boots_gold_trim	tensura-neoforge-2.0.1.0.jar
tensura	tensura:serpent_scalemail_boots_iron_trim	tensura.jar
tensura	tensura:serpent_scalemail_boots_iron_trim	tensura-neoforge-2.0.1.0.jar
tensura	tensura:serpent_scalemail_boots_lapis_trim	tensura.jar
tensura	tensura:serpent_scalemail_boots_lapis_trim	tensura-neoforge-2.0.1.0.jar
tensura	tensura:serpent_scalemail_boots_netherite_trim	tensura.jar
tensura	tensura:serpent_scalemail_boots_netherite_trim	tensura-neoforge-2.0.1.0.jar
tensura	tensura:serpent_scalemail_boots_quartz_trim	tensura.jar
tensura	tensura:serpent_scalemail_boots_quartz_trim	tensura-neoforge-2.0.1.0.jar
tensura	tensura:serpent_scalemail_boots_redstone_trim	tensura.jar
tensura	tensura:serpent_scalemail_boots_redstone_trim	tensura-neoforge-2.0.1.0.jar
tensura	tensura:serpent_scalemail_chestplate	tensura.jar
tensura	tensura:serpent_scalemail_chestplate	tensura-neoforge-2.0.1.0.jar
tensura	tensura:serpent_scalemail_chestplate_amethyst_trim	tensura.jar
tensura	tensura:serpent_scalemail_chestplate_amethyst_trim	tensura-neoforge-2.0.1.0.jar
tensura	tensura:serpent_scalemail_chestplate_copper_trim	tensura.jar
tensura	tensura:serpent_scalemail_chestplate_copper_trim	tensura-neoforge-2.0.1.0.jar
tensura	tensura:serpent_scalemail_chestplate_diamond_trim	tensura.jar
tensura	tensura:serpent_scalemail_chestplate_diamond_trim	tensura-neoforge-2.0.1.0.jar
tensura	tensura:serpent_scalemail_chestplate_emerald_trim	tensura.jar
tensura	tensura:serpent_scalemail_chestplate_emerald_trim	tensura-neoforge-2.0.1.0.jar
tensura	tensura:serpent_scalemail_chestplate_gold_trim	tensura.jar
tensura	tensura:serpent_scalemail_chestplate_gold_trim	tensura-neoforge-2.0.1.0.jar
tensura	tensura:serpent_scalemail_chestplate_iron_trim	tensura.jar
tensura	tensura:serpent_scalemail_chestplate_iron_trim	tensura-neoforge-2.0.1.0.jar
tensura	tensura:serpent_scalemail_chestplate_lapis_trim	tensura.jar
tensura	tensura:serpent_scalemail_chestplate_lapis_trim	tensura-neoforge-2.0.1.0.jar
tensura	tensura:serpent_scalemail_chestplate_netherite_trim	tensura.jar
tensura	tensura:serpent_scalemail_chestplate_netherite_trim	tensura-neoforge-2.0.1.0.jar
tensura	tensura:serpent_scalemail_chestplate_quartz_trim	tensura.jar
tensura	tensura:serpent_scalemail_chestplate_quartz_trim	tensura-neoforge-2.0.1.0.jar
tensura	tensura:serpent_scalemail_chestplate_redstone_trim	tensura.jar
tensura	tensura:serpent_scalemail_chestplate_redstone_trim	tensura-neoforge-2.0.1.0.jar
tensura	tensura:serpent_scalemail_gear_schematic	tensura.jar
tensura	tensura:serpent_scalemail_gear_schematic	tensura-neoforge-2.0.1.0.jar
tensura	tensura:serpent_scalemail_helmet	tensura.jar
tensura	tensura:serpent_scalemail_helmet	tensura-neoforge-2.0.1.0.jar
tensura	tensura:serpent_scalemail_helmet_amethyst_trim	tensura.jar
tensura	tensura:serpent_scalemail_helmet_amethyst_trim	tensura-neoforge-2.0.1.0.jar
tensura	tensura:serpent_scalemail_helmet_copper_trim	tensura.jar
tensura	tensura:serpent_scalemail_helmet_copper_trim	tensura-neoforge-2.0.1.0.jar
tensura	tensura:serpent_scalemail_helmet_diamond_trim	tensura.jar
tensura	tensura:serpent_scalemail_helmet_diamond_trim	tensura-neoforge-2.0.1.0.jar
tensura	tensura:serpent_scalemail_helmet_emerald_trim	tensura.jar
tensura	tensura:serpent_scalemail_helmet_emerald_trim	tensura-neoforge-2.0.1.0.jar
tensura	tensura:serpent_scalemail_helmet_gold_trim	tensura.jar
tensura	tensura:serpent_scalemail_helmet_gold_trim	tensura-neoforge-2.0.1.0.jar
tensura	tensura:serpent_scalemail_helmet_iron_trim	tensura.jar
tensura	tensura:serpent_scalemail_helmet_iron_trim	tensura-neoforge-2.0.1.0.jar
tensura	tensura:serpent_scalemail_helmet_lapis_trim	tensura.jar
tensura	tensura:serpent_scalemail_helmet_lapis_trim	tensura-neoforge-2.0.1.0.jar
tensura	tensura:serpent_scalemail_helmet_netherite_trim	tensura.jar
tensura	tensura:serpent_scalemail_helmet_netherite_trim	tensura-neoforge-2.0.1.0.jar
tensura	tensura:serpent_scalemail_helmet_quartz_trim	tensura.jar
tensura	tensura:serpent_scalemail_helmet_quartz_trim	tensura-neoforge-2.0.1.0.jar
tensura	tensura:serpent_scalemail_helmet_redstone_trim	tensura.jar
tensura	tensura:serpent_scalemail_helmet_redstone_trim	tensura-neoforge-2.0.1.0.jar
tensura	tensura:serpent_scalemail_leggings	tensura.jar
tensura	tensura:serpent_scalemail_leggings	tensura-neoforge-2.0.1.0.jar
tensura	tensura:serpent_scalemail_leggings_amethyst_trim	tensura.jar
tensura	tensura:serpent_scalemail_leggings_amethyst_trim	tensura-neoforge-2.0.1.0.jar
tensura	tensura:serpent_scalemail_leggings_copper_trim	tensura.jar
tensura	tensura:serpent_scalemail_leggings_copper_trim	tensura-neoforge-2.0.1.0.jar
tensura	tensura:serpent_scalemail_leggings_diamond_trim	tensura.jar
tensura	tensura:serpent_scalemail_leggings_diamond_trim	tensura-neoforge-2.0.1.0.jar
tensura	tensura:serpent_scalemail_leggings_emerald_trim	tensura.jar
tensura	tensura:serpent_scalemail_leggings_emerald_trim	tensura-neoforge-2.0.1.0.jar
tensura	tensura:serpent_scalemail_leggings_gold_trim	tensura.jar
tensura	tensura:serpent_scalemail_leggings_gold_trim	tensura-neoforge-2.0.1.0.jar
tensura	tensura:serpent_scalemail_leggings_iron_trim	tensura.jar
tensura	tensura:serpent_scalemail_leggings_iron_trim	tensura-neoforge-2.0.1.0.jar
tensura	tensura:serpent_scalemail_leggings_lapis_trim	tensura.jar
tensura	tensura:serpent_scalemail_leggings_lapis_trim	tensura-neoforge-2.0.1.0.jar
tensura	tensura:serpent_scalemail_leggings_netherite_trim	tensura.jar
tensura	tensura:serpent_scalemail_leggings_netherite_trim	tensura-neoforge-2.0.1.0.jar
tensura	tensura:serpent_scalemail_leggings_quartz_trim	tensura.jar
tensura	tensura:serpent_scalemail_leggings_quartz_trim	tensura-neoforge-2.0.1.0.jar
tensura	tensura:serpent_scalemail_leggings_redstone_trim	tensura.jar
tensura	tensura:serpent_scalemail_leggings_redstone_trim	tensura-neoforge-2.0.1.0.jar
tensura	tensura:severer_blade	tensura.jar
tensura	tensura:severer_blade	tensura-neoforge-2.0.1.0.jar
tensura	tensura:shadow_storage	tensura.jar
tensura	tensura:shadow_storage	tensura-neoforge-2.0.1.0.jar
tensura	tensura:shield_schematic	tensura.jar
tensura	tensura:shield_schematic	tensura-neoforge-2.0.1.0.jar
tensura	tensura:short_bow	tensura.jar
tensura	tensura:short_bow	tensura-neoforge-2.0.1.0.jar
tensura	tensura:short_bow_handheld	tensura.jar
tensura	tensura:short_bow_handheld	tensura-neoforge-2.0.1.0.jar
tensura	tensura:short_bow_pulling_0	tensura.jar
tensura	tensura:short_bow_pulling_0	tensura-neoforge-2.0.1.0.jar
tensura	tensura:short_bow_pulling_1	tensura.jar
tensura	tensura:short_bow_pulling_1	tensura-neoforge-2.0.1.0.jar
tensura	tensura:short_bow_pulling_2	tensura.jar
tensura	tensura:short_bow_pulling_2	tensura-neoforge-2.0.1.0.jar
tensura	tensura:short_spider_bow	tensura.jar
tensura	tensura:short_spider_bow	tensura-neoforge-2.0.1.0.jar
tensura	tensura:short_spider_bow_pulling_0	tensura.jar
tensura	tensura:short_spider_bow_pulling_0	tensura-neoforge-2.0.1.0.jar
tensura	tensura:short_spider_bow_pulling_1	tensura.jar
tensura	tensura:short_spider_bow_pulling_1	tensura-neoforge-2.0.1.0.jar
tensura	tensura:short_spider_bow_pulling_2	tensura.jar
tensura	tensura:short_spider_bow_pulling_2	tensura-neoforge-2.0.1.0.jar
tensura	tensura:short_sword_schematic	tensura.jar
tensura	tensura:short_sword_schematic	tensura-neoforge-2.0.1.0.jar
tensura	tensura:silver_apple	tensura.jar
tensura	tensura:silver_apple	tensura-neoforge-2.0.1.0.jar
tensura	tensura:silver_axe	tensura.jar
tensura	tensura:silver_axe	tensura-neoforge-2.0.1.0.jar
tensura	tensura:silver_block	tensura.jar
tensura	tensura:silver_block	tensura-neoforge-2.0.1.0.jar
tensura	tensura:silver_boots	tensura.jar
tensura	tensura:silver_boots	tensura-neoforge-2.0.1.0.jar
tensura	tensura:silver_boots_amethyst_trim	tensura.jar
tensura	tensura:silver_boots_amethyst_trim	tensura-neoforge-2.0.1.0.jar
tensura	tensura:silver_boots_copper_trim	tensura.jar
tensura	tensura:silver_boots_copper_trim	tensura-neoforge-2.0.1.0.jar
tensura	tensura:silver_boots_diamond_trim	tensura.jar
tensura	tensura:silver_boots_diamond_trim	tensura-neoforge-2.0.1.0.jar
tensura	tensura:silver_boots_emerald_trim	tensura.jar
tensura	tensura:silver_boots_emerald_trim	tensura-neoforge-2.0.1.0.jar
tensura	tensura:silver_boots_gold_trim	tensura.jar
tensura	tensura:silver_boots_gold_trim	tensura-neoforge-2.0.1.0.jar
tensura	tensura:silver_boots_iron_trim	tensura.jar
tensura	tensura:silver_boots_iron_trim	tensura-neoforge-2.0.1.0.jar
tensura	tensura:silver_boots_lapis_trim	tensura.jar
tensura	tensura:silver_boots_lapis_trim	tensura-neoforge-2.0.1.0.jar
tensura	tensura:silver_boots_netherite_trim	tensura.jar
tensura	tensura:silver_boots_netherite_trim	tensura-neoforge-2.0.1.0.jar
tensura	tensura:silver_boots_quartz_trim	tensura.jar
tensura	tensura:silver_boots_quartz_trim	tensura-neoforge-2.0.1.0.jar
tensura	tensura:silver_boots_redstone_trim	tensura.jar
tensura	tensura:silver_boots_redstone_trim	tensura-neoforge-2.0.1.0.jar
tensura	tensura:silver_chestplate	tensura.jar
tensura	tensura:silver_chestplate	tensura-neoforge-2.0.1.0.jar
tensura	tensura:silver_chestplate_amethyst_trim	tensura.jar
tensura	tensura:silver_chestplate_amethyst_trim	tensura-neoforge-2.0.1.0.jar
tensura	tensura:silver_chestplate_copper_trim	tensura.jar
tensura	tensura:silver_chestplate_copper_trim	tensura-neoforge-2.0.1.0.jar
tensura	tensura:silver_chestplate_diamond_trim	tensura.jar
tensura	tensura:silver_chestplate_diamond_trim	tensura-neoforge-2.0.1.0.jar
tensura	tensura:silver_chestplate_emerald_trim	tensura.jar
tensura	tensura:silver_chestplate_emerald_trim	tensura-neoforge-2.0.1.0.jar
tensura	tensura:silver_chestplate_gold_trim	tensura.jar
tensura	tensura:silver_chestplate_gold_trim	tensura-neoforge-2.0.1.0.jar
tensura	tensura:silver_chestplate_iron_trim	tensura.jar
tensura	tensura:silver_chestplate_iron_trim	tensura-neoforge-2.0.1.0.jar
tensura	tensura:silver_chestplate_lapis_trim	tensura.jar
tensura	tensura:silver_chestplate_lapis_trim	tensura-neoforge-2.0.1.0.jar
tensura	tensura:silver_chestplate_netherite_trim	tensura.jar
tensura	tensura:silver_chestplate_netherite_trim	tensura-neoforge-2.0.1.0.jar
tensura	tensura:silver_chestplate_quartz_trim	tensura.jar
tensura	tensura:silver_chestplate_quartz_trim	tensura-neoforge-2.0.1.0.jar
tensura	tensura:silver_chestplate_redstone_trim	tensura.jar
tensura	tensura:silver_chestplate_redstone_trim	tensura-neoforge-2.0.1.0.jar
tensura	tensura:silver_coin	tensura.jar
tensura	tensura:silver_coin	tensura-neoforge-2.0.1.0.jar
tensura	tensura:silver_gear_schematic	tensura.jar
tensura	tensura:silver_gear_schematic	tensura-neoforge-2.0.1.0.jar
tensura	tensura:silver_great_sword	tensura.jar
tensura	tensura:silver_great_sword	tensura-neoforge-2.0.1.0.jar
tensura	tensura:silver_helmet	tensura.jar
tensura	tensura:silver_helmet	tensura-neoforge-2.0.1.0.jar
tensura	tensura:silver_helmet_amethyst_trim	tensura.jar
tensura	tensura:silver_helmet_amethyst_trim	tensura-neoforge-2.0.1.0.jar
tensura	tensura:silver_helmet_copper_trim	tensura.jar
tensura	tensura:silver_helmet_copper_trim	tensura-neoforge-2.0.1.0.jar
tensura	tensura:silver_helmet_diamond_trim	tensura.jar
tensura	tensura:silver_helmet_diamond_trim	tensura-neoforge-2.0.1.0.jar
tensura	tensura:silver_helmet_emerald_trim	tensura.jar
tensura	tensura:silver_helmet_emerald_trim	tensura-neoforge-2.0.1.0.jar
tensura	tensura:silver_helmet_gold_trim	tensura.jar
tensura	tensura:silver_helmet_gold_trim	tensura-neoforge-2.0.1.0.jar
tensura	tensura:silver_helmet_iron_trim	tensura.jar
tensura	tensura:silver_helmet_iron_trim	tensura-neoforge-2.0.1.0.jar
tensura	tensura:silver_helmet_lapis_trim	tensura.jar
tensura	tensura:silver_helmet_lapis_trim	tensura-neoforge-2.0.1.0.jar
tensura	tensura:silver_helmet_netherite_trim	tensura.jar
tensura	tensura:silver_helmet_netherite_trim	tensura-neoforge-2.0.1.0.jar
tensura	tensura:silver_helmet_quartz_trim	tensura.jar
tensura	tensura:silver_helmet_quartz_trim	tensura-neoforge-2.0.1.0.jar
tensura	tensura:silver_helmet_redstone_trim	tensura.jar
tensura	tensura:silver_helmet_redstone_trim	tensura-neoforge-2.0.1.0.jar
tensura	tensura:silver_hoe	tensura.jar
tensura	tensura:silver_hoe	tensura-neoforge-2.0.1.0.jar
tensura	tensura:silver_ingot	tensura.jar
tensura	tensura:silver_ingot	tensura-neoforge-2.0.1.0.jar
tensura	tensura:silver_katana	tensura.jar
tensura	tensura:silver_katana	tensura-neoforge-2.0.1.0.jar
tensura	tensura:silver_kodachi	tensura.jar
tensura	tensura:silver_kodachi	tensura-neoforge-2.0.1.0.jar
tensura	tensura:silver_leggings	tensura.jar
tensura	tensura:silver_leggings	tensura-neoforge-2.0.1.0.jar
tensura	tensura:silver_leggings_amethyst_trim	tensura.jar
tensura	tensura:silver_leggings_amethyst_trim	tensura-neoforge-2.0.1.0.jar
tensura	tensura:silver_leggings_copper_trim	tensura.jar
tensura	tensura:silver_leggings_copper_trim	tensura-neoforge-2.0.1.0.jar
tensura	tensura:silver_leggings_diamond_trim	tensura.jar
tensura	tensura:silver_leggings_diamond_trim	tensura-neoforge-2.0.1.0.jar
tensura	tensura:silver_leggings_emerald_trim	tensura.jar
tensura	tensura:silver_leggings_emerald_trim	tensura-neoforge-2.0.1.0.jar
tensura	tensura:silver_leggings_gold_trim	tensura.jar
tensura	tensura:silver_leggings_gold_trim	tensura-neoforge-2.0.1.0.jar
tensura	tensura:silver_leggings_iron_trim	tensura.jar
tensura	tensura:silver_leggings_iron_trim	tensura-neoforge-2.0.1.0.jar
tensura	tensura:silver_leggings_lapis_trim	tensura.jar
tensura	tensura:silver_leggings_lapis_trim	tensura-neoforge-2.0.1.0.jar
tensura	tensura:silver_leggings_netherite_trim	tensura.jar
tensura	tensura:silver_leggings_netherite_trim	tensura-neoforge-2.0.1.0.jar
tensura	tensura:silver_leggings_quartz_trim	tensura.jar
tensura	tensura:silver_leggings_quartz_trim	tensura-neoforge-2.0.1.0.jar
tensura	tensura:silver_leggings_redstone_trim	tensura.jar
tensura	tensura:silver_leggings_redstone_trim	tensura-neoforge-2.0.1.0.jar
tensura	tensura:silver_long_sword	tensura.jar
tensura	tensura:silver_long_sword	tensura-neoforge-2.0.1.0.jar
tensura	tensura:silver_nugget	tensura.jar
tensura	tensura:silver_nugget	tensura-neoforge-2.0.1.0.jar
tensura	tensura:silver_odachi	tensura.jar
tensura	tensura:silver_odachi	tensura-neoforge-2.0.1.0.jar
tensura	tensura:silver_ore	tensura.jar
tensura	tensura:silver_ore	tensura-neoforge-2.0.1.0.jar
tensura	tensura:silver_pickaxe	tensura.jar
tensura	tensura:silver_pickaxe	tensura-neoforge-2.0.1.0.jar
tensura	tensura:silver_scythe	tensura.jar
tensura	tensura:silver_scythe	tensura-neoforge-2.0.1.0.jar
tensura	tensura:silver_short_sword	tensura.jar
tensura	tensura:silver_short_sword	tensura-neoforge-2.0.1.0.jar
tensura	tensura:silver_shovel	tensura.jar
tensura	tensura:silver_shovel	tensura-neoforge-2.0.1.0.jar
tensura	tensura:silver_sickle	tensura.jar
tensura	tensura:silver_sickle	tensura-neoforge-2.0.1.0.jar
tensura	tensura:silver_spear	tensura.jar
tensura	tensura:silver_spear	tensura-neoforge-2.0.1.0.jar
tensura	tensura:silver_spear_throwing	tensura.jar
tensura	tensura:silver_spear_throwing	tensura-neoforge-2.0.1.0.jar
tensura	tensura:silver_sword	tensura.jar
tensura	tensura:silver_sword	tensura-neoforge-2.0.1.0.jar
tensura	tensura:silver_tachi	tensura.jar
tensura	tensura:silver_tachi	tensura-neoforge-2.0.1.0.jar
tensura	tensura:single_tatami_block	tensura.jar
tensura	tensura:single_tatami_block	tensura-neoforge-2.0.1.0.jar
tensura	tensura:single_tatami_carpet	tensura.jar
tensura	tensura:single_tatami_carpet	tensura-neoforge-2.0.1.0.jar
tensura	tensura:sissie_fin	tensura.jar
tensura	tensura:sissie_fin	tensura-neoforge-2.0.1.0.jar
tensura	tensura:sissie_tooth	tensura.jar
tensura	tensura:sissie_tooth	tensura-neoforge-2.0.1.0.jar
tensura	tensura:sissie_tooth_pickaxe	tensura.jar
tensura	tensura:sissie_tooth_pickaxe	tensura-neoforge-2.0.1.0.jar
tensura	tensura:skill_reset_scroll	tensura.jar
tensura	tensura:skill_reset_scroll	tensura-neoforge-2.0.1.0.jar
tensura	tensura:slime_chunk	tensura.jar
tensura	tensura:slime_chunk	tensura-neoforge-2.0.1.0.jar
tensura	tensura:slime_chunk_block	tensura.jar
tensura	tensura:slime_chunk_block	tensura-neoforge-2.0.1.0.jar
tensura	tensura:slime_core	tensura.jar
tensura	tensura:slime_core	tensura-neoforge-2.0.1.0.jar
tensura	tensura:slime_in_a_bucket	tensura.jar
tensura	tensura:slime_in_a_bucket	tensura-neoforge-2.0.1.0.jar
tensura	tensura:slime_staff	tensura.jar
tensura	tensura:slime_staff	tensura-neoforge-2.0.1.0.jar
tensura	tensura:slime_staff_gui	tensura.jar
tensura	tensura:slime_staff_gui	tensura-neoforge-2.0.1.0.jar
tensura	tensura:smithing_bench	tensura.jar
tensura	tensura:smithing_bench	tensura-neoforge-2.0.1.0.jar
tensura	tensura:smooth_sarasa_sandstone	tensura.jar
tensura	tensura:smooth_sarasa_sandstone	tensura-neoforge-2.0.1.0.jar
tensura	tensura:smooth_sarasa_sandstone_slab	tensura.jar
tensura	tensura:smooth_sarasa_sandstone_slab	tensura-neoforge-2.0.1.0.jar
tensura	tensura:smooth_sarasa_sandstone_stairs	tensura.jar
tensura	tensura:smooth_sarasa_sandstone_stairs	tensura-neoforge-2.0.1.0.jar
tensura	tensura:space_elemental_shard	tensura.jar
tensura	tensura:space_elemental_shard	tensura-neoforge-2.0.1.0.jar
tensura	tensura:spatial_bag	tensura.jar
tensura	tensura:spatial_bag	tensura-neoforge-2.0.1.0.jar
tensura	tensura:spatial_blade	tensura.jar
tensura	tensura:spatial_blade	tensura-neoforge-2.0.1.0.jar
tensura	tensura:spatial_blade_hilt	tensura.jar
tensura	tensura:spatial_blade_hilt	tensura-neoforge-2.0.1.0.jar
tensura	tensura:spatial_blade_schematic	tensura.jar
tensura	tensura:spatial_blade_schematic	tensura-neoforge-2.0.1.0.jar
tensura	tensura:spear_handheld	tensura.jar
tensura	tensura:spear_handheld	tensura-neoforge-2.0.1.0.jar
tensura	tensura:spear_handheld_throwing	tensura.jar
tensura	tensura:spear_handheld_throwing	tensura-neoforge-2.0.1.0.jar
tensura	tensura:spear_schematic	tensura.jar
tensura	tensura:spear_schematic	tensura-neoforge-2.0.1.0.jar
tensura	tensura:spear_toro_fin	tensura.jar
tensura	tensura:spear_toro_fin	tensura-neoforge-2.0.1.0.jar
tensura	tensura:speared_fin_arrow	tensura.jar
tensura	tensura:speared_fin_arrow	tensura-neoforge-2.0.1.0.jar
tensura	tensura:spellbinding_table	tensura.jar
tensura	tensura:spellbinding_table	tensura-neoforge-2.0.1.0.jar
tensura	tensura:spider_bow	tensura.jar
tensura	tensura:spider_bow	tensura-neoforge-2.0.1.0.jar
tensura	tensura:spider_bow_pulling_0	tensura.jar
tensura	tensura:spider_bow_pulling_0	tensura-neoforge-2.0.1.0.jar
tensura	tensura:spider_bow_pulling_1	tensura.jar
tensura	tensura:spider_bow_pulling_1	tensura-neoforge-2.0.1.0.jar
tensura	tensura:spider_bow_pulling_2	tensura.jar
tensura	tensura:spider_bow_pulling_2	tensura-neoforge-2.0.1.0.jar
tensura	tensura:spider_bows_schematic	tensura.jar
tensura	tensura:spider_bows_schematic	tensura-neoforge-2.0.1.0.jar
tensura	tensura:spider_dagger	tensura.jar
tensura	tensura:spider_dagger	tensura-neoforge-2.0.1.0.jar
tensura	tensura:spider_egg	tensura.jar
tensura	tensura:spider_egg	tensura-neoforge-2.0.1.0.jar
tensura	tensura:spider_fang	tensura.jar
tensura	tensura:spider_fang	tensura-neoforge-2.0.1.0.jar
tensura	tensura:spruce_tool_rack	tensura.jar
tensura	tensura:spruce_tool_rack	tensura-neoforge-2.0.1.0.jar
tensura	tensura:steel_thread	tensura.jar
tensura	tensura:steel_thread	tensura-neoforge-2.0.1.0.jar
tensura	tensura:stellar_gold_coin	tensura.jar
tensura	tensura:stellar_gold_coin	tensura-neoforge-2.0.1.0.jar
tensura	tensura:sticky_cobweb	tensura.jar
tensura	tensura:sticky_cobweb	tensura-neoforge-2.0.1.0.jar
tensura	tensura:sticky_steel_cobweb	tensura.jar
tensura	tensura:sticky_steel_cobweb	tensura-neoforge-2.0.1.0.jar
tensura	tensura:sticky_steel_web_cartridge	tensura.jar
tensura	tensura:sticky_steel_web_cartridge	tensura-neoforge-2.0.1.0.jar
tensura	tensura:sticky_thread	tensura.jar
tensura	tensura:sticky_thread	tensura-neoforge-2.0.1.0.jar
tensura	tensura:sticky_web_cartridge	tensura.jar
tensura	tensura:sticky_web_cartridge	tensura-neoforge-2.0.1.0.jar
tensura	tensura:stone_brick_magic_engine	tensura.jar
tensura	tensura:stone_brick_magic_engine	tensura-neoforge-2.0.1.0.jar
tensura	tensura:stone_bricks_magic_engine	tensura.jar
tensura	tensura:stone_bricks_magic_engine	tensura-neoforge-2.0.1.0.jar
tensura	tensura:stone_great_sword	tensura.jar
tensura	tensura:stone_great_sword	tensura-neoforge-2.0.1.0.jar
tensura	tensura:stone_katana	tensura.jar
tensura	tensura:stone_katana	tensura-neoforge-2.0.1.0.jar
tensura	tensura:stone_kodachi	tensura.jar
tensura	tensura:stone_kodachi	tensura-neoforge-2.0.1.0.jar
tensura	tensura:stone_long_sword	tensura.jar
tensura	tensura:stone_long_sword	tensura-neoforge-2.0.1.0.jar
tensura	tensura:stone_odachi	tensura.jar
tensura	tensura:stone_odachi	tensura-neoforge-2.0.1.0.jar
tensura	tensura:stone_scythe	tensura.jar
tensura	tensura:stone_scythe	tensura-neoforge-2.0.1.0.jar
tensura	tensura:stone_short_sword	tensura.jar
tensura	tensura:stone_short_sword	tensura-neoforge-2.0.1.0.jar
tensura	tensura:stone_sickle	tensura.jar
tensura	tensura:stone_sickle	tensura-neoforge-2.0.1.0.jar
tensura	tensura:stone_spear	tensura.jar
tensura	tensura:stone_spear	tensura-neoforge-2.0.1.0.jar
tensura	tensura:stone_spear_throwing	tensura.jar
tensura	tensura:stone_spear_throwing	tensura-neoforge-2.0.1.0.jar
tensura	tensura:stone_tachi	tensura.jar
tensura	tensura:stone_tachi	tensura-neoforge-2.0.1.0.jar
tensura	tensura:stone_warp_pad	tensura.jar
tensura	tensura:stone_warp_pad	tensura-neoforge-2.0.1.0.jar
tensura	tensura:stripped_palm_log	tensura.jar
tensura	tensura:stripped_palm_log	tensura-neoforge-2.0.1.0.jar
tensura	tensura:stripped_palm_wood	tensura.jar
tensura	tensura:stripped_palm_wood	tensura-neoforge-2.0.1.0.jar
tensura	tensura:tachi_handheld	tensura.jar
tensura	tensura:tachi_handheld	tensura-neoforge-2.0.1.0.jar
tensura	tensura:tatami_block	tensura.jar
tensura	tensura:tatami_block	tensura-neoforge-2.0.1.0.jar
tensura	tensura:tatami_carpet	tensura.jar
tensura	tensura:tatami_carpet	tensura-neoforge-2.0.1.0.jar
tensura	tensura:teary_pierrot_mask	tensura.jar
tensura	tensura:teary_pierrot_mask	tensura-neoforge-2.0.1.0.jar
tensura	tensura:tempest_scale_knife	tensura.jar
tensura	tensura:tempest_scale_knife	tensura-neoforge-2.0.1.0.jar
tensura	tensura:tempest_scale_shield	tensura.jar
tensura	tensura:tempest_scale_shield	tensura-neoforge-2.0.1.0.jar
tensura	tensura:tempest_scale_shield_blocking	tensura.jar
tensura	tensura:tempest_scale_shield_blocking	tensura-neoforge-2.0.1.0.jar
tensura	tensura:tempest_scale_shield_gui	tensura.jar
tensura	tensura:tempest_scale_shield_gui	tensura-neoforge-2.0.1.0.jar
tensura	tensura:tempest_scale_sword	tensura.jar
tensura	tensura:tempest_scale_sword	tensura-neoforge-2.0.1.0.jar
tensura	tensura:thatch	tensura.jar
tensura	tensura:thatch	tensura-neoforge-2.0.1.0.jar
tensura	tensura:thatch_bed	tensura.jar
tensura	tensura:thatch_bed	tensura-neoforge-2.0.1.0.jar
tensura	tensura:thatch_block	tensura.jar
tensura	tensura:thatch_block	tensura-neoforge-2.0.1.0.jar
tensura	tensura:thatch_slab	tensura.jar
tensura	tensura:thatch_slab	tensura-neoforge-2.0.1.0.jar
tensura	tensura:thatch_stairs	tensura.jar
tensura	tensura:thatch_stairs	tensura-neoforge-2.0.1.0.jar
tensura	tensura:thatch_wall	tensura.jar
tensura	tensura:thatch_wall	tensura-neoforge-2.0.1.0.jar
tensura	tensura:training_dummy	tensura.jar
tensura	tensura:training_dummy	tensura-neoforge-2.0.1.0.jar
tensura	tensura:tuff_bricks_magic_engine	tensura.jar
tensura	tensura:tuff_bricks_magic_engine	tensura-neoforge-2.0.1.0.jar
tensura	tensura:tuff_warp_pad	tensura.jar
tensura	tensura:tuff_warp_pad	tensura-neoforge-2.0.1.0.jar
tensura	tensura:unbound_tome	tensura.jar
tensura	tensura:unbound_tome	tensura-neoforge-2.0.1.0.jar
tensura	tensura:unicorn_horn	tensura.jar
tensura	tensura:unicorn_horn	tensura-neoforge-2.0.1.0.jar
tensura	tensura:unicorn_horn_spear	tensura.jar
tensura	tensura:unicorn_horn_spear	tensura-neoforge-2.0.1.0.jar
tensura	tensura:unicorn_horn_spear_throwing	tensura.jar
tensura	tensura:unicorn_horn_spear_throwing	tensura-neoforge-2.0.1.0.jar
tensura	tensura:vacuumed_magic_bottle_of_water	tensura.jar
tensura	tensura:vacuumed_magic_bottle_of_water	tensura-neoforge-2.0.1.0.jar
tensura	tensura:vortex_spear	tensura.jar
tensura	tensura:vortex_spear	tensura-neoforge-2.0.1.0.jar
tensura	tensura:vortex_spear_gui	tensura.jar
tensura	tensura:vortex_spear_gui	tensura-neoforge-2.0.1.0.jar
tensura	tensura:vortex_spear_throwing	tensura.jar
tensura	tensura:vortex_spear_throwing	tensura-neoforge-2.0.1.0.jar
tensura	tensura:walther_p99	tensura.jar
tensura	tensura:walther_p99	tensura-neoforge-2.0.1.0.jar
tensura	tensura:walther_p99_sliding	tensura.jar
tensura	tensura:walther_p99_sliding	tensura-neoforge-2.0.1.0.jar
tensura	tensura:war_bow	tensura.jar
tensura	tensura:war_bow	tensura-neoforge-2.0.1.0.jar
tensura	tensura:war_bow_handheld	tensura.jar
tensura	tensura:war_bow_handheld	tensura-neoforge-2.0.1.0.jar
tensura	tensura:war_bow_pulling_0	tensura.jar
tensura	tensura:war_bow_pulling_0	tensura-neoforge-2.0.1.0.jar
tensura	tensura:war_bow_pulling_1	tensura.jar
tensura	tensura:war_bow_pulling_1	tensura-neoforge-2.0.1.0.jar
tensura	tensura:war_bow_pulling_2	tensura.jar
tensura	tensura:war_bow_pulling_2	tensura-neoforge-2.0.1.0.jar
tensura	tensura:war_spider_bow	tensura.jar
tensura	tensura:war_spider_bow	tensura-neoforge-2.0.1.0.jar
tensura	tensura:war_spider_bow_handheld	tensura.jar
tensura	tensura:war_spider_bow_handheld	tensura-neoforge-2.0.1.0.jar
tensura	tensura:war_spider_bow_pulling_0	tensura.jar
tensura	tensura:war_spider_bow_pulling_0	tensura-neoforge-2.0.1.0.jar
tensura	tensura:war_spider_bow_pulling_1	tensura.jar
tensura	tensura:war_spider_bow_pulling_1	tensura-neoforge-2.0.1.0.jar
tensura	tensura:war_spider_bow_pulling_2	tensura.jar
tensura	tensura:war_spider_bow_pulling_2	tensura-neoforge-2.0.1.0.jar
tensura	tensura:warp_core	tensura.jar
tensura	tensura:warp_core	tensura-neoforge-2.0.1.0.jar
tensura	tensura:warp_pad_large	tensura.jar
tensura	tensura:warp_pad_large	tensura-neoforge-2.0.1.0.jar
tensura	tensura:warped_tool_rack	tensura.jar
tensura	tensura:warped_tool_rack	tensura-neoforge-2.0.1.0.jar
tensura	tensura:water_elemental_shard	tensura.jar
tensura	tensura:water_elemental_shard	tensura-neoforge-2.0.1.0.jar
tensura	tensura:web_block	tensura.jar
tensura	tensura:web_block	tensura-neoforge-2.0.1.0.jar
tensura	tensura:web_cartridge	tensura.jar
tensura	tensura:web_cartridge	tensura-neoforge-2.0.1.0.jar
tensura	tensura:web_gun	tensura.jar
tensura	tensura:web_gun	tensura-neoforge-2.0.1.0.jar
tensura	tensura:web_gun_loaded	tensura.jar
tensura	tensura:web_gun_loaded	tensura-neoforge-2.0.1.0.jar
tensura	tensura:web_gun_loading	tensura.jar
tensura	tensura:web_gun_loading	tensura-neoforge-2.0.1.0.jar
tensura	tensura:web_gun_schematic	tensura.jar
tensura	tensura:web_gun_schematic	tensura-neoforge-2.0.1.0.jar
tensura	tensura:web_slab	tensura.jar
tensura	tensura:web_slab	tensura-neoforge-2.0.1.0.jar
tensura	tensura:web_stairs	tensura.jar
tensura	tensura:web_stairs	tensura-neoforge-2.0.1.0.jar
tensura	tensura:webbed_cobblestone	tensura.jar
tensura	tensura:webbed_cobblestone	tensura-neoforge-2.0.1.0.jar
tensura	tensura:webbed_cobblestone_slab	tensura.jar
tensura	tensura:webbed_cobblestone_slab	tensura-neoforge-2.0.1.0.jar
tensura	tensura:webbed_cobblestone_stairs	tensura.jar
tensura	tensura:webbed_cobblestone_stairs	tensura-neoforge-2.0.1.0.jar
tensura	tensura:webbed_cobblestone_wall	tensura.jar
tensura	tensura:webbed_cobblestone_wall	tensura-neoforge-2.0.1.0.jar
tensura	tensura:webbed_stone_brick_slab	tensura.jar
tensura	tensura:webbed_stone_brick_slab	tensura-neoforge-2.0.1.0.jar
tensura	tensura:webbed_stone_brick_stairs	tensura.jar
tensura	tensura:webbed_stone_brick_stairs	tensura-neoforge-2.0.1.0.jar
tensura	tensura:webbed_stone_brick_wall	tensura.jar
tensura	tensura:webbed_stone_brick_wall	tensura-neoforge-2.0.1.0.jar
tensura	tensura:webbed_stone_bricks	tensura.jar
tensura	tensura:webbed_stone_bricks	tensura-neoforge-2.0.1.0.jar
tensura	tensura:wind_elemental_shard	tensura.jar
tensura	tensura:wind_elemental_shard	tensura-neoforge-2.0.1.0.jar
tensura	tensura:winged_shoes	tensura.jar
tensura	tensura:winged_shoes	tensura-neoforge-2.0.1.0.jar
tensura	tensura:winged_shoes_amethyst_trim	tensura.jar
tensura	tensura:winged_shoes_amethyst_trim	tensura-neoforge-2.0.1.0.jar
tensura	tensura:winged_shoes_copper_trim	tensura.jar
tensura	tensura:winged_shoes_copper_trim	tensura-neoforge-2.0.1.0.jar
tensura	tensura:winged_shoes_diamond_trim	tensura.jar
tensura	tensura:winged_shoes_diamond_trim	tensura-neoforge-2.0.1.0.jar
tensura	tensura:winged_shoes_emerald_trim	tensura.jar
tensura	tensura:winged_shoes_emerald_trim	tensura-neoforge-2.0.1.0.jar
tensura	tensura:winged_shoes_gold_trim	tensura.jar
tensura	tensura:winged_shoes_gold_trim	tensura-neoforge-2.0.1.0.jar
tensura	tensura:winged_shoes_iron_trim	tensura.jar
tensura	tensura:winged_shoes_iron_trim	tensura-neoforge-2.0.1.0.jar
tensura	tensura:winged_shoes_lapis_trim	tensura.jar
tensura	tensura:winged_shoes_lapis_trim	tensura-neoforge-2.0.1.0.jar
tensura	tensura:winged_shoes_netherite_trim	tensura.jar
tensura	tensura:winged_shoes_netherite_trim	tensura-neoforge-2.0.1.0.jar
tensura	tensura:winged_shoes_quartz_trim	tensura.jar
tensura	tensura:winged_shoes_quartz_trim	tensura-neoforge-2.0.1.0.jar
tensura	tensura:winged_shoes_redstone_trim	tensura.jar
tensura	tensura:winged_shoes_redstone_trim	tensura-neoforge-2.0.1.0.jar
tensura	tensura:wonder_pierrot_mask	tensura.jar
tensura	tensura:wonder_pierrot_mask	tensura-neoforge-2.0.1.0.jar
tensura	tensura:woodcutter	tensura.jar
tensura	tensura:woodcutter	tensura-neoforge-2.0.1.0.jar
tensura	tensura:wooden_great_sword	tensura.jar
tensura	tensura:wooden_great_sword	tensura-neoforge-2.0.1.0.jar
tensura	tensura:wooden_katana	tensura.jar
tensura	tensura:wooden_katana	tensura-neoforge-2.0.1.0.jar
tensura	tensura:wooden_kodachi	tensura.jar
tensura	tensura:wooden_kodachi	tensura-neoforge-2.0.1.0.jar
tensura	tensura:wooden_long_sword	tensura.jar
tensura	tensura:wooden_long_sword	tensura-neoforge-2.0.1.0.jar
tensura	tensura:wooden_odachi	tensura.jar
tensura	tensura:wooden_odachi	tensura-neoforge-2.0.1.0.jar
tensura	tensura:wooden_scythe	tensura.jar
tensura	tensura:wooden_scythe	tensura-neoforge-2.0.1.0.jar
tensura	tensura:wooden_short_sword	tensura.jar
tensura	tensura:wooden_short_sword	tensura-neoforge-2.0.1.0.jar
tensura	tensura:wooden_sickle	tensura.jar
tensura	tensura:wooden_sickle	tensura-neoforge-2.0.1.0.jar
tensura	tensura:wooden_spear	tensura.jar
tensura	tensura:wooden_spear	tensura-neoforge-2.0.1.0.jar
tensura	tensura:wooden_spear_throwing	tensura.jar
tensura	tensura:wooden_spear_throwing	tensura-neoforge-2.0.1.0.jar
tensura	tensura:wooden_tachi	tensura.jar
tensura	tensura:wooden_tachi	tensura-neoforge-2.0.1.0.jar
tensura	tensura:zane_blood	tensura.jar
tensura	tensura:zane_blood	tensura-neoforge-2.0.1.0.jar
tensuramoreskills	tensuramoreskills:black_blood_mire	tensuramoreskills-0.0.4.3.jar
tensuramoreskills	tensuramoreskills:blood_altar	tensuramoreskills-0.0.4.3.jar
tensuramoreskills	tensuramoreskills:caedros_ashen_halberd	tensuramoreskills-0.0.4.3.jar
tensuramoreskills	tensuramoreskills:extermination_blade	tensuramoreskills-0.0.4.3.jar
tensuramoreskills	tensuramoreskills:feldway_angel_summoner	tensuramoreskills-0.0.4.3.jar
tensuramoreskills	tensuramoreskills:infected_dirt	tensuramoreskills-0.0.4.3.jar
tensuramoreskills	tensuramoreskills:infected_grass	tensuramoreskills-0.0.4.3.jar
tensuramoreskills	tensuramoreskills:infected_leaves	tensuramoreskills-0.0.4.3.jar
tensuramoreskills	tensuramoreskills:infected_wood	tensuramoreskills-0.0.4.3.jar
tensuramoreskills	tensuramoreskills:paths_block	tensuramoreskills-0.0.4.3.jar
tensuramoreskills	tensuramoreskills:privacy_helmet	tensuramoreskills-0.0.4.3.jar
waystones	waystones:attuned_shard	waystones-neoforge-1.21.1-21.1.35.jar
waystones	waystones:black_portstone	waystones-neoforge-1.21.1-21.1.35.jar
waystones	waystones:black_sharestone	waystones-neoforge-1.21.1-21.1.35.jar
waystones	waystones:blackstone_waystone	waystones-neoforge-1.21.1-21.1.35.jar
waystones	waystones:blank_scroll	waystones-neoforge-1.21.1-21.1.35.jar
waystones	waystones:blue_portstone	waystones-neoforge-1.21.1-21.1.35.jar
waystones	waystones:blue_sharestone	waystones-neoforge-1.21.1-21.1.35.jar
waystones	waystones:bound_scroll	waystones-neoforge-1.21.1-21.1.35.jar
waystones	waystones:brown_portstone	waystones-neoforge-1.21.1-21.1.35.jar
waystones	waystones:brown_sharestone	waystones-neoforge-1.21.1-21.1.35.jar
waystones	waystones:crumbling_attuned_shard	waystones-neoforge-1.21.1-21.1.35.jar
waystones	waystones:cyan_portstone	waystones-neoforge-1.21.1-21.1.35.jar
waystones	waystones:cyan_sharestone	waystones-neoforge-1.21.1-21.1.35.jar
waystones	waystones:deepslate_shard	waystones-neoforge-1.21.1-21.1.35.jar
waystones	waystones:deepslate_waystone	waystones-neoforge-1.21.1-21.1.35.jar
waystones	waystones:dormant_shard	waystones-neoforge-1.21.1-21.1.35.jar
waystones	waystones:end_stone_waystone	waystones-neoforge-1.21.1-21.1.35.jar
waystones	waystones:epitaph	waystones-neoforge-1.21.1-21.1.35.jar
waystones	waystones:gray_portstone	waystones-neoforge-1.21.1-21.1.35.jar
waystones	waystones:gray_sharestone	waystones-neoforge-1.21.1-21.1.35.jar
waystones	waystones:green_portstone	waystones-neoforge-1.21.1-21.1.35.jar
waystones	waystones:green_sharestone	waystones-neoforge-1.21.1-21.1.35.jar
waystones	waystones:light_blue_portstone	waystones-neoforge-1.21.1-21.1.35.jar
waystones	waystones:light_blue_sharestone	waystones-neoforge-1.21.1-21.1.35.jar
waystones	waystones:light_gray_portstone	waystones-neoforge-1.21.1-21.1.35.jar
waystones	waystones:light_gray_sharestone	waystones-neoforge-1.21.1-21.1.35.jar
waystones	waystones:lime_portstone	waystones-neoforge-1.21.1-21.1.35.jar
waystones	waystones:lime_sharestone	waystones-neoforge-1.21.1-21.1.35.jar
waystones	waystones:magenta_portstone	waystones-neoforge-1.21.1-21.1.35.jar
waystones	waystones:magenta_sharestone	waystones-neoforge-1.21.1-21.1.35.jar
waystones	waystones:mossy_waystone	waystones-neoforge-1.21.1-21.1.35.jar
waystones	waystones:orange_portstone	waystones-neoforge-1.21.1-21.1.35.jar
waystones	waystones:orange_sharestone	waystones-neoforge-1.21.1-21.1.35.jar
waystones	waystones:pink_portstone	waystones-neoforge-1.21.1-21.1.35.jar
waystones	waystones:pink_sharestone	waystones-neoforge-1.21.1-21.1.35.jar
waystones	waystones:portal_scroll	waystones-neoforge-1.21.1-21.1.35.jar
waystones	waystones:portstone	waystones-neoforge-1.21.1-21.1.35.jar
waystones	waystones:purple_portstone	waystones-neoforge-1.21.1-21.1.35.jar
waystones	waystones:purple_sharestone	waystones-neoforge-1.21.1-21.1.35.jar
waystones	waystones:red_portstone	waystones-neoforge-1.21.1-21.1.35.jar
waystones	waystones:red_sharestone	waystones-neoforge-1.21.1-21.1.35.jar
waystones	waystones:return_scroll	waystones-neoforge-1.21.1-21.1.35.jar
waystones	waystones:sandy_waystone	waystones-neoforge-1.21.1-21.1.35.jar
waystones	waystones:sharestone	waystones-neoforge-1.21.1-21.1.35.jar
waystones	waystones:twinbound_feather	waystones-neoforge-1.21.1-21.1.35.jar
waystones	waystones:twinbound_feather_brushing_0	waystones-neoforge-1.21.1-21.1.35.jar
waystones	waystones:twinbound_feather_brushing_1	waystones-neoforge-1.21.1-21.1.35.jar
waystones	waystones:twinbound_feather_brushing_2	waystones-neoforge-1.21.1-21.1.35.jar
waystones	waystones:warp_dust	waystones-neoforge-1.21.1-21.1.35.jar
waystones	waystones:warp_plate	waystones-neoforge-1.21.1-21.1.35.jar
waystones	waystones:warp_scroll	waystones-neoforge-1.21.1-21.1.35.jar
waystones	waystones:warp_stone	waystones-neoforge-1.21.1-21.1.35.jar
waystones	waystones:waystone	waystones-neoforge-1.21.1-21.1.35.jar
waystones	waystones:white_portstone	waystones-neoforge-1.21.1-21.1.35.jar
waystones	waystones:yellow_portstone	waystones-neoforge-1.21.1-21.1.35.jar
waystones	waystones:yellow_sharestone	waystones-neoforge-1.21.1-21.1.35.jar
wind_spellbooks	wind_spellbooks:aeromancer_boots	wind_spellbooks-1.0.4.jar
wind_spellbooks	wind_spellbooks:aeromancer_chestplate	wind_spellbooks-1.0.4.jar
wind_spellbooks	wind_spellbooks:aeromancer_helmet	wind_spellbooks-1.0.4.jar
wind_spellbooks	wind_spellbooks:aeromancer_leggings	wind_spellbooks-1.0.4.jar
wind_spellbooks	wind_spellbooks:affinity_ring_wind	wind_spellbooks-1.0.4.jar
wind_spellbooks	wind_spellbooks:scroll_wind	wind_spellbooks-1.0.4.jar
wind_spellbooks	wind_spellbooks:wind_rune	wind_spellbooks-1.0.4.jar
wind_spellbooks	wind_spellbooks:wind_spell_book	wind_spellbooks-1.0.4.jar
wind_spellbooks	wind_spellbooks:wind_staff	wind_spellbooks-1.0.4.jar
wind_spellbooks	wind_spellbooks:wind_upgrade_orb	wind_spellbooks-1.0.4.jar
xbbsroaringknightmod	xbbsroaringknightmod:defeat_roaring_knight_advancement	xbbsroaringknightmod-2.0.1-1.21.1-NeoForge.jar
xbbsroaringknightmod	xbbsroaringknightmod:heal_prayer	xbbsroaringknightmod-2.0.1-1.21.1-NeoForge.jar
xbbsroaringknightmod	xbbsroaringknightmod:knife	xbbsroaringknightmod-2.0.1-1.21.1-NeoForge.jar
xbbsroaringknightmod	xbbsroaringknightmod:kris_sword	xbbsroaringknightmod-2.0.1-1.21.1-NeoForge.jar
xbbsroaringknightmod	xbbsroaringknightmod:root_advancement	xbbsroaringknightmod-2.0.1-1.21.1-NeoForge.jar
xbbsroaringknightmod	xbbsroaringknightmod:shadow_crystal	xbbsroaringknightmod-2.0.1-1.21.1-NeoForge.jar
xbbsroaringknightmod	xbbsroaringknightmod:spawn_roaring_knight_advancement	xbbsroaringknightmod-2.0.1-1.21.1-NeoForge.jar
xbbsroaringknightmod	xbbsroaringknightmod:susie_axe	xbbsroaringknightmod-2.0.1-1.21.1-NeoForge.jar
xbbsroaringknightmod	xbbsroaringknightmod:ultra_heal	xbbsroaringknightmod-2.0.1-1.21.1-NeoForge.jar
